gsm,stage,hp,n_epithelial,n_detected,n_prefilter,n_qc,position
GSM7966226,GC,neg,364,1754111,5769,3262,18.94295356087812
GSM7966227,GC,neg,536,1254059,7286,6148,17.109743125372024
GSM7966228,GC,neg,2967,1134516,10221,6383,16.863938034915545
GSM7966229,GC,pos,1790,1111795,11305,7962,16.05554754343731
GSM7966230,GC,pos,2816,907320,8687,6391,19.302656098173042
GSM7966231,GC,pos,3274,1226941,8959,6317,19.02187564573027
GSM7966232,GS,neg,508,1342711,6787,5782,11.774473133486746
GSM7966233,GS,neg,1095,1131774,7676,5238,7.873479036007094
GSM7966234,GS,neg,643,1078725,9105,3290,8.268219173574701
GSM7966235,GS,pos,981,849509,4194,2481,15.51903327665101
GSM7966236,GS,pos,452,980789,6968,5471,8.736636311933278
GSM7966237,GS,pos,1351,1185188,11385,4227,13.682671384241855
GSM7966238,IM,neg,100,929979,7700,7272,12.326517883031277
GSM7966239,IM,neg,599,1080176,6820,5538,12.507153311696518
GSM7966240,IM,neg,804,1027933,11086,9225,9.081714785984714
GSM7966241,IM,pos,826,885553,9740,8153,11.699935244248072
GSM7966242,IM,pos,210,923319,6967,5840,10.534692962045762
GSM7966243,IM,pos,333,884259,4531,2990,12.101246752866782
