gene,n_hp_pos_drop_gt0,n_hp_neg_drop_gt0
HSP90AA1,3,3
HSP90AB1,3,3
RPS8,3,3
RPS4X,3,3
RPL21,3,3
RPL23,3,3
RPL11,3,3
RPL32,3,3
RPL26,3,3
RPL30,3,3
RPS20,3,3
RPL34,3,3
RPL36,3,3
RPL24,3,3
RPL14,3,3
H3F3A,3,3
RPL31,3,3
HNRNPA1,3,3
PPDPF,3,3
PFDN5,3,3
HSPH1,3,3
SET,3,3
SRRM2,3,3
NAP1L1,3,3
EIF4A2,3,3
DDX17,3,3
MARCKS,3,3
GTF2I,3,3
CLU,3,3
NOP53,3,3
SRSF11,3,3
PTMS,3,3
WSB1,3,3
NPDC1,3,3
FOXP1,3,3
EIF5,3,3
EIF1AX,3,3
SNU13,3,3
LUC7L3,3,3
EID1,3,3
CIRBP,3,3
RBM25,3,3
BPTF,3,3
SRRM1,3,3
PHPT1,3,3
CCNI,3,3
ASH1L,3,3
WDR83OS,3,3
CSDE1,3,3
SF1,3,3
NENF,3,3
IRF2BP2,3,3
KMT2A,3,3
H1FX,3,3
IDS,3,3
TSTD1,3,3
RPP21,3,3
BRK1,3,3
ARID4B,3,3
BDP1,3,3
KRT10,3,3
SRSF10,3,3
SH3YL1,3,3
ANAPC16,3,3
KMT2C,3,3
NME3,3,3
PUM1,3,3
DHX36,3,3
NONO,3,3
TTC3,3,3
RHEB,3,3
NSD3,3,3
STMN1,3,3
WAC,3,3
RSF1,3,3
NKTR,3,3
BBX,3,3
TRIM44,3,3
RANBP2,3,3
NFIC,3,3
CCDC85B,3,3
MAP3K13,3,3
PRKAR1A,3,3
ATP13A3,3,3
RNPS1,3,3
YTHDC1,3,3
PHIP,3,3
ZBTB20,3,3
SEZ6L2,3,3
CKB,3,3
PRRC2B,3,3
CARHSP1,3,3
EMC10,3,3
EIF1B,3,3
RSL24D1,3,3
PABPN1,3,3
SERINC3,3,3
MAP1LC3A,3,3
GNG10,3,3
MYCBP2,3,3
PMEPA1,3,3
MDM4,3,3
ZNF106,3,3
RBM5,3,3
REV3L,3,3
ACTN1,3,3
MSI2,3,3
CRIP2,3,3
CELF1,3,3
SUMF2,3,3
CDC5L,3,3
PSMA3-AS1,3,3
ATP6AP1,3,3
RYBP,3,3
FAAP20,3,3
SINHCAF,3,3
LONP2,3,3
RNMT,3,3
CSNK1E,3,3
NGRN,3,3
SRSF6,3,3
OGA,3,3
ZNF148,3,3
OFD1,3,3
GPATCH2L,3,3
USP9X,3,3
KDM5A,3,3
ZNF428,3,3
TACC1,3,3
ARFGEF3,3,3
SMAD5,3,3
GTF2H5,3,3
USP47,3,3
SUGP2,3,3
POGZ,3,3
ESF1,3,3
BTG3,3,3
ADNP,3,3
RBM26,3,3
RCAN3,3,3
VEZF1,3,3
GSE1,3,3
APPL1,3,3
AFTPH,3,3
SLC25A36,3,3
TAOK1,3,3
CERT1,3,3
FUNDC2,3,3
FAM210B,3,3
HOOK3,3,3
LTBP3,3,3
NBEAL2,3,3
SSBP4,3,3
ZMYM2,3,3
HIPK2,3,3
QDPR,3,3
MARCH6,3,3
LUC7L,3,3
ARL3,3,3
ABI2,3,3
RUFY3,3,3
MAN1A2,3,3
CEP57,3,3
PTPRK,3,3
SLC7A1,3,3
TEAD1,3,3
P4HTM,3,3
PTOV1,3,3
PBX1,3,3
MLLT6,3,3
PLXNA2,3,3
ZFHX3,3,3
AGO3,3,3
DAAM1,3,3
KLC1,3,3
TUG1,3,3
IFT57,3,3
USF2,3,3
USP36,3,3
TSPYL1,3,3
NBDY,3,3
PRSS23,3,3
ATP9A,3,3
NCOR2,3,3
TMEM245,3,3
CD320,3,3
FOXJ3,3,3
FOXA2,3,3
NUDT3,3,3
SMIM30,3,3
ONECUT3,3,2
ZNF24,3,3
JPT2,3,3
ARID1A,3,3
UBN2,3,3
CABIN1,3,3
ALDH9A1,3,3
KPNA6,3,3
ZNF451,3,3
DYNLL2,3,3
MCRIP1,3,3
FBXO21,3,3
CDK10,3,3
HERC1,3,3
ATP2B4,3,3
HECTD4,3,3
TNKS2,3,3
TLE3,3,3
TRAPPC6A,3,3
MAGI1,3,3
ARIH2,3,3
HIPK1,3,3
BLOC1S6,3,3
ARSD,3,3
ARHGEF28,3,3
SBNO1,3,3
SYMPK,3,3
POM121C,3,3
TTC17,3,3
PLCB4,3,3
WDR6,3,3
PIAS1,3,3
CYLD,3,3
DGCR6L,3,3
AGPAT5,3,3
AC118549.1,3,3
YLPM1,3,3
TP53BP1,3,3
HELZ,3,3
PPHLN1,3,3
KIF9,3,3
DENND4A,3,3
LRIG1,3,3
UBXN7,3,3
GCH1,3,3
OTUD4,3,3
SNHG19,3,3
TXLNA,3,3
RDX,3,3
CCNB1IP1,3,3
MED1,3,3
TRIM33,3,3
CYHR1,3,3
PEMT,3,3
ZRANB1,3,3
BTAF1,3,3
PFN2,3,3
MORN2,3,3
TM2D1,3,3
HMGCR,3,3
RBM12,3,3
ZNF791,3,3
BCAM,3,3
USP11,3,3
MED28,3,3
NR3C1,3,3
NF1,3,3
CBFA2T2,3,3
ZMYM5,3,3
CHDH,3,3
CCNT1,3,3
PKN1,3,3
GABPB1-AS1,3,3
PRPF38A,3,3
DCP1A,3,3
PLEKHA3,3,3
CAMK2G,3,3
NUP58,3,3
SURF2,3,3
ANKH,3,3
TAF3,3,3
ZFX,3,3
CBFB,3,3
GRAMD1A,3,3
RGL2,3,3
PPT1,3,3
PAF1,3,3
MIB1,3,3
TMEM9,3,3
JADE1,3,3
EPN2,3,3
CEP164,3,3
PARD3,3,3
SMURF2,3,3
TBCD,3,3
PHF10,3,3
MED19,3,3
UVRAG,3,3
TXLNG,3,3
CACUL1,3,3
SYT13,3,3
ARHGAP24,3,3
SNX27,3,3
OAZ2,3,3
SIK2,3,3
DCAF10,3,3
MED21,3,3
CDIPT,3,3
PTRH1,3,3
YY1AP1,3,3
ING5,3,3
YAF2,3,3
GALNT11,3,3
NISCH,3,3
HGSNAT,3,3
APMAP,3,3
ANKRD26,3,3
RETREG2,3,3
C1orf52,3,3
TOMM34,3,3
INTS3,3,3
ELP2,3,3
GGA2,3,3
OTUD5,3,3
KLHL42,3,3
SPATA20,3,3
RTL8C,3,3
TSC1,3,3
GNS,3,3
MDP1,3,3
CLN8,3,3
LYRM1,3,3
RRN3,3,3
YTHDF1,3,3
SLC39A6,3,3
CDS2,3,3
ZMIZ2,3,3
TM2D3,3,3
POLR3E,3,3
SWI5,3,3
MTHFD2L,3,3
CORO7,3,3
TMEM35B,3,3
ZDHHC4,3,3
GPAT4,3,3
PIAS2,3,3
ROGDI,3,3
NPEPL1,3,3
ATXN3,3,3
RAPGEF6,3,3
GATC,3,3
SPIN1,3,3
PLA2G12A,3,3
AGO1,3,3
GIGYF1,3,3
CHERP,3,3
PM20D2,3,3
KLHL36,3,3
SCAF4,3,3
IPO9,3,3
PKD1,3,3
WDR59,3,3
RRP1B,3,3
ACYP1,3,3
MAN2C1,3,3
MAD1L1,3,3
TOGARAM1,3,3
EIF3J-DT,3,3
DMWD,3,3
ZNF618,3,3
CXXC1,3,3
TTLL3,3,3
DEAF1,3,3
ZCCHC3,3,3
WDR48,3,3
DCAF1,3,3
ZNF281,3,3
IP6K1,3,3
NOL3,3,3
KLHDC4,3,3
VPS8,3,3
TSPAN31,3,3
SLC35E3,3,3
ING3,3,3
TNRC6C,3,3
POMGNT1,3,3
OPA3,3,3
MFSD14A,3,3
TTC39C,3,3
UBE2O,3,3
ZNF277,3,3
POLR1C,3,3
ZMAT3,3,3
FDX2,3,3
BLMH,3,3
MADD,3,3
TTC28-AS1,3,3
PBX2,3,3
AC097376.3,3,3
TCEAL1,3,3
RXYLT1,3,3
ETV5,3,3
PIGX,3,3
GPR180,3,3
HMBOX1,3,3
SUPV3L1,3,3
DPF2,3,3
FEM1B,3,3
EDRF1,3,3
ZNF621,3,3
TESK1,3,3
ZNF264,3,3
MBTD1,3,3
PPM1L,3,3
XRCC1,3,3
LDLRAP1,3,3
KANSL3,3,3
STARD3NL,3,3
ESYT1,3,3
RNF41,3,3
RPS6KC1,3,3
RAB2B,3,3
PHTF1,3,3
TMCC1,3,3
MED27,3,3
ERCC3,3,3
