sample,gsm,group,pair,quantile,n_spots,median_signal,mean_signal
GC1,GSM7990473,primary,CCL2–CCR2,0.6,550,0.0,0.013986004150202291
GC1,GSM7990473,primary,CCL2–CCR2,0.75,155,0.0,0.012435931264931213
GC1,GSM7990473,primary,CCL2–CCR2,0.9,35,0.0,0.0
GC1,GSM7990473,primary,C3–C3AR1,0.6,550,0.0,0.19237034411022125
GC1,GSM7990473,primary,C3–C3AR1,0.75,155,0.0,0.1202188044848846
GC1,GSM7990473,primary,C3–C3AR1,0.9,35,0.0,0.0
GC1,GSM7990473,primary,SPP1–CD44,0.6,550,0.0,0.050126708292595634
GC1,GSM7990473,primary,SPP1–CD44,0.75,155,0.0,0.027373581358660116
GC1,GSM7990473,primary,SPP1–CD44,0.9,35,0.0,0.013604852308159079
GC1,GSM7990473,primary,TGFB1–TGFBR1,0.6,550,0.0,0.07983415440393202
GC1,GSM7990473,primary,TGFB1–TGFBR1,0.75,155,0.0,0.04587418890247192
GC1,GSM7990473,primary,TGFB1–TGFBR1,0.9,35,0.0,0.0
GC1,GSM7990473,primary,TGFB1–TGFBR2,0.6,550,0.0,0.13293072021137148
GC1,GSM7990473,primary,TGFB1–TGFBR2,0.75,155,0.0,0.07370894065020772
GC1,GSM7990473,primary,TGFB1–TGFBR2,0.9,35,0.0,0.012447641159341214
GC1,GSM7990473,primary,APP–CD74,0.6,550,2.9505466766294415,2.72880160235314
GC1,GSM7990473,primary,APP–CD74,0.75,155,1.9018009373313922,2.0312363521474004
GC1,GSM7990473,primary,APP–CD74,0.9,35,0.9171393296125648,0.9751370133566711
GC1,GSM7990473,primary,CD99–CD99,0.6,550,6.33930972966505,7.129406666576887
GC1,GSM7990473,primary,CD99–CD99,0.75,155,9.910970979420199,8.923885950200457
GC1,GSM7990473,primary,CD99–CD99,0.9,35,12.499565738346606,11.188264358518206
GC1,GSM7990473,primary,SEMA4D–PLXNB2,0.6,550,0.16388505342131737,0.28482001045791044
GC1,GSM7990473,primary,SEMA4D–PLXNB2,0.75,155,0.0,0.2148225196337499
GC1,GSM7990473,primary,SEMA4D–PLXNB2,0.9,35,0.0,0.1074710603467897
GC1,GSM7990473,primary,TGFB1–TGFBR_MIN,0.6,550,0.0,0.033284927469508355
GC1,GSM7990473,primary,TGFB1–TGFBR_MIN,0.75,155,0.0,0.020750949346872265
GC1,GSM7990473,primary,TGFB1–TGFBR_MIN,0.9,35,0.0,0.0
GC2,GSM7990474,primary,CCL2–CCR2,0.6,649,0.0,0.034944116814164275
GC2,GSM7990474,primary,CCL2–CCR2,0.75,208,0.0,0.03828504973208619
GC2,GSM7990474,primary,CCL2–CCR2,0.9,24,0.0,0.03647688907260805
GC2,GSM7990474,primary,C3–C3AR1,0.6,649,0.0,0.44534093157108406
GC2,GSM7990474,primary,C3–C3AR1,0.75,208,0.0,0.49269779031007965
GC2,GSM7990474,primary,C3–C3AR1,0.9,24,0.0,0.4723991801157627
GC2,GSM7990474,primary,SPP1–CD44,0.6,649,0.027237473193716128,0.0932475449066403
GC2,GSM7990474,primary,SPP1–CD44,0.75,208,0.0,0.0701249746325777
GC2,GSM7990474,primary,SPP1–CD44,0.9,24,0.0,0.04049443861389349
GC2,GSM7990474,primary,TGFB1–TGFBR1,0.6,649,0.0,0.10687197175125178
GC2,GSM7990474,primary,TGFB1–TGFBR1,0.75,208,0.0,0.11135113485387468
GC2,GSM7990474,primary,TGFB1–TGFBR1,0.9,24,0.0,0.02010415793579709
GC2,GSM7990474,primary,TGFB1–TGFBR2,0.6,649,0.2696932259204665,0.307365811999684
GC2,GSM7990474,primary,TGFB1–TGFBR2,0.75,208,0.2721106736752509,0.3019087201195631
GC2,GSM7990474,primary,TGFB1–TGFBR2,0.9,24,0.23194506810212062,0.2709505315035192
GC2,GSM7990474,primary,APP–CD74,0.6,649,3.562341647293384,3.6108353654875804
GC2,GSM7990474,primary,APP–CD74,0.75,208,3.5663749023402476,3.625479562695846
GC2,GSM7990474,primary,APP–CD74,0.9,24,3.388532608275858,3.3250656501929208
GC2,GSM7990474,primary,CD99–CD99,0.6,649,1.7388443820636845,1.630316589186041
GC2,GSM7990474,primary,CD99–CD99,0.75,208,1.7296747700471427,1.5948333694511947
GC2,GSM7990474,primary,CD99–CD99,0.9,24,1.4661423407312744,1.4005301753828778
GC2,GSM7990474,primary,SEMA4D–PLXNB2,0.6,649,0.6742341334906469,0.6931830228016473
GC2,GSM7990474,primary,SEMA4D–PLXNB2,0.75,208,0.6175676654422286,0.6510209808629173
GC2,GSM7990474,primary,SEMA4D–PLXNB2,0.9,24,0.6399164859204942,0.7245223506267305
GC2,GSM7990474,primary,TGFB1–TGFBR_MIN,0.6,649,0.0,0.07579527581896532
GC2,GSM7990474,primary,TGFB1–TGFBR_MIN,0.75,208,0.0,0.07074411681618989
GC2,GSM7990474,primary,TGFB1–TGFBR_MIN,0.9,24,0.0,0.014333057048507042
GC3,GSM7990475,primary,CCL2–CCR2,0.6,571,0.0,0.015031408499344092
GC3,GSM7990475,primary,CCL2–CCR2,0.75,213,0.0,0.021320394849656366
GC3,GSM7990475,primary,CCL2–CCR2,0.9,18,0.0,0.032605865757986276
GC3,GSM7990475,primary,C3–C3AR1,0.6,571,0.0,0.21295321855106883
GC3,GSM7990475,primary,C3–C3AR1,0.75,213,0.0,0.26579541378057564
GC3,GSM7990475,primary,C3–C3AR1,0.9,18,0.0,0.10973473622055557
GC3,GSM7990475,primary,SPP1–CD44,0.6,571,0.041025575426062444,0.06735359482749792
GC3,GSM7990475,primary,SPP1–CD44,0.75,213,0.041025575426062444,0.06184895883179015
GC3,GSM7990475,primary,SPP1–CD44,0.9,18,0.021029385375683773,0.053569413758813154
GC3,GSM7990475,primary,TGFB1–TGFBR1,0.6,571,0.10632943566343567,0.12361575673964968
GC3,GSM7990475,primary,TGFB1–TGFBR1,0.75,213,0.09002102572220613,0.11812609519916421
GC3,GSM7990475,primary,TGFB1–TGFBR1,0.9,18,0.05467043646881524,0.11578140863620859
GC3,GSM7990475,primary,TGFB1–TGFBR2,0.6,571,0.12878648095599488,0.1455931685202967
GC3,GSM7990475,primary,TGFB1–TGFBR2,0.75,213,0.13441838549831248,0.15229488490314888
GC3,GSM7990475,primary,TGFB1–TGFBR2,0.9,18,0.04043810343084194,0.08091929636791519
GC3,GSM7990475,primary,APP–CD74,0.6,571,1.6334687790945956,1.6616094829935408
GC3,GSM7990475,primary,APP–CD74,0.75,213,1.7539649491416789,1.7722614803453467
GC3,GSM7990475,primary,APP–CD74,0.9,18,1.7294184499435652,1.7808166906925469
GC3,GSM7990475,primary,CD99–CD99,0.6,571,2.1188323477205415,2.020014151600665
GC3,GSM7990475,primary,CD99–CD99,0.75,213,2.170243151686757,2.0500659681059
GC3,GSM7990475,primary,CD99–CD99,0.9,18,2.2148670335164633,1.95327119660482
GC3,GSM7990475,primary,SEMA4D–PLXNB2,0.6,571,0.3359919691334312,0.3586408452031382
GC3,GSM7990475,primary,SEMA4D–PLXNB2,0.75,213,0.32600903403507997,0.348666717271589
GC3,GSM7990475,primary,SEMA4D–PLXNB2,0.9,18,0.24643181816038845,0.31625643380850976
GC3,GSM7990475,primary,TGFB1–TGFBR_MIN,0.6,571,0.04121259671558519,0.07758343384268343
GC3,GSM7990475,primary,TGFB1–TGFBR_MIN,0.75,213,0.019319847215424346,0.07903895851422307
GC3,GSM7990475,primary,TGFB1–TGFBR_MIN,0.9,18,0.0,0.04116433220905946
GC4,GSM7990476,primary,CCL2–CCR2,0.6,697,0.0,0.06094822828618125
GC4,GSM7990476,primary,CCL2–CCR2,0.75,199,0.0,0.05082139154941221
GC4,GSM7990476,primary,CCL2–CCR2,0.9,11,0.0,0.06965217667237028
GC4,GSM7990476,primary,C3–C3AR1,0.6,697,0.4174477803379158,0.5780931507989483
GC4,GSM7990476,primary,C3–C3AR1,0.75,199,0.0,0.5230681950319203
GC4,GSM7990476,primary,C3–C3AR1,0.9,11,0.0,0.31859321422043574
GC4,GSM7990476,primary,SPP1–CD44,0.6,697,0.06628885796345729,0.1017093775685047
GC4,GSM7990476,primary,SPP1–CD44,0.75,199,0.038984137858588376,0.06208073131445464
GC4,GSM7990476,primary,SPP1–CD44,0.9,11,0.013004350961966987,0.033037795130110924
GC4,GSM7990476,primary,TGFB1–TGFBR1,0.6,697,0.0723893117443241,0.10084182008802116
GC4,GSM7990476,primary,TGFB1–TGFBR1,0.75,199,0.0,0.08729030304579266
GC4,GSM7990476,primary,TGFB1–TGFBR1,0.9,11,0.0,0.10538512244609387
GC4,GSM7990476,primary,TGFB1–TGFBR2,0.6,697,0.18020738977428766,0.21027676025391343
GC4,GSM7990476,primary,TGFB1–TGFBR2,0.75,199,0.15955267947531598,0.19898657773579365
GC4,GSM7990476,primary,TGFB1–TGFBR2,0.9,11,0.15456938526755631,0.20598388468646237
GC4,GSM7990476,primary,APP–CD74,0.6,697,3.057870591291021,3.0351906143607867
GC4,GSM7990476,primary,APP–CD74,0.75,199,2.1539210906032635,2.41244814849892
GC4,GSM7990476,primary,APP–CD74,0.9,11,1.2844350894415655,1.6194942075275613
GC4,GSM7990476,primary,CD99–CD99,0.6,697,1.7636834201550915,1.750218896304914
GC4,GSM7990476,primary,CD99–CD99,0.75,199,1.4539670027667122,1.4564082412763535
GC4,GSM7990476,primary,CD99–CD99,0.9,11,1.1805915116488943,1.1835538563864305
GC4,GSM7990476,primary,SEMA4D–PLXNB2,0.6,697,0.5181923576997237,0.5267277694797422
GC4,GSM7990476,primary,SEMA4D–PLXNB2,0.75,199,0.3951441573913025,0.38053804330901947
GC4,GSM7990476,primary,SEMA4D–PLXNB2,0.9,11,0.3700699220244357,0.2562912507258585
GC4,GSM7990476,primary,TGFB1–TGFBR_MIN,0.6,697,0.0,0.0771073017281565
GC4,GSM7990476,primary,TGFB1–TGFBR_MIN,0.75,199,0.0,0.058205139313366794
GC4,GSM7990476,primary,TGFB1–TGFBR_MIN,0.9,11,0.0,0.040583989664468544
GC5,GSM7990477,primary,CCL2–CCR2,0.6,726,0.0,0.005096225024656961
GC5,GSM7990477,primary,CCL2–CCR2,0.75,350,0.0,0.006783236508624993
GC5,GSM7990477,primary,CCL2–CCR2,0.9,81,0.0,0.02358036380592313
GC5,GSM7990477,primary,C3–C3AR1,0.6,726,0.0,0.23828718734366897
GC5,GSM7990477,primary,C3–C3AR1,0.75,350,0.0,0.30545055827916573
GC5,GSM7990477,primary,C3–C3AR1,0.9,81,0.0,0.45443021606240036
GC5,GSM7990477,primary,SPP1–CD44,0.6,726,0.6498441692947129,0.7145919985218643
GC5,GSM7990477,primary,SPP1–CD44,0.75,350,0.7662273826614667,0.8076745212091337
GC5,GSM7990477,primary,SPP1–CD44,0.9,81,0.9309986211193078,0.9325938780099636
GC5,GSM7990477,primary,TGFB1–TGFBR1,0.6,726,0.10584790602363367,0.1341785268449852
GC5,GSM7990477,primary,TGFB1–TGFBR1,0.75,350,0.12066277735377096,0.14213050294530774
GC5,GSM7990477,primary,TGFB1–TGFBR1,0.9,81,0.10672671768356379,0.14442002178650357
GC5,GSM7990477,primary,TGFB1–TGFBR2,0.6,726,0.10551118233659795,0.13203659361863512
GC5,GSM7990477,primary,TGFB1–TGFBR2,0.75,350,0.10853971493239475,0.13561848226068524
GC5,GSM7990477,primary,TGFB1–TGFBR2,0.9,81,0.07669495233064705,0.12944297009536923
GC5,GSM7990477,primary,APP–CD74,0.6,726,1.499531068510667,1.5198898402236083
GC5,GSM7990477,primary,APP–CD74,0.75,350,1.662825227913308,1.6783936754990672
GC5,GSM7990477,primary,APP–CD74,0.9,81,1.8444663989315444,1.9152951769955753
GC5,GSM7990477,primary,CD99–CD99,0.6,726,2.2100887201866812,2.181636257615226
GC5,GSM7990477,primary,CD99–CD99,0.75,350,2.242554060636614,2.2131668820149155
GC5,GSM7990477,primary,CD99–CD99,0.9,81,2.2859141924474295,2.217097611602408
GC5,GSM7990477,primary,SEMA4D–PLXNB2,0.6,726,0.1559219968525512,0.178779414517399
GC5,GSM7990477,primary,SEMA4D–PLXNB2,0.75,350,0.1625621669551957,0.1832498492496032
GC5,GSM7990477,primary,SEMA4D–PLXNB2,0.9,81,0.15297429926500783,0.18791704207005475
GC5,GSM7990477,primary,TGFB1–TGFBR_MIN,0.6,726,0.0,0.0726822334937808
GC5,GSM7990477,primary,TGFB1–TGFBR_MIN,0.75,350,0.0,0.07091055801741245
GC5,GSM7990477,primary,TGFB1–TGFBR_MIN,0.9,81,0.0,0.06379019128540273
GC6,GSM7990478,primary,CCL2–CCR2,0.6,362,0.0,0.034689490500756204
GC6,GSM7990478,primary,CCL2–CCR2,0.75,147,0.0,0.048638072633235205
GC6,GSM7990478,primary,CCL2–CCR2,0.9,25,0.0,0.053988396153621665
GC6,GSM7990478,primary,C3–C3AR1,0.6,362,0.0,1.1033407876967736
GC6,GSM7990478,primary,C3–C3AR1,0.75,147,0.0,1.2296375302128097
GC6,GSM7990478,primary,C3–C3AR1,0.9,25,0.0,1.5256831072167762
GC6,GSM7990478,primary,SPP1–CD44,0.6,362,0.24858955569641153,0.3669088763793898
GC6,GSM7990478,primary,SPP1–CD44,0.75,147,0.25248637173939414,0.384673418260923
GC6,GSM7990478,primary,SPP1–CD44,0.9,25,0.19226470103943427,0.36886631075818316
GC6,GSM7990478,primary,TGFB1–TGFBR1,0.6,362,0.0,0.18228184365523895
GC6,GSM7990478,primary,TGFB1–TGFBR1,0.75,147,0.0,0.16865165814033234
GC6,GSM7990478,primary,TGFB1–TGFBR1,0.9,25,0.0,0.21757954801873702
GC6,GSM7990478,primary,TGFB1–TGFBR2,0.6,362,0.0,0.3595227768892476
GC6,GSM7990478,primary,TGFB1–TGFBR2,0.75,147,0.08028785524795505,0.4008117379332382
GC6,GSM7990478,primary,TGFB1–TGFBR2,0.9,25,0.0,0.3989814255074468
GC6,GSM7990478,primary,APP–CD74,0.6,362,4.621426978381541,4.48207499611382
GC6,GSM7990478,primary,APP–CD74,0.75,147,4.960357711087127,4.88645959723499
GC6,GSM7990478,primary,APP–CD74,0.9,25,5.240848505633646,5.197677384797994
GC6,GSM7990478,primary,CD99–CD99,0.6,362,1.5402645398547457,1.5232741351964318
GC6,GSM7990478,primary,CD99–CD99,0.75,147,1.6608489641450497,1.748130362909124
GC6,GSM7990478,primary,CD99–CD99,0.9,25,2.159392172897706,1.8994220701193063
GC6,GSM7990478,primary,SEMA4D–PLXNB2,0.6,362,0.1116017373254536,0.16507840927157366
GC6,GSM7990478,primary,SEMA4D–PLXNB2,0.75,147,0.09125389794970336,0.1583650813871262
GC6,GSM7990478,primary,SEMA4D–PLXNB2,0.9,25,0.0,0.13605057272975868
GC6,GSM7990478,primary,TGFB1–TGFBR_MIN,0.6,362,0.0,0.0924597351484753
GC6,GSM7990478,primary,TGFB1–TGFBR_MIN,0.75,147,0.0,0.09425303896424976
GC6,GSM7990478,primary,TGFB1–TGFBR_MIN,0.9,25,0.0,0.09398408904801593
GC6-PM,GSM7990479,metastasis_site_unspecified,CCL2–CCR2,0.6,346,0.0,0.04188799846098249
GC6-PM,GSM7990479,metastasis_site_unspecified,CCL2–CCR2,0.75,93,0.0,0.02128997035093095
GC6-PM,GSM7990479,metastasis_site_unspecified,CCL2–CCR2,0.9,0,,
GC6-PM,GSM7990479,metastasis_site_unspecified,C3–C3AR1,0.6,346,0.0,0.8808372089827938
GC6-PM,GSM7990479,metastasis_site_unspecified,C3–C3AR1,0.75,93,0.0,0.900363284644769
GC6-PM,GSM7990479,metastasis_site_unspecified,C3–C3AR1,0.9,0,,
GC6-PM,GSM7990479,metastasis_site_unspecified,SPP1–CD44,0.6,346,0.0,0.11489190768248489
GC6-PM,GSM7990479,metastasis_site_unspecified,SPP1–CD44,0.75,93,0.0,0.07763228233356366
GC6-PM,GSM7990479,metastasis_site_unspecified,SPP1–CD44,0.9,0,,
GC6-PM,GSM7990479,metastasis_site_unspecified,TGFB1–TGFBR1,0.6,346,0.0,0.058533316705080676
GC6-PM,GSM7990479,metastasis_site_unspecified,TGFB1–TGFBR1,0.75,93,0.0,0.051826945132534066
GC6-PM,GSM7990479,metastasis_site_unspecified,TGFB1–TGFBR1,0.9,0,,
GC6-PM,GSM7990479,metastasis_site_unspecified,TGFB1–TGFBR2,0.6,346,0.0,0.25723795857665194
GC6-PM,GSM7990479,metastasis_site_unspecified,TGFB1–TGFBR2,0.75,93,0.0,0.16416979234887855
GC6-PM,GSM7990479,metastasis_site_unspecified,TGFB1–TGFBR2,0.9,0,,
GC6-PM,GSM7990479,metastasis_site_unspecified,APP–CD74,0.6,346,2.6309165216553936,2.591405171336782
GC6-PM,GSM7990479,metastasis_site_unspecified,APP–CD74,0.75,93,2.399749988457927,2.486442846652186
GC6-PM,GSM7990479,metastasis_site_unspecified,APP–CD74,0.9,0,,
GC6-PM,GSM7990479,metastasis_site_unspecified,CD99–CD99,0.6,346,0.0,0.8848670356714113
GC6-PM,GSM7990479,metastasis_site_unspecified,CD99–CD99,0.75,93,0.0,0.8009277996293744
GC6-PM,GSM7990479,metastasis_site_unspecified,CD99–CD99,0.9,0,,
GC6-PM,GSM7990479,metastasis_site_unspecified,SEMA4D–PLXNB2,0.6,346,0.0,0.058436554416520375
GC6-PM,GSM7990479,metastasis_site_unspecified,SEMA4D–PLXNB2,0.75,93,0.0,0.04470540574169575
GC6-PM,GSM7990479,metastasis_site_unspecified,SEMA4D–PLXNB2,0.9,0,,
GC6-PM,GSM7990479,metastasis_site_unspecified,TGFB1–TGFBR_MIN,0.6,346,0.0,0.028258382257167335
GC6-PM,GSM7990479,metastasis_site_unspecified,TGFB1–TGFBR_MIN,0.75,93,0.0,0.02632719710836949
GC6-PM,GSM7990479,metastasis_site_unspecified,TGFB1–TGFBR_MIN,0.9,0,,
GC7,GSM7990480,primary,CCL2–CCR2,0.6,282,0.0,0.00375289447515403
GC7,GSM7990480,primary,CCL2–CCR2,0.75,98,0.0,0.004400134427444975
GC7,GSM7990480,primary,CCL2–CCR2,0.9,12,0.0,0.0
GC7,GSM7990480,primary,C3–C3AR1,0.6,282,0.0,0.12042713003681534
GC7,GSM7990480,primary,C3–C3AR1,0.75,98,0.0,0.0953900617311013
GC7,GSM7990480,primary,C3–C3AR1,0.9,12,0.0,0.015563524782381913
GC7,GSM7990480,primary,SPP1–CD44,0.6,282,0.0,0.03261150581725591
GC7,GSM7990480,primary,SPP1–CD44,0.75,98,0.0,0.03366448442673271
GC7,GSM7990480,primary,SPP1–CD44,0.9,12,0.0,0.09143531858374632
GC7,GSM7990480,primary,TGFB1–TGFBR1,0.6,282,0.0,0.03144877547243072
GC7,GSM7990480,primary,TGFB1–TGFBR1,0.75,98,0.0,0.040279054477902816
GC7,GSM7990480,primary,TGFB1–TGFBR1,0.9,12,0.0,0.0
GC7,GSM7990480,primary,TGFB1–TGFBR2,0.6,282,0.0,0.14730174734352156
GC7,GSM7990480,primary,TGFB1–TGFBR2,0.75,98,0.0,0.16499981813987807
GC7,GSM7990480,primary,TGFB1–TGFBR2,0.9,12,0.0,0.147387181947438
GC7,GSM7990480,primary,APP–CD74,0.6,282,1.917608454580673,1.9137066751935143
GC7,GSM7990480,primary,APP–CD74,0.75,98,2.018613898717424,2.108948359409809
GC7,GSM7990480,primary,APP–CD74,0.9,12,1.9616301558310734,2.1601944604117844
GC7,GSM7990480,primary,CD99–CD99,0.6,282,0.7216137853278153,0.7605239703601656
GC7,GSM7990480,primary,CD99–CD99,0.75,98,0.6319854897094341,0.720133561054303
GC7,GSM7990480,primary,CD99–CD99,0.9,12,0.7108347057246167,0.6881354230509431
GC7,GSM7990480,primary,SEMA4D–PLXNB2,0.6,282,0.14987272798952844,0.19913170897714425
GC7,GSM7990480,primary,SEMA4D–PLXNB2,0.75,98,0.14281072661564131,0.2092878321436087
GC7,GSM7990480,primary,SEMA4D–PLXNB2,0.9,12,0.05530915797304591,0.1749395414466125
GC7,GSM7990480,primary,TGFB1–TGFBR_MIN,0.6,282,0.0,0.01983698169590723
GC7,GSM7990480,primary,TGFB1–TGFBR_MIN,0.75,98,0.0,0.021280590445748128
GC7,GSM7990480,primary,TGFB1–TGFBR_MIN,0.9,12,0.0,0.0
GC8,GSM7990481,primary,CCL2–CCR2,0.6,361,0.0,0.001271378750708608
GC8,GSM7990481,primary,CCL2–CCR2,0.75,109,0.0,0.0
GC8,GSM7990481,primary,CCL2–CCR2,0.9,18,0.0,0.0
GC8,GSM7990481,primary,C3–C3AR1,0.6,361,0.0,0.24463549743019652
GC8,GSM7990481,primary,C3–C3AR1,0.75,109,0.0,0.13198796968062707
GC8,GSM7990481,primary,C3–C3AR1,0.9,18,0.0,0.0
GC8,GSM7990481,primary,SPP1–CD44,0.6,361,0.0,0.00307510986286259
GC8,GSM7990481,primary,SPP1–CD44,0.75,109,0.0,0.0027826423481125033
GC8,GSM7990481,primary,SPP1–CD44,0.9,18,0.0,0.0
GC8,GSM7990481,primary,TGFB1–TGFBR1,0.6,361,0.0,0.02688238424175153
GC8,GSM7990481,primary,TGFB1–TGFBR1,0.75,109,0.0,0.012547905146812558
GC8,GSM7990481,primary,TGFB1–TGFBR1,0.9,18,0.0,0.0
GC8,GSM7990481,primary,TGFB1–TGFBR2,0.6,361,0.0,0.08574642611149338
GC8,GSM7990481,primary,TGFB1–TGFBR2,0.75,109,0.0,0.057387387313956324
GC8,GSM7990481,primary,TGFB1–TGFBR2,0.9,18,0.0,0.048439001662571896
GC8,GSM7990481,primary,APP–CD74,0.6,361,1.8657476901596983,1.9866237916782465
GC8,GSM7990481,primary,APP–CD74,0.75,109,1.292466474761511,1.4751646030925412
GC8,GSM7990481,primary,APP–CD74,0.9,18,0.8838499475188835,0.8658338253892343
GC8,GSM7990481,primary,CD99–CD99,0.6,361,0.0,0.23339123824973929
GC8,GSM7990481,primary,CD99–CD99,0.75,109,0.0,0.07218939693371244
GC8,GSM7990481,primary,CD99–CD99,0.9,18,0.0,0.0
GC8,GSM7990481,primary,SEMA4D–PLXNB2,0.6,361,0.47987464558599413,0.5410951924203122
GC8,GSM7990481,primary,SEMA4D–PLXNB2,0.75,109,0.0,0.41201698086821553
GC8,GSM7990481,primary,SEMA4D–PLXNB2,0.9,18,0.0,0.30262742168646284
GC8,GSM7990481,primary,TGFB1–TGFBR_MIN,0.6,361,0.0,0.016047980996633918
GC8,GSM7990481,primary,TGFB1–TGFBR_MIN,0.75,109,0.0,0.009148699431175316
GC8,GSM7990481,primary,TGFB1–TGFBR_MIN,0.9,18,0.0,0.0
GC9,GSM7990482,primary,CCL2–CCR2,0.6,603,0.0,0.009538981057733735
GC9,GSM7990482,primary,CCL2–CCR2,0.75,218,0.0,0.008519258921968611
GC9,GSM7990482,primary,CCL2–CCR2,0.9,24,0.0,0.0
GC9,GSM7990482,primary,C3–C3AR1,0.6,603,0.0,0.6600138499843896
GC9,GSM7990482,primary,C3–C3AR1,0.75,218,0.0,0.7609373602920423
GC9,GSM7990482,primary,C3–C3AR1,0.9,24,0.0,0.722725402301411
GC9,GSM7990482,primary,SPP1–CD44,0.6,603,0.12793504814653614,0.23870441477120585
GC9,GSM7990482,primary,SPP1–CD44,0.75,218,0.12511963576716648,0.2389725589875003
GC9,GSM7990482,primary,SPP1–CD44,0.9,24,0.036561608233445966,0.14469928872900065
GC9,GSM7990482,primary,TGFB1–TGFBR1,0.6,603,0.0,0.11107448726044437
GC9,GSM7990482,primary,TGFB1–TGFBR1,0.75,218,0.0,0.1281919827347443
GC9,GSM7990482,primary,TGFB1–TGFBR1,0.9,24,0.0,0.1272942619376997
GC9,GSM7990482,primary,TGFB1–TGFBR2,0.6,603,0.27746659423599457,0.3449870767567679
GC9,GSM7990482,primary,TGFB1–TGFBR2,0.75,218,0.21419471136355636,0.34226757568882515
GC9,GSM7990482,primary,TGFB1–TGFBR2,0.9,24,0.0,0.2583293796225888
GC9,GSM7990482,primary,APP–CD74,0.6,603,3.8084943003031952,3.8219692789637287
GC9,GSM7990482,primary,APP–CD74,0.75,218,3.8272175215983983,3.8407702116835636
GC9,GSM7990482,primary,APP–CD74,0.9,24,3.57631739612461,3.7686605012161425
GC9,GSM7990482,primary,CD99–CD99,0.6,603,1.5674060625904453,1.613179657076895
GC9,GSM7990482,primary,CD99–CD99,0.75,218,1.7909418112256894,1.7662709432333654
GC9,GSM7990482,primary,CD99–CD99,0.9,24,2.0419997561461796,1.7804242929530403
GC9,GSM7990482,primary,SEMA4D–PLXNB2,0.6,603,0.16986898800423944,0.2270021619542171
GC9,GSM7990482,primary,SEMA4D–PLXNB2,0.75,218,0.1670982076652486,0.220367291059392
GC9,GSM7990482,primary,SEMA4D–PLXNB2,0.9,24,0.10152512422261917,0.20913305748122393
GC9,GSM7990482,primary,TGFB1–TGFBR_MIN,0.6,603,0.0,0.05905175393445869
GC9,GSM7990482,primary,TGFB1–TGFBR_MIN,0.75,218,0.0,0.07015559700123296
GC9,GSM7990482,primary,TGFB1–TGFBR_MIN,0.9,24,0.0,0.0729070887661116
