sample,gsm,group,radius_um,correlation,null_p95,perm_p,excess,shift_match,n_spots
GC1,GSM7990473,primary,100.0,0.10217564904526831,0.11692239087116299,0.16417910447761194,-0.01474674182589468,0.8479202988792031,3212
GC1,GSM7990473,primary,150.0,0.11209675160371765,0.13440548175939968,0.1890547263681592,-0.02230873015568202,0.8479202988792031,3212
GC1,GSM7990473,primary,200.0,0.11933708797179073,0.1448395763842454,0.1791044776119403,-0.025502488412454685,0.8479202988792031,3212
GC1,GSM7990473,primary,300.0,0.13327005918961018,0.1572207402265253,0.1791044776119403,-0.02395068103691511,0.8479202988792031,3212
GC2,GSM7990474,primary,100.0,0.09885202485071647,0.14131987575516866,0.24875621890547264,-0.042467850904452195,0.915717810150376,4256
GC2,GSM7990474,primary,150.0,0.09776093644843917,0.15489793944894778,0.30845771144278605,-0.05713700300050861,0.915717810150376,4256
GC2,GSM7990474,primary,200.0,0.09536583287169799,0.1649078662661009,0.3582089552238806,-0.06954203339440292,0.915717810150376,4256
GC2,GSM7990474,primary,300.0,0.09916129163896523,0.17886352375517572,0.39303482587064675,-0.0797022321162105,0.915717810150376,4256
GC3,GSM7990475,primary,100.0,0.18480237080845155,0.20027218938320154,0.1791044776119403,-0.015469818574749994,0.9108925049309664,3042
GC3,GSM7990475,primary,150.0,0.18604215849963315,0.20766619521625249,0.39303482587064675,-0.021624036716619333,0.9108925049309664,3042
GC3,GSM7990475,primary,200.0,0.18397909495851075,0.21545356145325859,0.4527363184079602,-0.03147446649474783,0.9108925049309664,3042
GC3,GSM7990475,primary,300.0,0.18311653430426364,0.2291387525231605,0.5024875621890548,-0.04602221821889685,0.9108925049309664,3042
GC4,GSM7990476,primary,100.0,0.34586600453489585,0.37954037517116507,0.24875621890547264,-0.03367437063626921,0.8930497289653547,4243
GC4,GSM7990476,primary,150.0,0.3579156985808353,0.4144943089380518,0.4228855721393035,-0.05657861035721651,0.8930497289653547,4243
GC4,GSM7990476,primary,200.0,0.37123484953910363,0.42894357506192965,0.4079601990049751,-0.05770872552282602,0.8930497289653547,4243
GC4,GSM7990476,primary,300.0,0.39542534150765757,0.46191152922982504,0.4577114427860697,-0.06648618772216747,0.8930497289653547,4243
GC5,GSM7990477,primary,100.0,0.3776098565277106,0.29233668735963275,0.004975124378109453,0.08527316916807787,0.8908456807380486,3577
GC5,GSM7990477,primary,150.0,0.38642996946825336,0.31738518409237687,0.004975124378109453,0.0690447853758765,0.8908456807380486,3577
GC5,GSM7990477,primary,200.0,0.38442264959836275,0.32750977662650316,0.004975124378109453,0.056912872971859596,0.8908456807380486,3577
GC5,GSM7990477,primary,300.0,0.37196612240286536,0.33847487936662474,0.004975124378109453,0.033491243036240625,0.8908456807380486,3577
GC6,GSM7990478,primary,100.0,0.22673557688514281,0.1966767049119346,0.004975124378109453,0.030058871973208223,0.8849276859504133,2420
GC6,GSM7990478,primary,150.0,0.24111581371849172,0.22124214331522196,0.004975124378109453,0.01987367040326976,0.8849276859504133,2420
GC6,GSM7990478,primary,200.0,0.2513437895671007,0.22130947769520234,0.004975124378109453,0.03003431187189834,0.8849276859504133,2420
GC6,GSM7990478,primary,300.0,0.25819094718658664,0.24123029247819133,0.004975124378109453,0.016960654708395306,0.8849276859504133,2420
GC6-PM,GSM7990479,metastasis_site_unspecified,100.0,-0.09666157995993675,-0.012972824050034498,0.6119402985074627,-0.08368875590990225,0.8892854234527686,2456
GC6-PM,GSM7990479,metastasis_site_unspecified,150.0,-0.10292082209860011,-0.014863547790345235,0.6069651741293532,-0.08805727430825487,0.8892854234527686,2456
GC6-PM,GSM7990479,metastasis_site_unspecified,200.0,-0.11381147106605195,-0.032235229986047956,0.6119402985074627,-0.081576241080004,0.8892854234527686,2456
GC6-PM,GSM7990479,metastasis_site_unspecified,300.0,-0.11165586795028301,-0.046865292601636376,0.5572139303482587,-0.06479057534864663,0.8892854234527686,2456
GC7,GSM7990480,primary,100.0,0.1168483611892848,0.12646307164620868,0.07960199004975124,-0.009614710456923886,0.8330042918454934,1864
GC7,GSM7990480,primary,150.0,0.15565055939835856,0.1312452014264844,0.004975124378109453,0.024405357971874153,0.8330042918454934,1864
GC7,GSM7990480,primary,200.0,0.14654187177575181,0.12881270495946234,0.01990049751243781,0.01772916681628947,0.8330042918454934,1864
GC7,GSM7990480,primary,300.0,0.16082707435620683,0.1525484072368644,0.01990049751243781,0.008278667119342442,0.8330042918454934,1864
GC8,GSM7990481,primary,100.0,0.02150427135671863,0.06124007815577553,0.5074626865671642,-0.0397358067990569,0.8737334874504623,3028
GC8,GSM7990481,primary,150.0,0.01864282358553143,0.059137678697046885,0.5970149253731343,-0.04049485511151545,0.8737334874504623,3028
GC8,GSM7990481,primary,200.0,0.03871802532081528,0.06421829223443172,0.3582089552238806,-0.02550026691361644,0.8737334874504623,3028
GC8,GSM7990481,primary,300.0,0.028764003743811085,0.0694871053876684,0.44776119402985076,-0.04072310164385732,0.8737334874504623,3028
GC9,GSM7990482,primary,100.0,0.40592641675938906,0.3797800496567888,0.004975124378109453,0.026146367102600265,0.9128870412844037,3488
GC9,GSM7990482,primary,150.0,0.41945078061440555,0.4136957643853321,0.014925373134328358,0.005755016229073429,0.9128870412844037,3488
GC9,GSM7990482,primary,200.0,0.4286408623033196,0.4221649743356416,0.01990049751243781,0.006475887967678007,0.9128870412844037,3488
GC9,GSM7990482,primary,300.0,0.44147037398509287,0.4533086818470228,0.19900497512437812,-0.011838307861929909,0.9128870412844037,3488
