pair,radius_um,n_sections,median_score,median_score_low,median_score_high,median_excess,median_excess_low,median_excess_high,n_sections_p_le_0.05,median_zero_weight_fraction
APP–CD74,150.0,9,2.6254881080296255,1.7028607863045746,3.6191485055479973,-0.06768732374239628,-0.13636743809178586,0.01472262854994355,2,0.010907773964628307
C3–C3AR1,150.0,9,0.222472585105507,0.16888002821940135,0.5400858463266941,-0.005243661193232274,-0.02235783151925308,-0.0021059830189449347,1,0.7573274974268438
CCL2–CCR2,150.0,9,0.012005843682481343,0.0033952236842432326,0.02570827946181348,-0.0006728354912465401,-0.002208878233478595,0.00041877127363789107,2,0.9737920137119133
CD99–CD99,150.0,9,1.7802422355582526,0.7246759952639182,2.1288243339100026,-0.021339354148680156,-0.03158128799324844,-0.005611306611879752,1,0.10331844517800602
SEMA4D–PLXNB2,150.0,9,0.27704509292789503,0.17827280201958226,0.6206479160517095,-0.014875856568986046,-0.023014508069574058,0.0020440691127034394,2,0.24954624782515694
SPP1–CD44,150.0,9,0.0881019434422278,0.03060350789741567,0.3349642016364379,-0.01756591404067108,-0.034785541929297545,-0.0030374496905041376,0,0.40287441536818325
TGFB1–TGFBR1,150.0,9,0.1003882324718939,0.028711872717700967,0.13241278877551232,-0.0016566372010448534,-0.006786480169346867,0.0008804832646110705,4,0.7124924220903356
TGFB1–TGFBR2,150.0,9,0.13344667858822892,0.10932030547995229,0.27305717968271276,-0.006192305839551437,-0.01229864574187052,-0.0001807921188644035,1,0.4887580349544588
TGFB1–TGFBR_MIN,150.0,9,0.060438925268030776,0.016188648314759465,0.07326885561849557,-0.0009917004797843285,-0.002075089905729296,0.0004583020722349618,3,0.8676828873173386
