sample,gsm,role,n_cells,n_fib,C3__fib,SPP1__fib,CCL2__fib,TGFB1__fib,CCR2__fib,C3AR1__fib,CD44__fib,TGFBR1__fib,TGFBR2__fib,n_mac,C3__mac,SPP1__mac,CCL2__mac,TGFB1__mac,CCR2__mac,C3AR1__mac,CD44__mac,TGFBR1__mac,TGFBR2__mac,n_epi,C3__epi,SPP1__epi,CCL2__epi,TGFB1__epi,CCR2__epi,C3AR1__epi,CD44__epi,TGFBR1__epi,TGFBR2__epi,n_t,C3__t,SPP1__t,CCL2__t,TGFB1__t,CCR2__t,C3AR1__t,CD44__t,TGFBR1__t,TGFBR2__t,n_unlabeled
19,GSM5573484,peritoneal_tumor,1215,474,2.0660224376316423,0.06763005348586135,0.6447468887359282,0.22630876559548369,0.0033141347954043793,0.0006079632630026551,0.7567510540488134,0.09385020079786192,1.137713344546813,119,0.077997390427048,0.20397158608084248,0.21745660480946213,0.4470851068405861,0.0,0.35312077255795776,1.0756235549670434,0.026084615044783734,0.4368805623129637,132,0.4057894917731265,0.27293307410141254,0.884566877449216,0.3274552388443173,0.0,0.0,0.12984245644581066,0.025426096900767418,1.261103891408594,237,0.03916863589693368,0.019848005640322474,0.02092662644073417,0.8264444775268002,0.08523288488581597,0.047192126118391756,1.4346314186223612,0.03637944213934791,0.2801859247269509,253
20,GSM5573485,peritoneal_tumor,4487,687,0.6376621798451212,0.07340835690231028,0.4217017221571083,0.490825441933732,0.0004207255919831523,0.003937088741691128,0.5440414926580338,0.08420963525684735,0.6013763000044626,554,0.8343819124688668,0.7293182416255424,0.5267828340923729,0.4799885851259153,0.04543154690853505,0.5656970823806097,0.6918543473976297,0.15091013548394602,0.5251005641413028,454,0.9584338479311879,0.06533187126151263,0.2503463306193509,0.34868498059992126,0.008319922391744216,0.003658514803742071,0.29876567111481817,0.10807352280262902,0.6732263186747581,2516,0.08720455123347863,0.026665235274747727,0.025762989113991035,0.6319004372215506,0.08571142735109764,0.053269876225842526,1.327356434045425,0.05859490925495309,0.37000434021540574,276
38,GSM5573503,peritoneal_tumor,1677,242,2.0323855312207595,0.020343259648796557,0.14700837294041735,0.22517508717204657,0.004553434799903673,0.005295563545962359,0.424610518261579,0.13502918854613963,0.8492615795698698,269,0.9290804890756763,0.7496700520937218,0.14282211500347985,0.5758751905379312,0.06282589874259675,0.5966320823804542,1.3020651632777904,0.2901015086800691,0.3955814727238387,637,1.985459264943854,0.0059442601123432135,0.23865722805621664,0.10165456844167946,0.0029791771013525058,0.0032653980978736455,0.24549765834909526,0.04784376451356119,0.3915864346973719,384,0.17854617255555216,0.019510251398518696,0.009979165965120782,0.8024819235416039,0.02548212469713249,0.06040023365948278,1.2863488151612061,0.09647160118386995,0.3647867117004641,145
37,GSM5573502,peritoneal_normal,186,46,2.1877415470474832,0.0,0.08880642300974446,0.1542998824318927,0.0,0.09561889949226415,0.7523147381523398,0.38498418979810334,1.337169548772568,22,0.29873491840658956,0.2620400537546617,0.011092469951030786,0.7958836615139425,0.01681796727702155,0.8481790257543159,1.777290652083296,0.10281004368868327,0.5572437873072759,17,,,,,,,,,,42,0.1275805318902426,0.0,0.0,1.5104350694041009,0.01573103987726678,0.05419118853455629,1.6789714887388818,0.14715849533316752,0.4189249845142785,59
2,GSM5573467,primary_tumor,2769,59,0.10493784502706781,0.08965818650868505,0.3367769748482661,0.47962420934582395,0.014761171442494739,0.0,0.9683614200576783,0.07177131917662158,0.43214740578122135,204,0.08515726610610155,1.7856186377564567,0.307264835131995,0.6013480130703635,0.037838673158591324,0.4489497301956213,1.7242208587346073,0.1480132070239846,0.2447039155673271,699,0.054573731937835275,0.07043282592947385,0.026143311534821682,0.25881733546492913,0.014643502202328313,0.011557481105948793,0.5154374041474317,0.05333281796762805,0.14905375718346603,1371,0.003996898735944276,0.05878085090501539,0.0010659368167225153,0.5812823189265528,0.013850398022195586,0.0413062059539004,1.2149830887451518,0.04758670082934277,0.30976223887898174,436
3,GSM5573468,primary_tumor,3525,306,0.06020529077309229,0.023721501754994143,0.1549109561525558,0.5453540709582545,0.0010499949293620754,0.007801025751758758,0.9063572758077827,0.20028856609223,0.5849408471209844,940,0.06597778177384842,0.16331236132121354,0.10064831046282596,0.636335432489064,0.02634741354944974,0.5492326608507208,1.2208006257834298,0.1597149911569886,0.31294734625387455,749,0.0,0.021981270117782815,0.016772365088273,0.22987040927802663,0.005775272605799651,0.011192186643558429,0.41929047889264104,0.03764529823796568,0.16377774536112796,609,0.0,0.011138881229396696,0.0,0.6731163485391579,0.02135174032816231,0.06252486761394997,1.0198044641985564,0.0635171083716974,0.34692333100840117,921
5,GSM5573470,primary_tumor,3693,257,0.3368337104143731,0.01080157106473072,1.5545662123338222,0.37182858338283525,0.007007987221313854,0.0,0.6517574230599019,0.06567851652224077,0.8305694045338649,237,0.08408792944093786,0.0015779343113483091,0.035292630327442294,0.6215093271984744,0.029472418640227344,0.21844801352984525,0.8415847492322834,0.10556344396538243,0.2608275539959038,883,0.022489143724739598,0.0021929649514183056,0.029016798753931643,0.1870767275833392,0.005377732302226977,0.004459314392982854,0.36324419135297675,0.02448996537330477,0.22658749980206613,1225,0.002608183666962123,0.0,0.00698468687471602,0.6204080730658325,0.0239401895905473,0.061114399111375506,1.038857791345466,0.07312079987843272,0.24545463490762404,1091
7,GSM5573472,primary_tumor,2097,151,0.43536107590961703,0.056279029217525554,1.1288279242033172,0.5458818968016571,0.0,0.005796647513463926,1.0104131907361462,0.10238998357997388,0.5594492101728352,141,0.13255683930238793,0.14307997273749265,0.20444464664573833,0.46250670256135556,0.013078778028301895,0.34608196199258023,1.2489363218238831,0.11447403275376622,0.2357739862450711,832,0.10707278009626654,0.011985560473610631,0.04409865281347387,0.1528578051213636,0.004738145758257085,0.004799794218886741,0.5455585107645,0.04264020444797801,0.2694754580391773,535,0.0024594082101985102,0.0,0.004362859727626401,0.6732120188714114,0.012831379923872087,0.1030959535049332,1.231921039382704,0.08042135706713269,0.36942254974990785,438
8,GSM5573473,primary_tumor,7177,1824,1.1695675942977035,0.06046952536600387,0.47036485400792044,0.535751498662772,0.005585024362402514,0.015947493483303838,0.5006671149130372,0.07763165483188263,0.5660288705220656,452,1.2259404751732002,0.8749579321965126,0.28701557535930583,0.3610788115392132,0.045532647599677206,0.39466466441134423,0.9134271271591817,0.10969304200105259,0.3826040858827242,869,0.8557754158830019,0.051394316919756655,0.3823066275504109,0.28987108852639476,0.005642577542880852,0.010485638170996002,0.46375078500692235,0.04928859891120707,0.4522845338196071,3672,0.14883265479137023,0.05697157628851875,0.043992028044611456,0.7223374110485432,0.035206653209203465,0.07629812056208028,1.564926267047407,0.04916712529895515,0.4705528996363614,360
10,GSM5573475,primary_tumor,2668,132,0.5932054299209734,0.011638000322380104,1.0835655351648865,0.4302475130685295,0.007604483040638751,0.00915794029309932,0.9180401757615528,0.10420626932645555,0.5881602873129554,125,0.17330715197966448,0.0,0.46100334510908797,0.5611005202060246,0.0046785242015616926,0.42081776598901316,1.1602361092860316,0.1857444930536224,0.3646308970668792,814,0.012826402708761392,0.0,0.026777328179670448,0.2535637514009168,0.010611798347336438,0.02928075474632454,0.598646839160498,0.05042789632251297,0.1899674454560613,1116,0.0,0.0,0.0012920692610718639,0.47537448975570956,0.013372741402271139,0.04804730120642023,0.8734872333807949,0.06101746943891395,0.32774694716468455,481
12,GSM5573477,primary_tumor,592,62,0.6800780239852539,0.19651919310690358,0.33940229972883995,0.46589090062259964,0.0,0.0,0.5684687070450634,0.17820361352966907,0.3243269309411738,135,0.9315507754339853,3.126538402379061,0.41461028227990426,0.5650498707401682,0.04137038928177697,0.5651706095218738,1.6240420394055826,0.17066268580424557,0.4466053462614164,98,0.8434574963774137,0.13662772533627493,0.48814241667895436,0.33492878100119305,0.0,0.020523543829563583,0.645616844625015,0.029195131950433845,0.2919721778532675,218,0.03347248395356873,0.1407393767211789,0.004029015046203015,0.8045794213635445,0.0663677732022745,0.03646101817655733,1.7410379984426885,0.09185861764317199,0.4914932809269751,79
13,GSM5573478,primary_tumor,2339,326,0.20019084905994836,0.0,1.0797835880586304,0.28930376151047216,0.0,0.0,0.6049029073849476,0.05682592106918041,0.3309079105391839,55,0.12714059453020116,0.2592624136597991,0.22531873566546443,0.5582695505074861,0.0,0.1347438575156458,0.9304360567336255,0.2829296705728741,0.27802108740090486,741,0.12856098621711828,0.0026433255571110758,0.11689378043133934,0.10039617297779624,0.0,0.0,0.13636501547446517,0.03613849332499257,0.1963211004032767,895,0.002210404785636225,0.0,0.00704732174882994,0.3739601372211432,0.0,0.021121980082910923,0.49524814616330953,0.03224531851079509,0.1921451949326908,322
14,GSM5573479,primary_tumor,7276,412,1.0932696100704582,0.0,1.446782761135594,0.5167796963543823,0.0012470297807853957,0.0,0.8121534390298708,0.08741557715532297,0.6133205907814019,312,0.04759751651312955,0.06611976406023377,0.12373805194641121,0.46615509819749906,0.026387372865873483,0.16467910789771503,0.8955926706943785,0.08592671788697295,0.23578219077063706,1767,0.042466507699727415,0.00017205187005085392,0.05007443349745569,0.18028522553516924,0.005453608107002819,0.0043711597499334065,0.46772415817178914,0.03039575376789743,0.24905267645226803,3871,0.006709321896439198,0.0005775839469651831,0.010866422859831014,0.738486156763033,0.00840620947616321,0.033241248659999154,1.2063984065442928,0.054198329666345434,0.2724289753363758,914
15,GSM5573480,primary_tumor,13626,706,0.5305589207295384,0.05621443889095584,0.94215939851989,0.5651396533559819,0.001515099342153059,0.005141800715251023,0.9313162931705514,0.08310152994542644,0.5628356040539084,1281,0.10757818613521046,0.10334560596015792,0.10474803341233964,0.5511907374681269,0.0161886672394526,0.19619839845602277,1.042057657477753,0.06709468191105947,0.2468390678500243,2671,0.07995102853601946,0.01793459578358911,0.062423835919325266,0.2688563455610214,0.003927891693591444,0.013428804721670604,0.8489748362278027,0.06372388938837714,0.28548733689864697,7440,0.0048569511621255335,0.007033685483198643,0.015336794903124982,0.69364304239698,0.01724994854866722,0.03158628887088199,1.080545634653391,0.03934397278015025,0.2892283911867439,1528
16,GSM5573481,primary_tumor,1689,103,0.013259785841905816,0.10812150185919982,1.343753500961227,0.4061761142904524,0.0,0.0,1.362978745570857,0.10619577294518302,0.27958803196787907,269,0.05427556745335377,0.578245192247425,0.7844592573306696,0.38924758925473535,0.0,0.3367832910559382,2.6715600863641766,0.033567340059510495,0.08166917096457874,703,0.03358719316634025,0.23169540155907153,0.18171796949230465,0.3183365827357911,0.004011253088433695,0.034509823469917884,0.6931404074292905,0.05434616589309369,0.1915482146280954,466,0.0012736754831841478,0.017389079268456578,0.012763412796212908,0.418746713259497,0.004786900447015264,0.04458188494569732,1.1420978064567828,0.054151822981922774,0.27151561185539475,148
17,GSM5573482,primary_tumor,7380,2263,1.8709345866030809,0.5118913021841172,0.9927926393972873,0.44330742634525333,0.00017744309675268594,0.017910202306082798,0.721910928958473,0.08066984886743675,0.2043108470603993,2838,0.24463997690610653,4.242935531421741,0.5645072202528776,0.28717699516617445,0.013495178466949614,0.7038642315002409,1.1959789023885035,0.13064361349998518,0.25939263696782944,886,0.5779817770785641,0.4885489655838516,0.4030330028355439,0.1924774387742136,0.0,0.014923683151134215,0.5839794588243714,0.06491847980567318,0.1204324795114153,1062,0.061271804831201246,0.8789493566834412,0.0345969665547211,0.2842737347833565,0.01506973249032326,0.04933760282088926,0.776270585909795,0.02826433913831916,0.13297111002380016,331
18,GSM5573483,primary_tumor,6859,798,0.7327238341234998,0.052670203035894904,1.6345750723931924,0.41326475071498275,0.0016163551487011134,0.009919442071748462,0.7669971095501409,0.09870477117882681,0.565879414337469,391,0.08937724485647387,0.09806416237823187,0.15107338709460988,0.6450282529158756,0.011251258856279867,0.2329820280647947,1.2634063854334876,0.09563086076171248,0.22514277794888302,2302,0.019330786711591386,0.00683288484974976,0.06892998874580249,0.3131248227164803,0.003954874468263152,0.01097981514268976,0.4522760845663563,0.03623019708169035,0.18847941711232766,1662,0.0028409822643912573,0.0020623494390322387,0.01328983656427671,0.7440993200273343,0.024843882204603828,0.048256966630442134,0.9990840131676227,0.036025594805510444,0.25211261171565114,1706
22,GSM5573487,primary_tumor,399,6,,,,,,,,,,272,0.0931095894223122,1.9529549277304392,0.1461599171599222,0.4307865346506792,0.004281554281869188,0.305915870464469,2.680397648324119,0.12161552305640289,0.12702313462481918,18,,,,,,,,,,32,0.0,0.0,0.0,0.7147942794861988,0.10815763387359095,0.13748646604645748,1.782310327600678,0.12026785859140371,0.4632151263136104,71
24,GSM5573489,primary_tumor,2597,240,0.14174325142434033,0.02881852730752682,0.8849200614528727,0.378482933123471,0.004434026567960885,0.005396136070372462,1.0207235916476567,0.10624339140326321,0.5688283363060614,348,0.05894600368545829,0.13649804576413951,0.21468162775288688,0.48259744488299505,0.04672291603708122,0.5084302627305916,1.779558139119458,0.09133583256398096,0.25056500902812195,823,0.0077830938246311624,0.004750652395873288,0.025616167928036875,0.07337984877974302,0.0066443826508628834,0.01886215701173291,0.22276307864410655,0.09569644256552157,0.17002985599769513,629,0.003625281048327516,0.01530278166669445,0.004792846576611776,0.4110861424219245,0.012644277143002446,0.029816411896196975,0.9881596558682701,0.05973665717505009,0.31797201252928936,557
26,GSM5573491,primary_tumor,2681,268,0.4605513611372523,0.05889407803228293,1.7986228740045294,0.39654703260725377,0.0,0.003086181543128614,0.9083111937350591,0.15351167560436038,0.6023478254740227,166,0.09313644349241398,0.3740514541907597,0.7712247070802686,0.592687648813928,0.04948220212985129,0.3785896563055709,1.253858918526078,0.1585216688249698,0.31667339892514695,614,0.05619737037669801,0.010448482065459688,0.04252049934943187,0.09467641850293537,0.012383159940342678,0.0,0.24242359301190106,0.05844526846360826,0.23969957559797364,925,0.0012202084784713183,0.0024815314632599277,0.007375318012456057,0.47051115609339944,0.012658992622744784,0.0474557880514914,1.0081572439250401,0.06281241229540283,0.2404001263223592,708
27,GSM5573492,primary_tumor,4600,134,0.23799141487713668,0.1725422226435307,0.6565754937645689,0.4212350906129901,0.005928982051054785,0.005579283532072543,0.6969084407479257,0.1385184083180944,0.42390176994187745,246,0.01686212856376358,0.07822143417478979,0.05022794799943627,0.4646300148419721,0.03351852079540152,0.17162106897428925,0.667964299420768,0.0694092058610046,0.2527813593524444,549,0.0,0.49497727462837127,0.14290443256652052,0.32892770221116874,0.004104685656168958,0.008927902650474792,0.48023107441954654,0.04793293093637127,0.7638504523770077,2225,0.0030992577101359737,0.040019078646562706,0.01344594308902844,0.29634510289359894,0.036776448517546245,0.03214661747848405,0.80828365052476,0.023003974124749915,0.21517104488038005,1446
28,GSM5573493,primary_tumor,6173,777,0.024359118579011792,0.048105336612856514,1.3709140570046916,0.3590469624441199,0.021062281322627465,0.006118350034806887,0.9073001979056201,0.06585287604265035,0.5330499760175405,710,0.22389053196352315,0.1451286320263725,0.4711990497748077,0.5143871790111844,0.03120080939579281,0.3109334729235893,0.7910615540898808,0.08129415236504108,0.22435064226828758,1214,0.008811718968872227,0.014872857157404702,0.10144884257359346,0.24311905080696067,0.01764444046778927,0.006593281968953186,0.4545569817742791,0.03731500153889257,0.24816046366924738,1613,0.0012434551746839618,0.014645541919361732,0.02736331588548114,0.5609942460532608,0.04470277670392253,0.07261401855521642,1.1529171902668236,0.07302397569969267,0.3604114750527126,1859
29,GSM5573494,primary_tumor,3593,195,0.35056351943039393,0.04081871029792823,0.7909130938060331,0.5769059140440816,0.0,0.0,0.8724098455475762,0.13203199115978648,0.6562726216914168,366,0.1915168775813715,0.33921806179250696,0.4996585126371951,0.5779128621203328,0.0030122786047955302,0.3782797427283205,1.7044478099121314,0.14122971211704008,0.22079778009953602,1829,0.0165136539977722,0.0030604552254262876,0.03634996100937485,0.09924232735505034,0.00235429905657551,0.005454720003543741,0.6633076372565883,0.03134048082085174,0.18941289703861222,715,0.0012939466652822716,0.0,0.012404621469399428,0.4440493875719298,0.021485240699118998,0.06753676286677873,1.2310502217406074,0.013057371343087449,0.21718418520302243,488
30,GSM5573495,primary_tumor,3798,198,1.1361616128911518,0.12083528013677428,2.1594850229272153,0.33731185355048693,0.0,0.008703452833971973,0.6659896749091244,0.08433056027733993,0.6716088462049736,143,0.07965712635524815,0.07710478338872957,0.14085714253719564,0.6054368676005987,0.05448379275925556,0.17880597801177608,1.0248421940353343,0.11886522577550859,0.2076610862991675,865,0.07336786541485953,0.00600039008677587,0.03180412357086103,0.11296046332148635,0.006221248285110375,0.0,0.3681148984788393,0.04263388268392709,0.1737059646376601,1327,0.0,0.0017438550265450891,0.008449214235507123,0.43891972908529236,0.01012229563355086,0.03959551813954423,0.9134701942745381,0.06204957416342587,0.21974451333260736,1265
32,GSM5573497,primary_tumor,2252,198,0.36732303257729476,0.0276257270129691,1.1189375850565928,0.5829363356510855,0.0,0.006784628971136296,0.8756621711171354,0.09741476950876894,0.6589758698262054,97,0.06503333209806648,0.08846854025377608,0.5838036383492041,0.6381348094938295,0.010256680936167316,0.3963221310515473,1.5993966863293816,0.09222055185689056,0.23010368212647977,1134,0.01551422657025645,0.04912622009093377,0.053790619231093066,0.12760156952566204,0.0,0.011132513213206918,0.4323339497084381,0.04113292016799416,0.2917893567295612,599,0.006061798107533145,0.0065953177290926,0.003709039340566993,0.5615285074444366,0.005090437314243878,0.04460475239634292,1.244176709320813,0.0695984541509082,0.3145179276114283,224
33,GSM5573498,primary_tumor,5823,182,0.39219285363979756,0.019419625913854703,1.2393517769471118,0.6048302303651805,0.0,0.006269724560096872,0.7702312819778078,0.12339014047886272,0.44368202877917784,247,0.06446720427251908,0.5947736382054322,0.2927052935499804,0.5581460584851932,0.0035503912800779265,0.3377837967575604,1.6848139355482017,0.11819262000513281,0.21500577045277725,3155,0.017147586156531933,0.01892249490032262,0.03587478693563667,0.19592927379514338,0.006021855170863036,0.008057354260322433,0.7451549131686447,0.044171177407331993,0.11937728509654118,1829,0.003519391271689117,0.01602619140479914,0.007961353904261313,0.5480003131113662,0.020253076542879497,0.05551013185614326,1.3356883237802006,0.02495242302176021,0.23977688828205884,410
34,GSM5573499,primary_tumor,12463,1196,0.37817320656817244,0.030629690768513563,2.029380458581372,0.5459269763930231,0.0034839138676897113,0.016418279771572904,1.0332261073536884,0.11341388055757344,0.6162445658958138,1163,0.030849003157824958,0.5493764617132004,0.5366017137255236,0.5183192717435937,0.011870014062785877,0.3122000740781221,1.5463345929985077,0.09292568738729234,0.1933361962718237,2657,0.01240141472670313,0.041929041511799804,0.11860591204185407,0.25289084212514173,0.005834449230889105,0.018497952523289077,0.629050095099464,0.06154423645428073,0.25107330215268703,6225,0.004139823759139622,0.044891717531070546,0.04878280491591192,0.5208511604431059,0.015409579072770825,0.05662003409683478,1.198302389527117,0.04307480443523332,0.23638139494351776,1222
36,GSM5573501,primary_tumor,3363,45,0.0674245815570795,0.0,0.02863810786818819,0.26082628972415617,0.0,0.0,0.7723682013190799,0.1036691105519738,0.307438498635089,141,0.07379301678686677,0.011930388077719952,0.04369897877069511,0.23523817129713612,0.0,0.1920619986917736,0.6277621833926788,0.09550715661317068,0.13951786246718292,776,0.04039304264813705,0.0015745603148175924,0.0027589041404708224,0.14754059465227667,0.005835815748686062,0.007991363033223295,0.292384021580296,0.10702928195154458,0.18984317528539482,1429,0.0009976852245164424,0.002292581494712474,0.0,0.569209024707763,0.00822724375362631,0.043279738112718694,1.1791647716330564,0.07320503421909248,0.47024857092465583,972
39,GSM5573504,primary_tumor,5369,377,0.3741834990582382,0.06600093300206644,1.1831085146198719,0.39202643970742146,0.000994937942396283,0.0018018330252774458,0.603813563024569,0.2006011356934529,0.600535583943267,719,0.04420625808130149,0.7590650302427618,0.35546774166179856,0.507532474680263,0.017691321225952707,0.4111274766873443,1.3088899170498636,0.1402543622628862,0.2998650451417739,2313,0.03140481985076452,0.03950616787101006,0.06479650903891679,0.25326699260334484,0.01151898347456406,0.014404426042108448,0.7870343758824658,0.05107771249779214,0.1885074435664366,903,0.001090825150547513,0.04375946930400453,0.009401527664959127,0.5969772431038604,0.0036969062600069142,0.03963016330039564,0.5411774297966845,0.09267319763009421,0.23337445403386067,1057
40,GSM5573505,primary_tumor,5077,949,0.10350870130926963,0.24737026793568428,0.5178724517561608,0.4786757049627549,0.005195035534788294,0.03789201499833068,0.9012368088653102,0.15133635601538767,0.5892706089606812,689,0.04168931107852391,0.2726656454853828,0.4285708191299309,0.5071515042028084,0.018848399640233535,0.4765914909070748,1.8702666054510193,0.18509374496244596,0.25534416714937674,543,0.0075692494318721415,0.2745890016614806,0.22942622278251792,0.35826645612794916,0.0106838808028841,0.030700371159066264,0.5031658984652218,0.12288593509266746,0.4931267148973937,1210,0.002519965980392737,0.06586701694665845,0.05201259747403893,0.600719474894354,0.013394045758812825,0.046603182422858484,1.10323400461021,0.06488121603745782,0.23311025960539683,1686
