sample,gsm,group,pair,spearman,spot_p,n_spots
GC1,GSM7990473,primary,CCL2–CCR2,0.01686734564848038,0.4996388830718178,1604
GC1,GSM7990473,primary,C3–C3AR1,0.15964798733839172,1.2743978287697672e-10,1604
GC1,GSM7990473,primary,SPP1–CD44,0.21138391379123378,1.1666912308365638e-17,1604
GC2,GSM7990474,primary,CCL2–CCR2,0.05489691841931927,0.011314559464985685,2128
GC2,GSM7990474,primary,C3–C3AR1,0.007094242174464869,0.7436141873365768,2128
GC2,GSM7990474,primary,SPP1–CD44,0.06681371975424208,0.002043963454790747,2128
GC3,GSM7990475,primary,CCL2–CCR2,0.022945631228240934,0.37118192174050973,1521
GC3,GSM7990475,primary,C3–C3AR1,0.06574700520897693,0.010323514883348369,1521
GC3,GSM7990475,primary,SPP1–CD44,0.17412479052216778,8.054183893528749e-12,1521
GC4,GSM7990476,primary,CCL2–CCR2,0.04270479063097463,0.049189937651829684,2122
GC4,GSM7990476,primary,C3–C3AR1,0.09906608119143989,4.829585300921152e-06,2122
GC4,GSM7990476,primary,SPP1–CD44,0.15981814464807803,1.3079718754146884e-13,2122
GC5,GSM7990477,primary,CCL2–CCR2,-0.020358015365860873,0.38947954110688177,1789
GC5,GSM7990477,primary,C3–C3AR1,0.04738360456361268,0.04508197061123919,1789
GC5,GSM7990477,primary,SPP1–CD44,0.14679842614400845,4.416296390004142e-10,1789
GC6,GSM7990478,primary,CCL2–CCR2,0.05896456667952478,0.04037410603136976,1209
GC6,GSM7990478,primary,C3–C3AR1,0.03193846472094774,0.2671471151175234,1209
GC6,GSM7990478,primary,SPP1–CD44,0.0046768727122424095,0.8709509423477931,1209
GC6-PM,GSM7990479,metastasis_site_unspecified,CCL2–CCR2,0.11194479700078845,8.451239663583365e-05,1228
GC6-PM,GSM7990479,metastasis_site_unspecified,C3–C3AR1,0.09301922214517234,0.0011007824508312118,1228
GC6-PM,GSM7990479,metastasis_site_unspecified,SPP1–CD44,0.2286754638957051,4.93814059406454e-16,1228
GC7,GSM7990480,primary,CCL2–CCR2,0.010683669272107262,0.7446287584308996,932
GC7,GSM7990480,primary,C3–C3AR1,0.09126012925095474,0.005301298273978082,932
GC7,GSM7990480,primary,SPP1–CD44,0.0776381891659498,0.017759763001206408,932
GC8,GSM7990481,primary,CCL2–CCR2,0.07839901340701083,0.002267944136977406,1514
GC8,GSM7990481,primary,C3–C3AR1,0.17988669960698284,1.7734043910644927e-12,1514
GC8,GSM7990481,primary,SPP1–CD44,0.17745984351424723,3.536782576239896e-12,1514
GC9,GSM7990482,primary,CCL2–CCR2,-0.014578780215852696,0.5429065954192929,1744
GC9,GSM7990482,primary,C3–C3AR1,0.07745223133565848,0.001207745947090693,1744
GC9,GSM7990482,primary,SPP1–CD44,0.017539594161556826,0.46416484907510636,1744
