sample,gsm,role,n_fib,STAT3__fib,SOCS3__fib,n_mac,STAT3__mac,SOCS3__mac,n_epi,STAT3__epi,SOCS3__epi,n_t,STAT3__t,SOCS3__t
19,GSM5573484,peritoneal_tumor,474,0.9689166039253387,1.1436695266807948,119,0.826877960654396,1.1596558326460347,132,1.0101735165293009,1.758565268471236,237,0.6719619280915836,0.316753152955939
20,GSM5573485,peritoneal_tumor,687,0.6654989286893567,0.5259590159621447,554,0.5537950885709617,0.5977911780067233,454,0.6644980919879966,0.47338506867906116,2516,0.6100804770320205,0.45635706945177407
38,GSM5573503,peritoneal_tumor,242,0.8511527996308614,0.46778118810760744,269,0.6413343069793739,0.6945919166981156,637,0.6932363650138966,0.3623247018681701,384,0.6992116314312034,0.2679181322729572
37,GSM5573502,peritoneal_normal,46,0.8326770394808096,0.5889726792322775,22,0.6397267829895431,0.38210079798515173,17,,,42,0.5458206367573346,0.2518367519804084
2,GSM5573467,primary_tumor,59,0.7307460379226823,0.6948092209695435,204,0.5964863966555753,1.1325872913890251,699,0.5873141438424314,0.4742870781721535,1371,0.970692784520421,0.553980095221727
3,GSM5573468,primary_tumor,306,0.7792838699204817,1.1914921135471053,940,0.5808218632306522,0.8515036217079209,749,0.36419468156933016,0.39529086038844957,609,0.7124027531807126,0.6563690705551511
5,GSM5573470,primary_tumor,257,0.8102002532224121,1.5723206242192336,237,0.33273760445509404,0.8881306051758258,883,0.41978301823491837,0.6020653446754839,1225,0.6835264500136923,0.7482213005640929
7,GSM5573472,primary_tumor,151,0.8428395357626801,1.3225302293874734,141,0.5625135777171381,0.7844829986824903,832,0.6088645930321702,0.7133197542032514,535,0.6994235477262305,0.6353931515408435
8,GSM5573473,primary_tumor,1824,0.7124335566505597,0.5372471953391387,452,0.5078923287481261,0.5325146534210012,869,0.4843858964997475,0.35246585514177126,3672,0.5678320021354862,0.21165022172307926
10,GSM5573475,primary_tumor,132,0.7550648390817641,0.713501917787757,125,0.47726038338857363,0.74404868558122,814,0.4161459905770254,0.37370128700252175,1116,0.5660545563533419,0.34882666254858785
12,GSM5573477,primary_tumor,62,0.6350177677719084,0.5079345759771311,135,0.5928428937241019,1.1104488954501197,98,0.8092792536968353,0.7025393551701338,218,0.7009356765316493,0.4730521631039068
13,GSM5573478,primary_tumor,326,0.41107659094620247,0.7720998757051301,55,0.4843547823712666,0.9553215821541216,741,0.2608207354217316,0.3252641688725015,895,0.2842950546888436,0.2271416234257897
14,GSM5573479,primary_tumor,412,1.008163665795023,1.1904740443202861,312,0.3821014355200046,0.6095698471475618,1767,0.5141930809491343,0.5007812725959491,3871,0.6914665772121669,0.600851099805361
15,GSM5573480,primary_tumor,706,0.8855424121497085,1.5421926839019648,1281,0.5842025777479749,0.6234363880670944,2671,0.6051687764168746,0.5054127434301059,7440,0.8072763706068458,0.34428580124904223
16,GSM5573481,primary_tumor,103,0.8674723004414476,1.0123139617132462,269,0.6243926646345289,1.287692061377267,703,0.6516485392943165,0.4732839099687069,466,0.9758419211316904,0.40966283840525836
17,GSM5573482,primary_tumor,2263,0.38600229801581365,0.2427621551434003,2838,0.3669685056171629,0.8518399276407571,886,0.32040409012402116,0.13581535296767952,1062,0.31206841000314295,0.2279370696044542
18,GSM5573483,primary_tumor,798,0.7716009953618713,0.869053852408304,391,0.37558312333043997,0.7400531212588741,2302,0.45676477881477623,0.5226227984181294,1662,0.5928194201418883,0.41111702285437884
22,GSM5573487,primary_tumor,6,,,272,0.6545336693706493,0.8319821570905559,18,,,32,0.9561404107389269,0.7523651923406356
24,GSM5573489,primary_tumor,240,0.6173483975838873,0.6522476161726002,348,0.35457910225997025,0.851835930767662,823,0.42144589903352886,0.3947140092889843,629,0.5055259720168723,0.3203245456915096
26,GSM5573491,primary_tumor,268,0.7555089735676394,1.524570666223891,166,0.4100240972797666,1.0235829065744675,614,0.43862174241893054,0.4772002889745792,925,0.47531822310268673,0.5225640918350712
27,GSM5573492,primary_tumor,134,0.46979075013374233,0.7533128401314272,246,0.35364281121142543,0.38392968185883086,549,0.5648003821392037,0.7056704965315039,2225,0.5217111898295267,0.2234937098013582
28,GSM5573493,primary_tumor,777,0.7246227415615218,1.1071576474908162,710,0.38507236494534175,0.8145342752623282,1214,0.5775551474432838,0.7232975911938294,1613,0.7126847942855625,1.0106504773672704
29,GSM5573494,primary_tumor,195,0.6277054346117552,1.3781806612632233,366,0.39586502612908203,0.8601227540769817,1829,0.3656851072005057,0.20453472701826458,715,0.4510073562039954,0.2709059472822315
30,GSM5573495,primary_tumor,198,0.7314779614775871,1.6359462315842894,143,0.3572093384585323,0.8430986224411531,865,0.3764806202616777,0.5171347106986351,1327,0.5708217270101654,0.443565048779124
32,GSM5573497,primary_tumor,198,0.9851473500482077,0.8786268957879001,97,0.5559000209134485,0.8823081077581114,1134,0.6718016930296042,0.5104118157419038,599,0.9248248596549964,0.43798790653090575
33,GSM5573498,primary_tumor,182,0.8509279115404306,1.0583658934184856,247,0.5655191044561724,0.8053311112258152,3155,0.5477586036023081,0.3318174229394892,1829,0.7207346683598048,0.398768253680776
34,GSM5573499,primary_tumor,1196,0.8206593201287167,1.3714026654905502,1163,0.6262209687407025,1.0390389072663082,2657,0.46477162227107993,0.38056198368893335,6225,0.9037459330994038,0.6517649682604547
36,GSM5573501,primary_tumor,45,0.5212343669076681,0.751438290524101,141,0.36776452603264975,0.3884272502448445,776,0.6480582982520072,0.4287776550643583,1429,0.7771525057058568,0.5775447035037706
39,GSM5573504,primary_tumor,377,0.835507314206432,1.0113715131887837,719,0.3592871273350155,0.8771644653197218,2313,0.41899213528877116,0.4050883005205431,903,0.7956304902452436,0.2765475250255475
40,GSM5573505,primary_tumor,949,0.8228037471112482,0.9437893349400038,689,0.5640477957026776,1.063410472539295,543,0.6080988609807139,0.7819285763283444,1210,0.8021195319037475,0.580937584691408
