sample,gsm,role,pair,score
19,GSM5573484,peritoneal_tumor,C3_fib_C3AR1_mac,0.7295554392985605
20,GSM5573485,peritoneal_tumor,C3_fib_C3AR1_mac,0.3607236346828447
38,GSM5573503,peritoneal_tumor,C3_fib_C3AR1_mac,1.2125864116921472
2,GSM5573467,primary_tumor,C3_fib_C3AR1_mac,0.047111817212212005
3,GSM5573468,primary_tumor,C3_fib_C3AR1_mac,0.03306671204859678
5,GSM5573470,primary_tumor,C3_fib_C3AR1_mac,0.07358065492990694
7,GSM5573472,primary_tumor,C3_fib_C3AR1_mac,0.15067061532600087
8,GSM5573473,primary_tumor,C3_fib_C3AR1_mac,0.4615870021098863
10,GSM5573475,primary_tumor,C3_fib_C3AR1_mac,0.2496313837918961
12,GSM5573477,primary_tumor,C3_fib_C3AR1_mac,0.38436011133817743
13,GSM5573478,primary_tumor,C3_fib_C3AR1_mac,0.02697448724166983
14,GSM5573479,primary_tumor,C3_fib_C3AR1_mac,0.1800386640780858
15,GSM5573480,primary_tumor,C3_fib_C3AR1_mac,0.10409481053369132
16,GSM5573481,primary_tumor,C3_fib_C3AR1_mac,0.004465674314533969
17,GSM5573482,primary_tumor,C3_fib_C3AR1_mac,1.3168839349865984
18,GSM5573483,primary_tumor,C3_fib_C3AR1_mac,0.17071148488550522
24,GSM5573489,primary_tumor,C3_fib_C3AR1_mac,0.07206655856196563
26,GSM5573491,primary_tumor,C3_fib_C3AR1_mac,0.17435998152401522
27,GSM5573492,primary_tumor,C3_fib_C3AR1_mac,0.04084434102791774
28,GSM5573493,primary_tumor,C3_fib_C3AR1_mac,0.0075740653371296355
29,GSM5573494,primary_tumor,C3_fib_C3AR1_mac,0.13261107794006396
30,GSM5573495,primary_tumor,C3_fib_C3AR1_mac,0.20315248837243924
32,GSM5573497,primary_tumor,C3_fib_C3AR1_mac,0.14557824705535036
33,GSM5573498,primary_tumor,C3_fib_C3AR1_mac,0.13247639116363297
34,GSM5573499,primary_tumor,C3_fib_C3AR1_mac,0.1180657031049444
36,GSM5573501,primary_tumor,C3_fib_C3AR1_mac,0.012949699894809185
39,GSM5573504,primary_tumor,C3_fib_C3AR1_mac,0.15383711778585474
40,GSM5573505,primary_tumor,C3_fib_C3AR1_mac,0.04933136627883989
19,GSM5573484,peritoneal_tumor,C3_epi_C3AR1_mac,0.14329269883082746
20,GSM5573485,peritoneal_tumor,C3_epi_C3AR1_mac,0.542183231429494
38,GSM5573503,peritoneal_tumor,C3_epi_C3AR1_mac,1.1845886957250176
2,GSM5573467,primary_tumor,C3_epi_C3AR1_mac,0.024500862229259273
3,GSM5573468,primary_tumor,C3_epi_C3AR1_mac,0.0
5,GSM5573470,primary_tumor,C3_epi_C3AR1_mac,0.004912708772656527
7,GSM5573472,primary_tumor,C3_epi_C3AR1_mac,0.037055957811716
8,GSM5573473,primary_tumor,C3_epi_C3AR1_mac,0.33774431732094345
10,GSM5573475,primary_tumor,C3_epi_C3AR1_mac,0.005397578133576357
12,GSM5573477,primary_tumor,C3_epi_C3AR1_mac,0.4766973873334166
13,GSM5573478,primary_tumor,C3_epi_C3AR1_mac,0.01732280320891028
14,GSM5573479,primary_tumor,C3_epi_C3AR1_mac,0.006993346603522554
15,GSM5573480,primary_tumor,C3_epi_C3AR1_mac,0.015686263753678775
16,GSM5573481,primary_tumor,C3_epi_C3AR1_mac,0.01131160545189157
17,GSM5573482,primary_tumor,C3_epi_C3AR1_mac,0.4068206993445471
18,GSM5573483,primary_tumor,C3_epi_C3AR1_mac,0.004503725892154525
24,GSM5573489,primary_tumor,C3_epi_C3AR1_mac,0.003957160438114035
26,GSM5573491,primary_tumor,C3_epi_C3AR1_mac,0.021275743136190968
27,GSM5573492,primary_tumor,C3_epi_C3AR1_mac,0.0
28,GSM5573493,primary_tumor,C3_epi_C3AR1_mac,0.002739858381418103
29,GSM5573494,primary_tumor,C3_epi_C3AR1_mac,0.006246780785781769
30,GSM5573495,primary_tumor,C3_epi_C3AR1_mac,0.013118612930140309
32,GSM5573497,primary_tumor,C3_epi_C3AR1_mac,0.006148631335940554
33,GSM5573498,primary_tumor,C3_epi_C3AR1_mac,0.005792176757180727
34,GSM5573499,primary_tumor,C3_epi_C3AR1_mac,0.0038717225963502224
36,GSM5573501,primary_tumor,C3_epi_C3AR1_mac,0.007757968504243243
39,GSM5573504,primary_tumor,C3_epi_C3AR1_mac,0.012911384341065429
40,GSM5573505,primary_tumor,C3_epi_C3AR1_mac,0.003607439871783453
19,GSM5573484,peritoneal_tumor,SPP1_mac_CD44_mac,0.219396642532542
20,GSM5573485,peritoneal_tumor,SPP1_mac_CD44_mac,0.5045819961050264
38,GSM5573503,peritoneal_tumor,SPP1_mac_CD44_mac,0.9761192587838816
2,GSM5573467,primary_tumor,SPP1_mac_CD44_mac,3.078800900964958
3,GSM5573468,primary_tumor,SPP1_mac_CD44_mac,0.19937183289910704
5,GSM5573470,primary_tumor,SPP1_mac_CD44_mac,0.001327965451721075
7,GSM5573472,primary_tumor,SPP1_mac_CD44_mac,0.17869777487742547
8,GSM5573473,primary_tumor,SPP1_mac_CD44_mac,0.7992103103913986
10,GSM5573475,primary_tumor,SPP1_mac_CD44_mac,0.0
12,GSM5573477,primary_tumor,SPP1_mac_CD44_mac,5.077629803279563
13,GSM5573478,primary_tumor,SPP1_mac_CD44_mac,0.2412270978248655
14,GSM5573479,primary_tumor,SPP1_mac_CD44_mac,0.059216376080386886
15,GSM5573480,primary_tumor,SPP1_mac_CD44_mac,0.10769208005746105
16,GSM5573481,primary_tumor,SPP1_mac_CD44_mac,1.5448167757402007
17,GSM5573482,primary_tumor,SPP1_mac_CD44_mac,5.074461379774957
18,GSM5573483,primary_tumor,SPP1_mac_CD44_mac,0.12389488893084444
22,GSM5573487,primary_tumor,SPP1_mac_CD44_mac,5.234695795571669
24,GSM5573489,primary_tumor,SPP1_mac_CD44_mac,0.24290620831347468
26,GSM5573491,primary_tumor,SPP1_mac_CD44_mac,0.46900775182473275
27,GSM5573492,primary_tumor,SPP1_mac_CD44_mac,0.05224912547825112
28,GSM5573493,primary_tumor,SPP1_mac_CD44_mac,0.11480568119372067
29,GSM5573494,primary_tumor,SPP1_mac_CD44_mac,0.5781794825048765
30,GSM5573495,primary_tumor,SPP1_mac_CD44_mac,0.07902023537872475
32,GSM5573497,primary_tumor,SPP1_mac_CD44_mac,0.14149629012628684
33,GSM5573498,primary_tumor,SPP1_mac_CD44_mac,1.0020829141452163
34,GSM5573499,primary_tumor,SPP1_mac_CD44_mac,0.8495198273262419
36,GSM5573501,primary_tumor,SPP1_mac_CD44_mac,0.007489446468391428
39,GSM5573504,primary_tumor,SPP1_mac_CD44_mac,0.9935325644699007
40,GSM5573505,primary_tumor,SPP1_mac_CD44_mac,0.509957451205058
19,GSM5573484,peritoneal_tumor,SPP1_mac_CD44_t,0.292624045897812
20,GSM5573485,peritoneal_tumor,SPP1_mac_CD44_t,0.9680652604883595
38,GSM5573503,peritoneal_tumor,SPP1_mac_CD44_t,0.9643371832725987
2,GSM5573467,primary_tumor,SPP1_mac_CD44_t,2.1694964478222505
3,GSM5573468,primary_tumor,SPP1_mac_CD44_t,0.16654667513418117
5,GSM5573470,primary_tumor,SPP1_mac_CD44_t,0.0016392493535755239
7,GSM5573472,primary_tumor,SPP1_mac_CD44_t,0.17626322872962083
8,GSM5573473,primary_tumor,SPP1_mac_CD44_t,1.3692446506558067
10,GSM5573475,primary_tumor,SPP1_mac_CD44_t,0.0
12,GSM5573477,primary_tumor,SPP1_mac_CD44_t,5.443422162132242
13,GSM5573478,primary_tumor,SPP1_mac_CD44_t,0.12839922973484058
14,GSM5573479,primary_tumor,SPP1_mac_CD44_t,0.07976677800335054
15,GSM5573480,primary_tumor,SPP1_mac_CD44_t,0.1116696433808581
16,GSM5573481,primary_tumor,SPP1_mac_CD44_t,0.6604125656599648
17,GSM5573482,primary_tumor,SPP1_mac_CD44_t,3.2936660509542426
18,GSM5573483,primary_tumor,SPP1_mac_CD44_t,0.09797433689676525
22,GSM5573487,primary_tumor,SPP1_mac_CD44_t,3.4807717370325975
24,GSM5573489,primary_tumor,SPP1_mac_CD44_t,0.13488186192898344
26,GSM5573491,primary_tumor,SPP1_mac_CD44_t,0.37710268314310963
27,GSM5573492,primary_tumor,SPP1_mac_CD44_t,0.06322510636408124
28,GSM5573493,primary_tumor,SPP1_mac_CD44_t,0.16732129466311313
29,GSM5573494,primary_tumor,SPP1_mac_CD44_t,0.4175944701880847
30,GSM5573495,primary_tumor,SPP1_mac_CD44_t,0.07043292146159891
32,GSM5573497,primary_tumor,SPP1_mac_CD44_t,0.1100704972913589
33,GSM5573498,primary_tumor,SPP1_mac_CD44_t,0.7944322038432652
34,GSM5573499,primary_tumor,SPP1_mac_CD44_t,0.6583191268208808
36,GSM5573501,primary_tumor,SPP1_mac_CD44_t,0.014067893333158325
39,GSM5573504,primary_tumor,SPP1_mac_CD44_t,0.41078886211532045
40,GSM5573505,primary_tumor,SPP1_mac_CD44_t,0.3008140119884667
19,GSM5573484,peritoneal_tumor,CCL2_epi_CCR2_t,0.07539418683943465
20,GSM5573485,peritoneal_tumor,CCL2_epi_CCR2_t,0.021457541329494356
38,GSM5573503,peritoneal_tumor,CCL2_epi_CCR2_t,0.0060814932452004766
2,GSM5573467,primary_tumor,CCL2_epi_CCR2_t,0.0003620952703755339
3,GSM5573468,primary_tumor,CCL2_epi_CCR2_t,0.00035811918405394006
5,GSM5573470,primary_tumor,CCL2_epi_CCR2_t,0.0006946676634798792
7,GSM5573472,primary_tumor,CCL2_epi_CCR2_t,0.0005658465683806091
8,GSM5573473,primary_tumor,CCL2_epi_CCR2_t,0.013459736855747403
10,GSM5573475,primary_tumor,CCL2_epi_CCR2_t,0.000358086285190479
12,GSM5573477,primary_tumor,CCL2_epi_CCR2_t,0.032396925200559014
13,GSM5573478,primary_tumor,CCL2_epi_CCR2_t,0.0
14,GSM5573479,primary_tumor,CCL2_epi_CCR2_t,0.00042093617737981527
15,GSM5573480,primary_tumor,CCL2_epi_CCR2_t,0.0010768079578188032
16,GSM5573481,primary_tumor,CCL2_epi_CCR2_t,0.0008698658293934074
17,GSM5573482,primary_tumor,CCL2_epi_CCR2_t,0.006073599537503318
18,GSM5573483,primary_tumor,CCL2_epi_CCR2_t,0.0017124885207653805
24,GSM5573489,primary_tumor,CCL2_epi_CCR2_t,0.00032389792662378684
26,GSM5573491,primary_tumor,CCL2_epi_CCR2_t,0.0005382666875798779
27,GSM5573492,primary_tumor,CCL2_epi_CCR2_t,0.005255517507211793
28,GSM5573493,primary_tumor,CCL2_epi_CCR2_t,0.004535044956438733
29,GSM5573494,primary_tumor,CCL2_epi_CCR2_t,0.0007809876616900046
30,GSM5573495,primary_tumor,CCL2_epi_CCR2_t,0.0003219307411502364
32,GSM5573497,primary_tumor,CCL2_epi_CCR2_t,0.0002738177752902359
33,GSM5573498,primary_tumor,CCL2_epi_CCR2_t,0.000726574805766938
34,GSM5573499,primary_tumor,CCL2_epi_CCR2_t,0.0018276671801070476
36,GSM5573501,primary_tumor,CCL2_epi_CCR2_t,2.2698176856542125e-05
39,GSM5573504,primary_tumor,CCL2_epi_CCR2_t,0.00023954661989256484
40,GSM5573505,primary_tumor,CCL2_epi_CCR2_t,0.0030729453262206244
19,GSM5573484,peritoneal_tumor,CCL2_fib_CCR2_mac,0.0
20,GSM5573485,peritoneal_tumor,CCL2_fib_CCR2_mac,0.01915856157159066
38,GSM5573503,peritoneal_tumor,CCL2_fib_CCR2_mac,0.00923593315266855
2,GSM5573467,primary_tumor,CCL2_fib_CCR2_mac,0.012743193878622664
3,GSM5573468,primary_tumor,CCL2_fib_CCR2_mac,0.004081503025092057
5,GSM5573470,primary_tumor,CCL2_fib_CCR2_mac,0.04581682621385489
7,GSM5573472,primary_tumor,CCL2_fib_CCR2_mac,0.014763689852803874
8,GSM5573473,primary_tumor,CCL2_fib_CCR2_mac,0.02141695714081625
10,GSM5573475,primary_tumor,CCL2_fib_CCR2_mac,0.005069487580246967
12,GSM5573477,primary_tumor,CCL2_fib_CCR2_mac,0.014041205262912429
13,GSM5573478,primary_tumor,CCL2_fib_CCR2_mac,0.0
14,GSM5573479,primary_tumor,CCL2_fib_CCR2_mac,0.03817679617400277
15,GSM5573480,primary_tumor,CCL2_fib_CCR2_mac,0.01525230498916131
16,GSM5573481,primary_tumor,CCL2_fib_CCR2_mac,0.0
17,GSM5573482,primary_tumor,CCL2_fib_CCR2_mac,0.01339791384934033
18,GSM5573483,primary_tumor,CCL2_fib_CCR2_mac,0.018391027259518102
24,GSM5573489,primary_tumor,CCL2_fib_CCR2_mac,0.04134604573079131
26,GSM5573491,primary_tumor,CCL2_fib_CCR2_mac,0.08899982060686601
27,GSM5573492,primary_tumor,CCL2_fib_CCR2_mac,0.022007439341498708
28,GSM5573493,primary_tumor,CCL2_fib_CCR2_mac,0.042773628190616406
29,GSM5573494,primary_tumor,CCL2_fib_CCR2_mac,0.00238245059072453
30,GSM5573495,primary_tumor,CCL2_fib_CCR2_mac,0.11765693445588252
32,GSM5573497,primary_tumor,CCL2_fib_CCR2_mac,0.011476585797411032
33,GSM5573498,primary_tumor,CCL2_fib_CCR2_mac,0.004400183741822076
34,GSM5573499,primary_tumor,CCL2_fib_CCR2_mac,0.024088774582103584
36,GSM5573501,primary_tumor,CCL2_fib_CCR2_mac,0.0
39,GSM5573504,primary_tumor,CCL2_fib_CCR2_mac,0.020930752777299912
40,GSM5573505,primary_tumor,CCL2_fib_CCR2_mac,0.009761066933367661
19,GSM5573484,peritoneal_tumor,TGFB1_t_TGFBR2_mac,0.3610575280623519
20,GSM5573485,peritoneal_tumor,TGFB1_t_TGFBR2_mac,0.3318112760661721
38,GSM5573503,peritoneal_tumor,TGFB1_t_TGFBR2_mac,0.31744698114884656
2,GSM5573467,primary_tumor,TGFB1_t_TGFBR2_mac,0.14224205949138327
3,GSM5573468,primary_tumor,TGFB1_t_TGFBR2_mac,0.2106499749954275
5,GSM5573470,primary_tumor,TGFB1_t_TGFBR2_mac,0.16181952017707305
7,GSM5573472,primary_tumor,TGFB1_t_TGFBR2_mac,0.1587258812774047
8,GSM5573473,primary_tumor,TGFB1_t_TGFBR2_mac,0.2763692448531215
10,GSM5573475,primary_tumor,TGFB1_t_TGFBR2_mac,0.17333622664233433
12,GSM5573477,primary_tumor,TGFB1_t_TGFBR2_mac,0.3593294710728759
13,GSM5573478,primary_tumor,TGFB1_t_TGFBR2_mac,0.1039688039948138
14,GSM5573479,primary_tumor,TGFB1_t_TGFBR2_mac,0.17412188389537597
15,GSM5573480,primary_tumor,TGFB1_t_TGFBR2_mac,0.17121820200592544
16,GSM5573481,primary_tumor,TGFB1_t_TGFBR2_mac,0.034198696916045275
17,GSM5573482,primary_tumor,TGFB1_t_TGFBR2_mac,0.0737385136861482
18,GSM5573483,primary_tumor,TGFB1_t_TGFBR2_mac,0.16752858798082892
22,GSM5573487,primary_tumor,TGFB1_t_TGFBR2_mac,0.09079540999222599
24,GSM5573489,primary_tumor,TGFB1_t_TGFBR2_mac,0.10300380298728531
26,GSM5573491,primary_tumor,TGFB1_t_TGFBR2_mac,0.14899836703229713
27,GSM5573492,primary_tumor,TGFB1_t_TGFBR2_mac,0.07491051794688393
28,GSM5573493,primary_tumor,TGFB1_t_TGFBR2_mac,0.12585941941086276
29,GSM5573494,primary_tumor,TGFB1_t_TGFBR2_mac,0.09804511903044058
30,GSM5573495,primary_tumor,TGFB1_t_TGFBR2_mac,0.0911465477399881
32,GSM5573497,primary_tumor,TGFB1_t_TGFBR2_mac,0.12920977718195123
33,GSM5573498,primary_tumor,TGFB1_t_TGFBR2_mac,0.11782322952887243
34,GSM5573499,primary_tumor,TGFB1_t_TGFBR2_mac,0.10069938218383545
36,GSM5573501,primary_tumor,TGFB1_t_TGFBR2_mac,0.079414826424257
39,GSM5573504,primary_tumor,TGFB1_t_TGFBR2_mac,0.17901260795195084
40,GSM5573505,primary_tumor,TGFB1_t_TGFBR2_mac,0.1533902140073097
