dataset,gsm,sample,role,n_cells,n_genes_used,n_fib,C3__fib,SPP1__fib,CCL2__fib,TGFB1__fib,CCR2__fib,C3AR1__fib,CD44__fib,TGFBR1__fib,TGFBR2__fib,STAT3__fib,SOCS3__fib,n_mac,C3__mac,SPP1__mac,CCL2__mac,TGFB1__mac,CCR2__mac,C3AR1__mac,CD44__mac,TGFBR1__mac,TGFBR2__mac,STAT3__mac,SOCS3__mac,n_epi,C3__epi,SPP1__epi,CCL2__epi,TGFB1__epi,CCR2__epi,C3AR1__epi,CD44__epi,TGFBR1__epi,TGFBR2__epi,STAT3__epi,SOCS3__epi,n_t,C3__t,SPP1__t,CCL2__t,TGFB1__t,CCR2__t,C3AR1__t,CD44__t,TGFBR1__t,TGFBR2__t,STAT3__t,SOCS3__t,n_unlabeled,C3_fib_C3AR1_mac,C3_epi_C3AR1_mac,SPP1_mac_CD44_mac,SPP1_mac_CD44_t,CCL2_epi_CCR2_t,CCL2_fib_CCR2_mac,TGFB1_t_TGFBR2_mac
GSE308231,GSM9240670,Ca_1,primary_tumor,7588,26,2048,0.738574916494682,0.01692334001088002,0.4746175265552719,0.4081400177612764,0.00988148139699765,0.05125702789153466,0.9215307965545225,0.3007328503557888,0.8811820699004743,1.1394685800844015,1.129094183565858,241,0.23749898095585195,0.16142393598758323,0.19746675980807912,0.5848557840543596,0.0334810704917751,0.5553914531470642,1.2029192486640068,0.33629929489481164,0.698737470837151,0.864033524262045,1.0641295282710075,2379,0.1522715406206521,0.010329457980045222,0.09929858398158972,0.19841871020541643,0.0037522310386863215,0.03447632307650566,0.573949790043391,0.19169206414520512,0.5678948404588613,0.7529604432387169,0.3956539536521065,2436,0.11116343978094426,0.008421177502580094,0.05443123564943022,0.6643457833038087,0.01457447432862426,0.13694952364552468,1.187455489248808,0.3505708373783209,0.9466890839408874,1.0847593552806767,0.5550834588737665,484,0.410198196129953,0.08457031221824618,0.19417995979457034,0.1916837388846039,0.0014472246631084195,0.015890702863229,0.46420329238702923
GSE308231,GSM9240671,Ca_2,primary_tumor,11093,26,2004,0.14631088487651847,0.11289748642733127,0.6031980600877473,0.5537968427392721,0.00977179391606542,0.02422920808616705,0.9790521261821153,0.2688663905070357,0.7990467860889247,1.2378338554322903,1.79096379121135,1328,0.11626545566761601,0.6631698612332146,0.20285866034681618,0.6745495230444059,0.0332516893158801,0.6740653975093879,1.505097885106707,0.3280007738818728,0.552739032605243,0.7752979537467746,1.1949776798263032,2709,0.01948754510778782,0.12393601364826559,0.09653623931498723,0.38300295441051285,0.015613028006662194,0.027789542217692743,0.7672576673293128,0.18834592609332013,0.5151052382306913,0.7442564526382444,0.6844731455535278,2857,0.003033580011115344,0.0889161896475029,0.037905134974886956,0.8902456991006104,0.01145056990621845,0.0824815118375587,1.450487069195472,0.1515592331593428,0.7818671762435899,1.0566084424896267,0.41449023241090144,2195,0.09862310477424072,0.013135879839563123,0.9981355556086197,0.9619193083989335,0.0011053949567596951,0.02005735448997935,0.49207354650184965
GSE308231,GSM9240672,Ca_3,primary_tumor,10762,26,1763,0.6642520139297436,0.022626836388673806,0.3995829591202817,0.5820498487095774,0.00014806032378951407,0.01865323181288714,1.2242717103236753,0.2975613529907949,0.9843264370973176,1.1826035310433964,1.353771073840314,286,0.03700490833804887,0.1094458543413404,0.0991399784063524,0.7489485255649798,0.02645274283862195,0.6482929124591053,1.8254348976038022,0.3237967964877531,0.7125036682435916,0.9532058295864074,1.2797612956891808,1722,0.04018233296730233,0.00602159183859597,0.031821792178824214,0.3909808052640956,0.0006183103324978763,0.010791764627639876,0.7325380250296024,0.1957241929824736,0.5738789863343593,0.8949646444190757,0.3685702680699765,4858,0.030317154281889507,0.004425449461288601,0.026731788911508552,0.7940430763422724,0.0025336073735662424,0.04916731376262658,1.8264451121613003,0.17153430045622972,1.1452208153522236,1.7314521023743157,0.5728477550515672,2133,0.43062987271733966,0.02604992166877395,0.19978628191274536,0.1998968457080588,8.062392730436161e-05,0.0105700652603044,0.5657586046372953
GSE308231,GSM9240673,F_14,peritoneal_tumor,13486,26,4392,1.642082877482641,0.03410773815053749,0.3398811384317408,0.49470962908095867,0.018085289811755476,0.05129272930917226,1.3411983025596528,0.2335870565359853,1.4566672146048831,1.068512095241282,0.7454187263800486,1335,0.3727932028837475,0.12401202354915598,0.25309637173631633,0.8034114382666778,0.10466243189944044,0.7732899543200293,1.459675655832656,0.34378484994669656,0.9175175091156929,0.949411016771819,0.5760534833906764,270,0.954299527496893,0.014143069504984304,0.10866456398294308,0.2351469916016503,0.005861594000646814,0.061982770197009845,1.8979794143465554,0.23656768508371318,0.769573968776546,0.7668353599661512,0.2258328263675232,6729,0.265049601014853,0.01343789436608276,0.04740104801421215,1.0534610621261555,0.04870253121522315,0.0843274013825753,1.899194693605856,0.2335699932620909,1.0245470446260976,1.0064693812096506,0.24783150380792834,760,1.2698061933182538,0.7379502380256979,0.18101733180524904,0.23552297706788147,0.005292239319367899,0.03557278650501636,0.9665689696723624
GSE308231,GSM9240674,F_15,peritoneal_tumor,13188,26,3029,0.9488583659410353,0.07279571867700468,0.4476773362352614,0.32099915045055416,0.033721307913002485,0.029794361069809774,0.8013059218970465,0.17468211999917346,0.6887233209606639,0.6445943514883156,0.4242373405617308,2210,0.1535308937218184,0.18881730215781997,0.40768344461058414,0.5009451159753203,0.19640983979446516,0.3949212391068647,1.5506136818947815,0.2793226791803688,0.7883764081488863,0.6967564952054848,0.4641424273346085,879,0.30195099484115284,0.07436706642672296,0.12983670896887273,0.16637026902392818,0.00943254738069667,0.013209755388207822,2.5094876769461427,0.15713763704161973,0.5649406590821515,0.608037992008662,0.3624397368967655,5774,0.05923191303511683,0.029616885664584345,0.04956732228126169,0.6165405219726124,0.05960616023105986,0.05236714450389725,1.579903352443546,0.24218960790607175,1.0716786304632746,0.8821257716741868,0.3339776068719308,1296,0.37472432161434854,0.1192468610322186,0.2927826921043767,0.29831308867848577,0.007739067678672114,0.08792823388958061,0.4860660021910077
GSE308231,GSM9240675,F_16,peritoneal_tumor,13070,26,6476,1.015496226759418,0.08673724519425864,0.218427699836463,0.2794908149970208,0.005064230154353651,0.01186275200139642,0.4985055534310288,0.1977409726967372,1.2905691176135876,0.8159278905981822,0.24095374791285956,621,0.3015414198818444,0.5883796402118042,0.16761034703427558,0.35306575482221186,0.03416956981933354,0.34319164188400264,0.7642959087845107,0.2875292053584688,0.9350983046375,0.537917695806144,0.18266376030508827,413,0.3138538033663598,0.08134564640207377,0.11872470836475721,0.19878003995084687,0.002229721861628138,0.0007325918063021583,0.317035625926134,0.0808607621098271,0.8287211736270892,0.5199103979090213,0.22059026177852775,3803,0.06565365035830403,0.024797995239091184,0.03475491952347547,0.70968139784344,0.05458247751099545,0.05479715955286104,1.2558203525061555,0.328983676354593,0.946049053255608,0.6188698206458478,0.11085593475667899,1757,0.3485098173885742,0.10771200208883994,0.4496961518259843,0.7388991271782329,0.006480288724318854,0.007463580540038452,0.6636218719561718
GSE163558,GSM5004180,PT1,primary_tumor,2866,26,26,0.0,0.35297781201014417,0.3091129078900687,0.5501972292306441,0.022179426035934206,0.0,0.7938583050790958,0.14224148972242295,0.8680176886825173,0.8980926291841728,1.300149141273895,161,0.07447520660449317,0.6820634523963489,0.7105244614375222,0.633981023974044,0.0613091870939852,0.36229059144156817,2.786278481451397,0.24846941103095482,0.3074523998314676,0.9809762259551938,1.7715113297967882,682,0.11719435098364939,0.030108221422026054,0.12971988709559096,0.18610274879387995,0.003121005295036345,0.010319371461754543,0.5787295582667668,0.13343128915281283,0.32565088777635354,0.6379961117950558,0.5939987163019946,610,0.00037775394438526946,0.004875528267950483,0.018478154596498018,0.8068528536366616,0.019935941697228825,0.06386675753538325,1.5142488455362164,0.16851045946870133,0.393542060611913,1.157327719208793,0.6577271732340478,1387,0.0,0.04245841073147706,1.900418720396396,1.0328137953736174,0.0025860881061088073,0.018951461102998036,0.2480688461614595
GSE163558,GSM5004181,PT2,primary_tumor,9226,26,845,0.5796991945282077,0.04529430573651603,0.32628195288671014,0.45197086986648904,0.016600056198953144,0.02835192505853706,0.9935422535979611,0.431463838270414,0.5277366288645104,0.9074904010639173,0.7040230187660206,603,0.14413727501978751,0.9735897007290824,1.05386394639936,0.6122134119141749,0.10383258444837497,0.6405029978910296,1.9656828191331748,0.43146120881649097,0.41603060889580273,0.9087342101980393,1.1334287693344012,4579,0.3366291353992884,0.048210662801757787,0.0548228194170435,0.1426578121966635,0.005620928253394688,0.015298869121671907,0.8917341646042161,0.10012330264112537,0.15811295974525472,0.7839777293349522,0.272436907780014,2265,0.02756778623277992,0.045343096083695925,0.02527610523153853,0.4986806815984083,0.024250489151285942,0.03316552476227931,1.3454491590680935,0.09739336243991628,0.3134080446950756,0.8840180568057513,0.32571220287502195,934,0.3712990719703322,0.21561197040070954,1.9137685476081665,1.3099154441233007,0.0013294801875159217,0.033878698427090036,0.20746642760995973
GSE163558,GSM5004182,PT3,primary_tumor,3925,26,76,0.5372480861343158,0.00565370966442798,0.2439949744099158,0.4785052746496574,0.0,0.01059395749856558,0.5677930965363613,0.16898601960279913,0.4236178078544839,0.5629664286405486,0.5560715438410256,201,0.0652048806173729,0.27867356285949624,0.1005267387643128,0.6436897997302823,0.019385587989461658,0.38455126197843437,1.5510163241401869,0.21910077207045656,0.22851869058934834,0.5907527183974416,1.0096804796123875,277,0.09795377865618363,0.009347960428965223,0.004918164028008759,0.1853069889784239,0.0,0.014030017542068127,0.38732252892056585,0.0766386422642045,0.18085026124332862,0.4431249957563201,0.379420045264893,1668,0.004357715454485991,0.0078766981943567,0.0022584040479136495,0.8204051910816995,0.002367137149120066,0.019458229982963458,1.043744838212784,0.11214485584600795,0.529741580698289,1.1586257322194586,0.8338262682485373,1703,0.20659942951844976,0.037668249197791645,0.43222724510138516,0.29086409278096503,1.1641968776165516e-05,0.004729986045409868,0.1874779200186941
GSE163558,GSM5004187,P1,peritoneal_tumor,5277,26,488,0.6401139599196639,0.08295135125739207,0.3322213950250856,0.3883894512793257,0.013545685593797483,0.030624077893855444,0.5570342442986033,0.1930265892105795,0.4780767693116404,0.8819422074146893,0.5580995350148626,417,0.33132821586575883,1.5026772740184287,0.4616177425828841,0.524895746332518,0.046950920851839814,0.4821773444581391,1.2752936146271814,0.41561140421707504,0.403403169358734,0.589917179657713,0.6081521246941538,997,0.610503776722084,0.10548373555261846,0.03895268495210026,0.177046884761782,0.01734477003730836,0.012014320471888582,0.6333513095537731,0.09118623887536234,0.15855204238182535,0.8737269970767003,0.529767025096806,1930,0.02250354613563832,0.05195507032939538,0.022264320678197204,0.5897438203975532,0.01737720551821581,0.05542816612379505,1.4281760090330713,0.15193075597448355,0.409998449443497,1.2739617508254317,0.6666786322700373,1445,0.30864844934464725,0.29437108984151916,1.9163547324010815,2.146087632072334,0.0006768888118989586,0.015598100423110602,0.23790452625810096
GSE228598,GSM7133741,P1,peritoneal_fluid,8157,26,23,1.992034693289996,0.32217163210895466,0.9865245846456304,0.0,0.0327879438526903,0.0,1.1187059470836702,0.1184297054426504,0.18792978506826302,0.3952620866195967,0.39850400144305764,5039,0.023992924803445635,1.6893899036019662,2.7332983176613115,0.004597546971007593,0.06697382956624254,0.5062913876374879,0.8921333810740789,0.0784202325611362,0.12238444678802457,0.19765266916967122,0.190191910350046,135,0.9488465442030272,0.50107383335251,0.9732632881961633,0.0,0.024239943333821224,0.06669269935534736,0.6869815358269172,0.03343485829250729,0.09333428290957836,0.2635878601983666,0.1650275447593913,660,0.010657236193073223,0.7538796869195018,1.3679094067973854,0.010474277542018962,0.04750262347179923,0.22003314122352044,0.5592174294835733,0.03508946683757942,0.0898762117815131,0.1506707097231266,0.1096014258690409,2300,1.0085500090878097,0.48039283351958567,1.5071611266528344,0.9447362792877932,0.04623255951810756,0.06607132939496466,0.0012818886624842204
GSE228598,GSM7133742,P2,peritoneal_fluid,6374,26,1,,,,,,,,,,,,3824,0.12326312031664807,0.35296495809280115,0.14189642441186964,0.27711709002900436,0.09035078270021217,0.4019609717056647,0.5952166946783105,0.09201925609195861,0.1536554356599267,0.21125351152006838,0.032192236790122564,32,0.899260120433213,0.0,0.0,0.07946791046569654,0.08183340134117177,0.039043138653729215,0.5109878412291218,0.0,0.09474305788236463,0.38082425457978325,0.07225273267878692,1553,0.018112796162857037,0.052254247051028456,0.02186620784765467,0.15548049608602393,0.08132507978848852,0.06686203124665059,0.5994383632928828,0.0398097607643409,0.07782595295138421,0.2576392366415086,0.10269966361789962,964,,0.3614674718254874,0.2100906356932655,0.2115807367788897,0.0,,0.023890423362719536
GSE228598,GSM7133743,P3,peritoneal_fluid,2380,26,50,1.4905939326570095,1.1157618510714018,0.2896337191595073,0.5433673759664218,0.09002068526888854,0.06964914369005377,1.008409981419532,0.028564358937020792,0.05198894259923799,0.3490463257748505,0.12263428903157994,915,0.1567779968629459,2.6727890979963025,0.9462373170170688,0.9645256070039538,0.19240898083446978,1.007913271802209,1.4267772100758043,0.2826837749840097,0.41653339371214276,0.612851113019797,0.35534826151553084,260,1.6291747476139362,0.875460223688406,0.14366459143058938,0.3685082786664706,0.006961267108937159,0.013259104844419778,1.0200397759539888,0.07105932424183317,0.24392925428184167,0.5070502910812671,0.18263176923107813,934,0.02509310426123305,0.32774345448017567,0.03340834949249045,1.0711451673489365,0.01783154998796577,0.06267440924970125,1.3810624605400583,0.06284788428406637,0.37284791419712326,0.7942383020589675,0.30492991641084877,221,1.5023894075928481,1.6420668502051006,3.8134745723601897,3.6912886881834166,0.0025617623435952334,0.055728128718777845,0.4461677317142136
GSE228598,GSM7133744,P4,peritoneal_fluid,8990,26,62,1.6256072788467364,0.4280704511984935,0.04675885976527536,0.2820855364768477,0.0,0.02798275072068847,0.4757264905324911,0.1004813742244331,0.1381133215965739,1.0582842211851586,0.27325208151040203,4642,0.2150819971536704,1.7118375614045147,0.15419286911455912,0.8037645572504516,0.05161026525522979,1.0932698542913168,0.8996659244863702,0.12106303736395004,0.3081296839546535,0.6267587037105643,0.21972097117180964,995,3.0392183679108538,0.4291923656828699,0.08803084692527832,0.34880360563247104,0.004189371817615701,0.06438243324859498,0.6048585465425366,0.12612696475342156,0.31263887106347604,1.1465035649464128,0.3190669209730396,2268,0.0662697399261769,0.4842117714225912,0.008653792718589973,0.5974387324138843,0.015166233294733423,0.06955687520797078,0.7181297642748198,0.03659486743366377,0.22204097972407771,0.6021741988599175,0.12474549065572013,1023,1.7772274328796756,3.322685822245393,1.540081922251486,1.2293215044482064,0.0013350963616017375,0.002413237155517953,0.18408860780095898
GSE228598,GSM7133745,P5,peritoneal_fluid,7026,26,86,2.224876231148324,1.2946651583553133,0.5685888561566994,0.45349833966351755,0.0,0.1700356598482022,1.2334791368815126,0.17238856199516722,0.1596956966185199,0.4009119813503199,0.5056279630911812,2500,0.07207913846546142,3.558131450226019,1.2747704665692436,0.88833894753859,0.18938130201958955,0.8248436732620219,1.4522588924587931,0.25484876626554126,0.3365792838858485,0.5079125945938887,0.27986667064374665,1570,0.3469591237520487,1.768065071640039,0.4265681645832236,0.39614198101787373,0.02088921983535336,0.13488564425458863,2.5560474914495805,0.06452020027144888,0.169986855388021,0.36922275753890366,0.20909294237617748,2228,0.006170032343162631,0.8005098800849006,0.18355889939116513,0.89351119900668,0.028497674562417676,0.08720223414442677,1.3236610583078596,0.05801987523046483,0.27428835692271797,0.7454681620272291,0.24013610034976163,642,1.835175083053747,0.28618703810741225,5.167328039128038,4.709760041004651,0.012156200732980528,0.10768009789278485,0.3007373595056542
GSE228598,GSM7133746,P6,peritoneal_fluid,8096,26,76,1.167750294221387,0.9326766741424946,0.23961652145503132,0.47593010001806246,0.015063046151537182,0.04112046832249276,0.7160188990902978,0.06506693752038735,0.18431495532996847,0.586962151216079,0.4601568219353098,3495,0.10788004531189788,3.4352186188987592,1.185561522836917,0.6253242782069186,0.025751784350308535,0.5941568364855537,1.0763100930072387,0.10065269503200037,0.2606946944599846,0.38481083767325536,0.1488361960206588,1873,0.129137142223844,0.651838133282729,0.05724749987075719,0.08504140497322868,0.0004957634009838304,0.01862100206547509,0.5678602456147189,0.05144202832141229,0.1023858574515823,0.5176632936377633,0.1369146515920443,1526,0.010729228413379735,0.7957698721514568,0.05282864251842956,0.5505014308185429,0.006939355093374275,0.033258610472983854,0.7682617300998333,0.03419117316978312,0.12137006040660987,0.401665803143649,0.12364638783194555,1126,0.693826820619654,0.07672771589650418,3.6973604712071215,2.639146999426321,0.00039726072981108204,0.006170552987281045,0.14351280230702437
GSE228598,GSM7133747,P7,peritoneal_fluid,4178,26,0,,,,,,,,,,,,2454,0.05419309393896472,0.11550698269006751,0.14141138055175007,0.4900443184366863,0.12484925665210932,1.1024941053603172,1.4671892572136171,0.13575168762626866,0.41444184380967075,0.5816279883511203,0.2522490260597677,31,0.3474616866002379,0.0,0.0,0.15530421773215738,0.038363424168764426,0.044199229882891655,0.39549584734324,0.03879019560605342,0.08429579885793806,0.8406019953904397,0.3762612179136238,1027,0.0,0.002238988454239608,0.0035113655649516335,0.32896991178760715,0.046439128917865544,0.04199484677505949,0.6108486500090294,0.061552454156397325,0.16140108094711483,0.5494359666796634,0.1695439552770096,666,,0.3830744613153162,0.1694706041360263,0.07055728444284406,0.0,,0.13633889679916064
GSE228598,GSM7133748,P8,peritoneal_fluid,5472,26,13,,,,,,,,,,,,4344,0.26284938715727757,1.2113723652770518,0.3062959852305646,0.36926343273346235,0.006678588173334714,1.0331253465655454,1.328220468295044,0.13834018103759552,0.49534523639651074,0.5798219268217841,0.29783900885025416,214,2.8786016147538818,0.2461148443500283,0.12238488860627345,0.1018414548265228,0.009254499379806972,0.049128442197183965,0.4505891881475319,0.07534988196394522,0.2592522624318257,1.0033494368307574,0.3367357389112017,457,0.0,0.2247242734754153,0.026326228285572573,0.3865928055294934,0.011439189348020838,0.052004218482663386,0.6241576611625381,0.09985478848398001,0.0884885362449995,0.36464508678445623,0.04230959467590209,444,,2.973956290866743,1.608969570287961,0.7560873423082565,0.0013999839141036001,,0.1914969046441972
GSE228598,GSM7133749,P9,peritoneal_fluid,4625,26,2,,,,,,,,,,,,2888,0.137834488493587,0.9399177036575543,0.2543247300358012,0.7293519660587525,0.039030605900134664,0.6214033554578521,1.3277765213035921,0.08736853997639542,0.21505509305055065,0.5156800620248129,0.1453586789567662,692,0.041542673095368764,0.11225445354895422,0.028350557883888947,0.07684508726930145,0.004839061003293627,0.02169523229071205,0.5939234137355182,0.04568445533238189,0.12508107714195071,0.4597892883384657,0.06432964537244361,467,0.0,0.0767525886739935,0.020638940356872117,0.8920004662380353,0.07209571184987451,0.10032627781957197,0.9768613463431958,0.08017904268760341,0.13318773634734424,0.5600598528716808,0.04367801476986768,576,,0.025814756456150785,1.2480006588740882,0.9181692734467234,0.0020439536519800457,,0.19182924326795525
GSE228598,GSM7133750,P10,peritoneal_fluid,7221,26,25,3.7760449437473413,0.08519064228373532,0.10390136583198892,0.24615698809417752,0.0,0.0,0.0,0.02436574122965304,0.24430340086068658,1.1416287490568255,0.07551389570822112,5840,0.28130207659220424,0.4322614165368202,0.4258206903508365,0.8594645372079479,0.04094414490736933,1.005388586533008,1.2257507470076534,0.21439010624503996,0.3417897908930294,0.5180147806959696,0.18483437047741996,128,2.707993559653949,0.03151288200079792,0.11559170388143786,0.292699340037818,0.015637533986175966,0.1075384241221925,0.22326587912702633,0.07104647544774953,0.22361714553670808,0.8546167098079884,0.11699808423971876,715,0.020240623563200187,0.0366131251622566,0.03052956073263253,1.1065996802457174,0.0511200963316682,0.04154518660639672,1.016649017964312,0.08260828690590925,0.12459458392134021,0.5522423330199391,0.15324433948049898,513,3.7963924886792517,2.722585817280973,0.5298447542225938,0.4394581446260207,0.005909059037560768,0.004254152578698546,0.37822447331347697
GSE228598,GSM7133751,P11,peritoneal_fluid,6250,26,151,1.500336310184608,0.227087713084472,0.16460683299364104,0.20264562437820874,0.015401837316388492,0.15392967420164683,0.6838140253572436,0.01860556481139776,0.08812163309349601,0.35553915518830465,0.13711330680651018,3102,0.0764845880644022,0.9549176754566528,0.1612775245480316,0.15813717510163716,0.04426111281799412,0.555529639311224,1.0794359508405842,0.050404450240836285,0.12069442451607888,0.21366018383026145,0.11323432116175841,344,2.591876967266805,0.34787472301253836,0.1194499135047904,0.0919647285281863,0.008875386355313828,0.11158703058118837,0.5613376022880467,0.030791081679938603,0.20109891497583401,0.4163988649308069,0.19193868390232105,442,0.07345354821906096,0.44384430233808697,0.048550986869546,0.22883372767388943,0.03849249019198924,0.362595318086484,0.7870345690749215,0.02027537285485812,0.07506010001693117,0.18328000115035425,0.05295471448173763,2211,0.833481289242388,1.4398644767647972,1.0307724689810325,0.7515532212050525,0.004597924624017108,0.007285681605744263,0.0276189550714692
GSE228598,GSM7133752,P12,peritoneal_fluid,5774,26,6,,,,,,,,,,,,4376,0.19979387521277128,0.8559046602017344,0.21946121408354588,0.38202197850509645,0.08686899091385916,0.8337398826725431,0.9969491969221242,0.3012941654465492,0.3033384622164796,0.36500703825854747,0.03008566101044849,32,2.531860851000725,0.3111910538653542,0.10289755974502425,0.07380880030771422,0.0,0.05087285698493409,0.4321934863394057,0.04486619980484399,0.20326657263000592,0.36776451724126735,0.04363245850628493,754,0.021083555774302647,0.13407309542593313,0.03712019946498589,0.3424728083662771,0.0994079902528475,0.09263955344488858,0.5318494613552776,0.11691441418896253,0.18419419079255625,0.26829178224371114,0.024079986296054366,606,,2.1109133688565493,0.8532934636300228,0.4552124324997643,0.010228839616175163,,0.1038851750407856
GSE228598,GSM7133753,P13,peritoneal_fluid,4301,26,21,2.5984950936305844,0.0,0.10097417631974312,0.33387625670950993,0.0,0.0,0.36979560625567826,0.04344166230713166,0.3306032452506762,0.9058835546192505,0.095005555914879,2484,0.2363737849777015,0.241971829115875,0.14688045262396066,0.7823235849937389,0.12930971619680753,0.919927693301811,1.2855243474129423,0.16696151219463054,0.4549730411355393,0.7413530322060182,0.3030125939849855,275,0.8501204100533917,0.02493854881454855,0.03739886304440335,0.11444177151974738,0.01894486987013948,0.04292884228458883,0.33016672805444747,0.037775042386190526,0.1761560845573022,0.5080220408056665,0.06717947763131168,1155,0.031496828051004636,0.008292753818557113,0.001424466419184561,0.7503293039573399,0.049456365486193074,0.05200222102299987,1.169187924147605,0.07667736403164703,0.24758911730657798,0.747482974933624,0.1484998177425971,366,2.3904275975396567,0.7820493078492063,0.3110606777165012,0.2829105405861889,0.0018496118394920916,0.013056942083112387,0.3413796052745834
GSE228598,GSM7133754,P14,peritoneal_fluid,4025,26,4,,,,,,,,,,,,2909,0.11032920718671614,0.19963226693506203,0.045548554631351997,0.7429621689756791,0.12071516021756659,0.978232840176859,1.2118484980293307,0.15809361831768223,0.35249158128075014,0.5687939665825671,0.11497642752420953,25,1.3918105200654325,0.0,0.01788701585495429,0.22153609660760545,0.0,0.0,0.45421675200779765,0.09750756606662449,0.34838421828771404,0.8404149101159958,0.02113526226441607,903,0.008490353109643262,0.001900708653344053,0.0,0.8462338306205126,0.06182517273974955,0.06467831406545027,0.9159739183231297,0.0923474957825088,0.21661053640689495,0.5690675691000198,0.08857849396007414,184,,1.3615147580316391,0.24192406284344534,0.18285794976823774,0.001105867845031188,,0.298290301088691
GSE228598,GSM7133755,P16,peritoneal_fluid,2794,26,5,,,,,,,,,,,,655,0.2005960169593819,1.350530227592102,0.17976291395649113,0.569804756312212,0.0846462870456782,0.7335987075050187,0.8942602694040721,0.15493036360260132,0.147766790932324,0.2719531109045255,0.021463889692993995,1313,0.037456216683155324,0.0926432162418583,0.012576414793423793,0.050204252821683795,0.0058235002953941056,0.011615923284968244,0.07501898940547079,0.044657213805358364,0.07914716417334437,0.16671917917753973,0.020013317359834214,242,0.0042280568540709156,0.06861827874176946,0.0,0.31409251346800654,0.041972112576408,0.05530759758297854,0.8615330982499487,0.050150864667448336,0.09547718742673626,0.25056591020050006,0.06295501459343412,579,,0.027477832146790664,1.207725525164856,1.1635264912576322,0.0005278586975171863,,0.04641244277103508
GSE228598,GSM7133756,P17,peritoneal_fluid,5383,26,5,,,,,,,,,,,,4321,0.13340607780637187,0.7385226923423762,0.06078802547459403,0.36554681210059237,0.009012036265866474,0.7867222682350131,1.0240135290409658,0.14829272419082024,0.21978041455008585,0.3068317272430532,0.084910888820911,360,0.07281423489822908,0.12993637143109307,0.03966714864647381,0.05579722663032403,0.001302551904271313,0.08945995956045469,0.8131714784214404,0.06643875815221308,0.10305982103011786,0.4331959477656636,0.11788020115936525,490,0.016627728329630595,0.20565645842960895,0.013764700777534328,0.29559015930650445,0.058276767303099594,0.09156313514314794,0.7929798897831073,0.04380616037448102,0.06042046391991559,0.40829100138455954,0.2187375061079524,207,,0.05728458003893183,0.7562572284623521,0.5856336431759811,0.0023116731912480163,,0.06496492774930947
GSE228598,GSM7133757,P18,peritoneal_fluid,1432,26,99,3.1980492473793176,0.14800519236270496,0.15323031862609482,0.2338507363392087,0.0,0.009031117015641405,0.25631135127783167,0.04211449793395326,0.38743573405763465,1.033066712933002,0.3738584119227207,788,0.29453322761899564,1.074675465551809,0.5906267454893366,0.50868654646468,0.1271469580029583,0.6650436512377159,1.0887381485575744,0.1377953323136141,0.324813507269104,0.5679900128488967,0.32506668630684254,228,2.212214536797305,0.12266933342724634,0.1052858696472376,0.18212518726126103,0.0,0.0280692116363434,0.27175255595687653,0.05656908662119167,0.2725428260977151,0.6884441487070524,0.2778289024190138,60,0.22494975893701596,0.19655116320648022,0.020027408576105746,0.5496998264665705,0.03772917448182321,0.04678496049471271,0.5458380697774715,0.09321289168936753,0.14361107877200188,0.5949902732167105,0.1696546860671368,257,2.126842348315171,1.4712192328728322,1.1700401766651258,0.5865987817540049,0.003972348946391121,0.019482768887131997,0.1785499285798246
GSE228598,GSM7133758,P19,peritoneal_fluid,2102,26,47,3.361265291540419,0.1143088608578502,0.11203389920583821,0.1370564611312929,0.0,0.0,0.25312610851741985,0.13350055866165159,0.1793142154350356,0.6172494632357944,0.013553070825949429,1653,0.3785467953914176,0.9064821359405018,0.207766634056098,0.49469702434443835,0.03168018608936695,0.7362822968059485,0.8794274781433832,0.16493532332784297,0.27150849829732066,0.577218664887612,0.16433522614783924,176,2.007885537444739,0.16052277161586137,0.14543012904310962,0.14216756462893063,0.0,0.041850368691156416,0.3252932209344333,0.02226998476938001,0.12631145398428847,0.45893217902595185,0.13259782910871193,88,0.06714329988581125,0.4118574903838942,0.0,0.46231265902139396,0.052308617104251616,0.16858122216638405,0.7717233197814267,0.033164550819461965,0.12563023353000646,0.5017468801240897,0.09154358938172233,138,2.4748401290294955,1.4783705752332585,0.7971852987921829,0.6995534032705626,0.007607248935537924,0.0035492547751583346,0.12552181579473992
GSE228598,GSM7133759,P20,peritoneal_fluid,2705,26,4,,,,,,,,,,,,1997,0.18020172704401366,0.27551220636514684,0.24333559358861692,0.5472126855984973,0.05185977514771894,0.727387642499929,1.0041357202464136,0.1071912694486015,0.2657569262698091,0.3022941727307512,0.05426739479395403,37,0.48607753669704146,0.08182538635986686,0.18556039107918515,0.008003601349355486,0.0,0.0,0.09550563144127985,0.07429874092834372,0.0,0.0698359049817728,0.09078040595455757,465,0.007084530247074869,0.01984338967552609,0.017413302922037802,0.5241480019827461,0.07873383989475206,0.0780900792563705,0.9745750708433353,0.04715654747581054,0.16635193396353845,0.3554445169473263,0.07911073517064066,202,,0.35356679349023373,0.2766516477751453,0.2685073280365166,0.014609882122036143,,0.13929596191739643
GSE228598,GSM7133760,P21,peritoneal_fluid,4220,26,4,,,,,,,,,,,,1162,0.06295371745236011,0.23624544468804293,0.20172746282127466,0.4931846605465238,0.058383910041234714,0.5935156007837665,1.2654374667510975,0.058289833510855336,0.23651441910846074,0.23149124721932846,0.06430667593677777,23,1.2496529555393985,0.0,0.36404851506105035,0.20122744143228535,0.0,0.10039920007829405,0.19752808404132763,0.060429020547164855,0.053367757224620525,0.21107764461448336,0.1088180630976198,2689,0.0035358927926311227,0.022474230962327788,0.013364515688900338,0.4446805602770569,0.03005016262709251,0.03827247477673442,0.5732332733119035,0.03862376539702783,0.11847652878366333,0.2425418454403032,0.03970720164383751,342,,0.7416885246781756,0.29895383705752354,0.1354237495635531,0.0109397170817361,,0.10517336440275298
GSE228598,GSM7133761,P22,peritoneal_fluid,3901,26,82,2.742296477918737,2.3810093066286075,0.24481759017047383,0.453213845710523,0.0,0.14741110887950404,0.6817078496330734,0.15237310500846288,0.21028638198904537,1.3808504396152637,0.6384442369638149,3175,0.29475565907925755,4.011680144552234,0.20252435719901926,0.47322225036783866,0.058867642372337804,0.8714267727737024,1.0599119054283506,0.23752535416407936,0.36953180970224575,0.6234755497076693,0.2562961839880237,384,0.5660720572627057,1.9463029073438645,0.0713863981882338,0.12105557899115178,0.009059958752663978,0.14553530148228996,0.9021982672372676,0.08699825668844684,0.34533852570451967,0.922153354848891,0.33258459732292717,152,0.1709839267278346,3.554792557535086,0.13486401300363013,0.4104622113547277,0.015450559748297663,0.23257890864439854,0.7903386965859114,0.13473781496330392,0.1978238792086347,0.621584998026952,0.1541821229403369,108,2.389710569741416,0.4932903460178101,4.25202754598144,3.1705860565649933,0.0011029598104230743,0.014411834344613017,0.15167884377629823
GSE228598,GSM7133762,P23,peritoneal_fluid,7053,26,3,,,,,,,,,,,,3353,0.10741222020719235,0.2065921374831259,0.09592173033637716,0.8063965318592836,0.09591895403653032,0.7310139752031479,1.2110603701899745,0.11106633643457507,0.24778989834505274,0.6947973942664505,0.22702321045430077,62,0.7028590273213619,0.12530801589605195,0.04397573486644233,0.24354844037496037,0.0,0.01379768481698602,0.5254212155164799,0.04434582042483763,0.18040434374878248,0.7741475095170575,0.3452998155380632,2844,0.004993250880325206,0.019288930856010956,0.005940270976695692,0.8473515082390558,0.05196733565456868,0.07799544028139485,1.1107993088515367,0.06919035846701173,0.24220030895507447,0.6592277853973483,0.1063175337371698,791,,0.5137997715696067,0.25019555049865255,0.2294824035304179,0.0022853017744607278,,0.20996514408908276
GSE228598,GSM7133763,P24,peritoneal_fluid,5747,26,8,,,,,,,,,,,,696,0.4419143097461192,0.9008020082741585,0.15823158007074792,0.729156552556392,0.06957112279970347,0.8755459802687795,1.031878857081966,0.2304978876447258,0.29659448383645654,0.5889784854201506,0.2225296632239798,4114,0.04885102441594495,0.02489099877973297,0.0027447958480649203,0.21831834500203132,0.0020528770989848076,0.010822787376831936,0.5535537052644632,0.05523556334515813,0.15636936058763587,0.47410739447435457,0.0696736624941344,347,0.012313905510023102,0.028038929017195097,0.0,0.5353359522595326,0.06284260816514371,0.020424902001193238,0.6905836811046029,0.07905844648851401,0.0861688189825675,0.3990146249283932,0.05871389208811728,582,,0.042771318059392605,0.9295185467550783,0.6220791668203873,0.00017249012997325712,,0.158777690439514
GSE228598,GSM7133764,P25,peritoneal_fluid,3472,26,51,2.4261357086812763,0.14107541714440278,0.25062262987814404,0.47298186110200124,0.0,0.04218481572097163,0.9611684990561818,0.19894573553954575,0.2783339732743527,0.9909157399937204,0.5790549790750066,1710,0.16693466627685755,0.628515684976401,0.6630457420782884,0.5425256290566384,0.06993870281858701,0.7790536536820242,1.4126167357992703,0.16667760143222257,0.43543095781160673,0.7984045840757156,0.4607013672005892,338,1.3383716702348907,0.19796312799529933,0.21420506921795207,0.2774905253601216,0.010502758020763489,0.08565788508049403,0.7833567953142391,0.12056777901160351,0.23344567697254343,0.7476374930795423,0.4983918317880811,861,0.050307719140782706,0.13560929383026699,0.056691372638255584,0.5650057250729879,0.02922157457645063,0.05928451040822187,1.2272406271138967,0.08743980185669174,0.26193362598174297,0.8593437606719052,0.4250229447287497,512,1.8900898881765753,1.0426633396810048,0.887851775310006,0.7713399833813587,0.006259409404806156,0.017528221630660243,0.24602098403757244
GSE228598,GSM7133765,P26,peritoneal_fluid,4034,26,17,,,,,,,,,,,,2743,0.4907638389520616,2.092571795243063,0.477979861294458,0.8209624562431914,0.153556246093677,0.8491205132173604,1.5448539592380615,0.30247780795385454,0.5084744032653563,0.8139165205464142,0.612021357076993,82,1.0612460722517407,0.8076649902140159,0.21748228556398963,0.3220428721265225,0.015165294488013948,0.0265557814445421,0.9773376494404842,0.08357232590221135,0.211225320848721,0.8331209007388333,0.4384389245349983,702,0.03648321053522715,0.698620467251312,0.038654589477824436,0.445235373664503,0.09296363444176337,0.10126809904604664,1.1974585737877035,0.09371223786338126,0.3493660032942386,0.7173178586259235,0.36287503965911017,490,,0.901125809520306,3.2327178228711437,2.5057680374801325,0.02021794369272992,,0.2263907909366861
GSE228598,GSM7133766,P27,peritoneal_fluid,5048,26,10,,,,,,,,,,,,3649,0.488611489628396,2.1531280082956177,0.2643590550644179,0.7066619520039935,0.03930468126717631,1.152896712109663,1.5373641305596355,0.19036613127399632,0.3246532587703443,0.5772067267855038,0.18900315768380788,366,0.29129365938257307,0.7424679327701599,0.043033844081162564,0.09018234920005158,0.0063084502773019914,0.07901830169556191,0.6939899101326943,0.07804636090691647,0.16591289166117282,0.3810240111141212,0.33012909305080823,742,0.02327095206208759,0.7619190794455433,0.02310750854846008,0.5061287049977881,0.03584218905619555,0.07969721527101925,1.2720026287533628,0.09011061379413861,0.19590057937763408,0.6380842332849985,0.14114081901274783,281,,0.33583150216056057,3.310141768456992,2.738784486594518,0.0015424271753718705,,0.16431633343474614
GSE228598,GSM7133767,P28,peritoneal_fluid,4133,26,107,2.73766387780444,2.138398383873249,0.4428095268077594,0.5573739361182858,0.01167645268148911,0.08805726122328308,0.6214957840922346,0.08563942871644195,0.24785108487671229,1.1241385138331301,0.6494622601602963,3059,0.23899306294891517,4.2290349719554365,0.2823315991393776,0.5610920104793347,0.0808021044256232,0.8722938757454841,1.4287134481683932,0.2742599595973754,0.3862506051045655,0.7407925178959704,0.39396142383745353,275,1.6627207357993987,1.9992186734239121,0.21630497228681614,0.3264894607452791,0.0008517874015121445,0.11980551053939217,0.5998974081419836,0.10901401940878684,0.17586374335517177,0.878075508850026,0.3752408594078413,242,0.08255236848934752,2.3853585947237663,0.05929058608740176,0.45350280016864036,0.050300860147530185,0.08856517258355473,1.0703023078356193,0.07616935058210435,0.31121290288370906,0.605075992803973,0.2349038976737143,450,2.3880474344584464,1.4503811149128407,6.042079137207176,4.526345890401447,0.010880326160214532,0.035779941625781374,0.1751657309817522
GSE228598,GSM7133768,P29,peritoneal_fluid,4421,26,5,,,,,,,,,,,,2951,0.30104044544888997,0.253157282210674,0.23910654417836244,0.7001695077396696,0.14310056941837115,0.8811478998818398,1.2326924281427183,0.20228405097747307,0.4917099067288547,0.6422192250896837,0.1182103590208776,220,0.26550620977946854,0.051990306073028944,0.04603887586113517,0.09983053753899669,0.026717938536041513,0.04689486545688149,0.4394451524617567,0.04775357339939703,0.18125194006336853,0.5100016994430786,0.08788462099933574,754,0.015203945696800364,0.017442662695146473,0.0021883298715912845,0.46213074207659144,0.072989059411121,0.032310538825744695,0.9737359967423628,0.08913280011475044,0.21570322281617602,0.6054698574916719,0.13851951674031965,491,,0.23395023915276592,0.3120650649102871,0.24650835852599828,0.003360334245449619,,0.22723426408301717
