ligand,receptor,pathway_name,interaction_name,source,panel,pair
GDF15,TGFBR2,GDF,GDF15_TGFBR2,cellchat_single_gene,cellchat,GDF15–TGFBR2
WNT5A,FZD1,ncWNT,WNT5A_FZD1,cellchat_single_gene,cellchat,WNT5A–FZD1
WNT5A,FZD10,ncWNT,WNT5A_FZD10,cellchat_single_gene,cellchat,WNT5A–FZD10
WNT5A,FZD2,ncWNT,WNT5A_FZD2,cellchat_single_gene,cellchat,WNT5A–FZD2
WNT5A,FZD3,ncWNT,WNT5A_FZD3,cellchat_single_gene,cellchat,WNT5A–FZD3
WNT5A,FZD4,ncWNT,WNT5A_FZD4,cellchat_single_gene,cellchat,WNT5A–FZD4
WNT5A,FZD5,ncWNT,WNT5A_FZD5,cellchat_single_gene,cellchat,WNT5A–FZD5
WNT5A,FZD6,ncWNT,WNT5A_FZD6,cellchat_single_gene,cellchat,WNT5A–FZD6
WNT5A,FZD7,ncWNT,WNT5A_FZD7,cellchat_single_gene,cellchat,WNT5A–FZD7
WNT5A,FZD8,ncWNT,WNT5A_FZD8,cellchat_single_gene,cellchat,WNT5A–FZD8
WNT5A,FZD9,ncWNT,WNT5A_FZD9,cellchat_single_gene,cellchat,WNT5A–FZD9
WNT5A,MCAM,ncWNT,WNT5A_MCAM,cellchat_single_gene,cellchat,WNT5A–MCAM
WNT5B,FZD1,ncWNT,WNT5B_FZD1,cellchat_single_gene,cellchat,WNT5B–FZD1
WNT5B,FZD10,ncWNT,WNT5B_FZD10,cellchat_single_gene,cellchat,WNT5B–FZD10
WNT5B,FZD2,ncWNT,WNT5B_FZD2,cellchat_single_gene,cellchat,WNT5B–FZD2
WNT5B,FZD3,ncWNT,WNT5B_FZD3,cellchat_single_gene,cellchat,WNT5B–FZD3
WNT5B,FZD4,ncWNT,WNT5B_FZD4,cellchat_single_gene,cellchat,WNT5B–FZD4
WNT5B,FZD5,ncWNT,WNT5B_FZD5,cellchat_single_gene,cellchat,WNT5B–FZD5
WNT5B,FZD6,ncWNT,WNT5B_FZD6,cellchat_single_gene,cellchat,WNT5B–FZD6
WNT5B,FZD7,ncWNT,WNT5B_FZD7,cellchat_single_gene,cellchat,WNT5B–FZD7
WNT5B,FZD8,ncWNT,WNT5B_FZD8,cellchat_single_gene,cellchat,WNT5B–FZD8
WNT5B,FZD9,ncWNT,WNT5B_FZD9,cellchat_single_gene,cellchat,WNT5B–FZD9
WNT11,FZD1,ncWNT,WNT11_FZD1,cellchat_single_gene,cellchat,WNT11–FZD1
WNT11,FZD10,ncWNT,WNT11_FZD10,cellchat_single_gene,cellchat,WNT11–FZD10
WNT11,FZD2,ncWNT,WNT11_FZD2,cellchat_single_gene,cellchat,WNT11–FZD2
WNT11,FZD3,ncWNT,WNT11_FZD3,cellchat_single_gene,cellchat,WNT11–FZD3
WNT11,FZD4,ncWNT,WNT11_FZD4,cellchat_single_gene,cellchat,WNT11–FZD4
WNT11,FZD5,ncWNT,WNT11_FZD5,cellchat_single_gene,cellchat,WNT11–FZD5
WNT11,FZD6,ncWNT,WNT11_FZD6,cellchat_single_gene,cellchat,WNT11–FZD6
WNT11,FZD7,ncWNT,WNT11_FZD7,cellchat_single_gene,cellchat,WNT11–FZD7
WNT11,FZD8,ncWNT,WNT11_FZD8,cellchat_single_gene,cellchat,WNT11–FZD8
WNT11,FZD9,ncWNT,WNT11_FZD9,cellchat_single_gene,cellchat,WNT11–FZD9
EGF,EGFR,EGF,EGF_EGFR,cellchat_single_gene,cellchat,EGF–EGFR
TGFA,EGFR,EGF,TGFA_EGFR,cellchat_single_gene,cellchat,TGFA–EGFR
AREG,EGFR,EGF,AREG_EGFR,cellchat_single_gene,cellchat,AREG–EGFR
BTC,EGFR,EGF,BTC_EGFR,cellchat_single_gene,cellchat,BTC–EGFR
BTC,ERBB4,EGF,BTC_ERBB4,cellchat_single_gene,cellchat,BTC–ERBB4
HBEGF,EGFR,EGF,HBEGF_EGFR,cellchat_single_gene,cellchat,HBEGF–EGFR
HBEGF,ERBB4,EGF,HBEGF_ERBB4,cellchat_single_gene,cellchat,HBEGF–ERBB4
EREG,EGFR,EGF,EREG_EGFR,cellchat_single_gene,cellchat,EREG–EGFR
EREG,ERBB4,EGF,EREG_ERBB4,cellchat_single_gene,cellchat,EREG–ERBB4
NRG1,ERBB3,NRG,NRG1_ERBB3,cellchat_single_gene,cellchat,NRG1–ERBB3
NRG1,ERBB4,NRG,NRG1_ERBB4,cellchat_single_gene,cellchat,NRG1–ERBB4
NRG2,ERBB3,NRG,NRG2_ERBB3,cellchat_single_gene,cellchat,NRG2–ERBB3
NRG2,ERBB4,NRG,NRG2_ERBB4,cellchat_single_gene,cellchat,NRG2–ERBB4
NRG3,ERBB4,NRG,NRG3_ERBB4,cellchat_single_gene,cellchat,NRG3–ERBB4
NRG4,ERBB4,NRG,NRG4_ERBB4,cellchat_single_gene,cellchat,NRG4–ERBB4
FGF1,FGFR1,FGF,FGF1_FGFR1,cellchat_single_gene,cellchat,FGF1–FGFR1
FGF1,FGFR2,FGF,FGF1_FGFR2,cellchat_single_gene,cellchat,FGF1–FGFR2
FGF1,FGFR3,FGF,FGF1_FGFR3,cellchat_single_gene,cellchat,FGF1–FGFR3
FGF1,FGFR4,FGF,FGF1_FGFR4,cellchat_single_gene,cellchat,FGF1–FGFR4
FGF2,FGFR1,FGF,FGF2_FGFR1,cellchat_single_gene,cellchat,FGF2–FGFR1
FGF2,FGFR2,FGF,FGF2_FGFR2,cellchat_single_gene,cellchat,FGF2–FGFR2
FGF2,FGFR3,FGF,FGF2_FGFR3,cellchat_single_gene,cellchat,FGF2–FGFR3
FGF2,FGFR4,FGF,FGF2_FGFR4,cellchat_single_gene,cellchat,FGF2–FGFR4
FGF4,FGFR1,FGF,FGF4_FGFR1,cellchat_single_gene,cellchat,FGF4–FGFR1
FGF4,FGFR2,FGF,FGF4_FGFR2,cellchat_single_gene,cellchat,FGF4–FGFR2
FGF4,FGFR3,FGF,FGF4_FGFR3,cellchat_single_gene,cellchat,FGF4–FGFR3
FGF4,FGFR4,FGF,FGF4_FGFR4,cellchat_single_gene,cellchat,FGF4–FGFR4
FGF5,FGFR1,FGF,FGF5_FGFR1,cellchat_single_gene,cellchat,FGF5–FGFR1
FGF5,FGFR2,FGF,FGF5_FGFR2,cellchat_single_gene,cellchat,FGF5–FGFR2
FGF5,FGFR3,FGF,FGF5_FGFR3,cellchat_single_gene,cellchat,FGF5–FGFR3
FGF5,FGFR4,FGF,FGF5_FGFR4,cellchat_single_gene,cellchat,FGF5–FGFR4
FGF6,FGFR1,FGF,FGF6_FGFR1,cellchat_single_gene,cellchat,FGF6–FGFR1
FGF6,FGFR2,FGF,FGF6_FGFR2,cellchat_single_gene,cellchat,FGF6–FGFR2
FGF6,FGFR3,FGF,FGF6_FGFR3,cellchat_single_gene,cellchat,FGF6–FGFR3
FGF6,FGFR4,FGF,FGF6_FGFR4,cellchat_single_gene,cellchat,FGF6–FGFR4
FGF7,FGFR1,FGF,FGF7_FGFR1,cellchat_single_gene,cellchat,FGF7–FGFR1
FGF7,FGFR2,FGF,FGF7_FGFR2,cellchat_single_gene,cellchat,FGF7–FGFR2
FGF3,FGFR1,FGF,FGF3_FGFR1,cellchat_single_gene,cellchat,FGF3–FGFR1
FGF3,FGFR2,FGF,FGF3_FGFR2,cellchat_single_gene,cellchat,FGF3–FGFR2
FGF10,FGFR1,FGF,FGF10_FGFR1,cellchat_single_gene,cellchat,FGF10–FGFR1
FGF10,FGFR2,FGF,FGF10_FGFR2,cellchat_single_gene,cellchat,FGF10–FGFR2
FGF22,FGFR2,FGF,FGF22_FGFR2,cellchat_single_gene,cellchat,FGF22–FGFR2
FGF8,FGFR1,FGF,FGF8_FGFR1,cellchat_single_gene,cellchat,FGF8–FGFR1
FGF8,FGFR2,FGF,FGF8_FGFR2,cellchat_single_gene,cellchat,FGF8–FGFR2
FGF8,FGFR3,FGF,FGF8_FGFR3,cellchat_single_gene,cellchat,FGF8–FGFR3
FGF8,FGFR4,FGF,FGF8_FGFR4,cellchat_single_gene,cellchat,FGF8–FGFR4
FGF17,FGFR1,FGF,FGF17_FGFR1,cellchat_single_gene,cellchat,FGF17–FGFR1
FGF17,FGFR2,FGF,FGF17_FGFR2,cellchat_single_gene,cellchat,FGF17–FGFR2
FGF17,FGFR3,FGF,FGF17_FGFR3,cellchat_single_gene,cellchat,FGF17–FGFR3
FGF17,FGFR4,FGF,FGF17_FGFR4,cellchat_single_gene,cellchat,FGF17–FGFR4
FGF18,FGFR1,FGF,FGF18_FGFR1,cellchat_single_gene,cellchat,FGF18–FGFR1
FGF18,FGFR2,FGF,FGF18_FGFR2,cellchat_single_gene,cellchat,FGF18–FGFR2
FGF18,FGFR3,FGF,FGF18_FGFR3,cellchat_single_gene,cellchat,FGF18–FGFR3
FGF18,FGFR4,FGF,FGF18_FGFR4,cellchat_single_gene,cellchat,FGF18–FGFR4
FGF9,FGFR1,FGF,FGF9_FGFR1,cellchat_single_gene,cellchat,FGF9–FGFR1
FGF9,FGFR2,FGF,FGF9_FGFR2,cellchat_single_gene,cellchat,FGF9–FGFR2
FGF9,FGFR3,FGF,FGF9_FGFR3,cellchat_single_gene,cellchat,FGF9–FGFR3
FGF9,FGFR4,FGF,FGF9_FGFR4,cellchat_single_gene,cellchat,FGF9–FGFR4
FGF20,FGFR1,FGF,FGF20_FGFR1,cellchat_single_gene,cellchat,FGF20–FGFR1
FGF20,FGFR2,FGF,FGF20_FGFR2,cellchat_single_gene,cellchat,FGF20–FGFR2
FGF20,FGFR3,FGF,FGF20_FGFR3,cellchat_single_gene,cellchat,FGF20–FGFR3
FGF20,FGFR4,FGF,FGF20_FGFR4,cellchat_single_gene,cellchat,FGF20–FGFR4
FGF16,FGFR1,FGF,FGF16_FGFR1,cellchat_single_gene,cellchat,FGF16–FGFR1
FGF16,FGFR2,FGF,FGF16_FGFR2,cellchat_single_gene,cellchat,FGF16–FGFR2
FGF16,FGFR3,FGF,FGF16_FGFR3,cellchat_single_gene,cellchat,FGF16–FGFR3
FGF16,FGFR4,FGF,FGF16_FGFR4,cellchat_single_gene,cellchat,FGF16–FGFR4
FGF19,FGFR1,FGF,FGF15_FGFR1,cellchat_single_gene,cellchat,FGF19–FGFR1
FGF19,FGFR2,FGF,FGF15_FGFR2,cellchat_single_gene,cellchat,FGF19–FGFR2
FGF19,FGFR3,FGF,FGF15_FGFR3,cellchat_single_gene,cellchat,FGF19–FGFR3
FGF19,FGFR4,FGF,FGF15_FGFR4,cellchat_single_gene,cellchat,FGF19–FGFR4
FGF21,FGFR1,FGF,FGF21_FGFR1,cellchat_single_gene,cellchat,FGF21–FGFR1
FGF21,FGFR3,FGF,FGF21_FGFR3,cellchat_single_gene,cellchat,FGF21–FGFR3
FGF23,FGFR1,FGF,FGF23_FGFR1,cellchat_single_gene,cellchat,FGF23–FGFR1
FGF23,FGFR3,FGF,FGF23_FGFR3,cellchat_single_gene,cellchat,FGF23–FGFR3
FGF23,FGFR4,FGF,FGF23_FGFR4,cellchat_single_gene,cellchat,FGF23–FGFR4
PDGFA,PDGFRA,PDGF,PDGFA_PDGFRA,cellchat_single_gene,cellchat,PDGFA–PDGFRA
PDGFA,PDGFRB,PDGF,PDGFA_PDGFRB,cellchat_single_gene,cellchat,PDGFA–PDGFRB
PDGFB,PDGFRA,PDGF,PDGFB_PDGFRA,cellchat_single_gene,cellchat,PDGFB–PDGFRA
PDGFB,PDGFRB,PDGF,PDGFB_PDGFRB,cellchat_single_gene,cellchat,PDGFB–PDGFRB
PDGFC,PDGFRA,PDGF,PDGFC_PDGFRA,cellchat_single_gene,cellchat,PDGFC–PDGFRA
PDGFD,PDGFRB,PDGF,PDGFD_PDGFRB,cellchat_single_gene,cellchat,PDGFD–PDGFRB
VEGFA,FLT1,VEGF,VEGFA_VEGFR1,cellchat_single_gene,cellchat,VEGFA–FLT1
VEGFA,KDR,VEGF,VEGFA_VEGFR2,cellchat_single_gene,cellchat,VEGFA–KDR
VEGFB,FLT1,VEGF,VEGFB_VEGFR1,cellchat_single_gene,cellchat,VEGFB–FLT1
VEGFC,FLT4,VEGF,VEGFC_VEGFR3,cellchat_single_gene,cellchat,VEGFC–FLT4
VEGFC,KDR,VEGF,VEGFC_VEGFR2,cellchat_single_gene,cellchat,VEGFC–KDR
VEGFD,FLT4,VEGF,VEGFD_VEGFR3,cellchat_single_gene,cellchat,VEGFD–FLT4
VEGFD,KDR,VEGF,VEGFD_VEGFR2,cellchat_single_gene,cellchat,VEGFD–KDR
PGF,FLT1,VEGF,PGF_VEGFR1,cellchat_single_gene,cellchat,PGF–FLT1
IGF1,IGF1R,IGF,IGF1_IGF1R,cellchat_single_gene,cellchat,IGF1–IGF1R
IGF2,IGF1R,IGF,IGF2_IGF1R,cellchat_single_gene,cellchat,IGF2–IGF1R
IGF2,IGF2R,IGF,IGF2_IGF2R,cellchat_single_gene,cellchat,IGF2–IGF2R
IGFL3,IGFLR1,IGF,IGFL3_IGFLR1,cellchat_single_gene,cellchat,IGFL3–IGFLR1
INS,INSR,INSULIN,INS_INSSR,cellchat_single_gene,cellchat,INS–INSR
APLN,APLNR,APELIN,APLN_APLNR,cellchat_single_gene,cellchat,APLN–APLNR
CCL5,CCR1,CCL,CCL5_CCR1,cellchat_single_gene,cellchat,CCL5–CCR1
CCL3,CCR1,CCL,CCL3_CCR1,cellchat_single_gene,cellchat,CCL3–CCR1
CCL3L1,CCR1,CCL,CCL3L1_CCR1,cellchat_single_gene,cellchat,CCL3L1–CCR1
CCL8,CCR1,CCL,CCL8_CCR1,cellchat_single_gene,cellchat,CCL8–CCR1
CCL7,CCR1,CCL,CCL7_CCR1,cellchat_single_gene,cellchat,CCL7–CCR1
CCL13,CCR1,CCL,CCL13_CCR1,cellchat_single_gene,cellchat,CCL13–CCR1
CCL14,CCR1,CCL,CCL14_CCR1,cellchat_single_gene,cellchat,CCL14–CCR1
CCL15,CCR1,CCL,CCL15_CCR1,cellchat_single_gene,cellchat,CCL15–CCR1
CCL16,CCR1,CCL,CCL16_CCR1,cellchat_single_gene,cellchat,CCL16–CCR1
CCL23,CCR1,CCL,CCL23_CCR1,cellchat_single_gene,cellchat,CCL23–CCR1
CCL8,CCR2,CCL,CCL8_CCR2,cellchat_single_gene,cellchat,CCL8–CCR2
CCL7,CCR2,CCL,CCL7_CCR2,cellchat_single_gene,cellchat,CCL7–CCR2
CCL2,CCR2,CCL,CCL2_CCR2,cellchat_single_gene,prespec,CCL2–CCR2
CCL27,CCR2,CCL,CCL27_CCR2,cellchat_single_gene,cellchat,CCL27–CCR2
CCL5,CCR3,CCL,CCL5_CCR3,cellchat_single_gene,cellchat,CCL5–CCR3
CCL7,CCR3,CCL,CCL7_CCR3,cellchat_single_gene,cellchat,CCL7–CCR3
CCL11,CCR3,CCL,CCL11_CCR3,cellchat_single_gene,cellchat,CCL11–CCR3
CCL24,CCR3,CCL,CCL24_CCR3,cellchat_single_gene,cellchat,CCL24–CCR3
CCL26,CCR3,CCL,CCL26_CCR3,cellchat_single_gene,cellchat,CCL26–CCR3
CCL28,CCR3,CCL,CCL28_CCR3,cellchat_single_gene,cellchat,CCL28–CCR3
CCL27,CCR3,CCL,CCL27_CCR3,cellchat_single_gene,cellchat,CCL27–CCR3
CCL17,CCR4,CCL,CCL17_CCR4,cellchat_single_gene,cellchat,CCL17–CCR4
CCL22,CCR4,CCL,CCL22_CCR4,cellchat_single_gene,cellchat,CCL22–CCR4
CCL5,CCR4,CCL,CCL5_CCR4,cellchat_single_gene,cellchat,CCL5–CCR4
CCL4,CCR5,CCL,CCL4_CCR5,cellchat_single_gene,cellchat,CCL4–CCR5
CCL5,CCR5,CCL,CCL5_CCR5,cellchat_single_gene,cellchat,CCL5–CCR5
CCL3,CCR5,CCL,CCL3_CCR5,cellchat_single_gene,cellchat,CCL3–CCR5
CCL20,CCR6,CCL,CCL20_CCR6,cellchat_single_gene,cellchat,CCL20–CCR6
CCL19,CCR7,CCL,CCL19_CCR7,cellchat_single_gene,cellchat,CCL19–CCR7
CCL21,CCR7,CCL,CCL21_CCR7,cellchat_single_gene,cellchat,CCL21–CCR7
CCL19,ACKR4,CCL,CCL19_ACKR4,cellchat_single_gene,cellchat,CCL19–ACKR4
CCL21,ACKR4,CCL,CCL21_ACKR4,cellchat_single_gene,cellchat,CCL21–ACKR4
CCL1,CCR8,CCL,CCL1_CCR8,cellchat_single_gene,cellchat,CCL1–CCR8
CCL25,CCR9,CCL,CCL25_CCR9,cellchat_single_gene,cellchat,CCL25–CCR9
CCL25,ACKR4,CCL,CCL25_ACKR4,cellchat_single_gene,cellchat,CCL25–ACKR4
CCL28,CCR10,CCL,CCL28_CCR10,cellchat_single_gene,cellchat,CCL28–CCR10
CCL27,CCR10,CCL,CCL27_CCR10,cellchat_single_gene,cellchat,CCL27–CCR10
CCL1,ACKR4,CCL,CCL1_ACKR4,cellchat_single_gene,cellchat,CCL1–ACKR4
CCL13,ACKR4,CCL,CCL13_ACKR4,cellchat_single_gene,cellchat,CCL13–ACKR4
CCL8,ACKR4,CCL,CCL8_ACKR4,cellchat_single_gene,cellchat,CCL8–ACKR4
CCL1,ACKR1,CCL,CCL1_ACKR1,cellchat_single_gene,cellchat,CCL1–ACKR1
CCL2,ACKR1,CCL,CCL2_ACKR1,cellchat_single_gene,cellchat,CCL2–ACKR1
CCL5,ACKR1,CCL,CCL5_ACKR1,cellchat_single_gene,cellchat,CCL5–ACKR1
CCL8,ACKR1,CCL,CCL8_ACKR1,cellchat_single_gene,cellchat,CCL8–ACKR1
CCL13,ACKR1,CCL,CCL13_ACKR1,cellchat_single_gene,cellchat,CCL13–ACKR1
CCL14,ACKR1,CCL,CCL14_ACKR1,cellchat_single_gene,cellchat,CCL14–ACKR1
CCL16,ACKR1,CCL,CCL16_ACKR1,cellchat_single_gene,cellchat,CCL16–ACKR1
CCL18,ACKR1,CCL,CCL18_ACKR1,cellchat_single_gene,cellchat,CCL18–ACKR1
CXCL1,ACKR1,CXCL,CXCL1_ACKR1,cellchat_single_gene,cellchat,CXCL1–ACKR1
CXCL2,ACKR1,CXCL,CXCL2_ACKR1,cellchat_single_gene,cellchat,CXCL2–ACKR1
CXCL3,ACKR1,CXCL,CXCL3_ACKR1,cellchat_single_gene,cellchat,CXCL3–ACKR1
CXCL5,ACKR1,CXCL,CXCL5_ACKR1,cellchat_single_gene,cellchat,CXCL5–ACKR1
CXCL6,ACKR1,CXCL,CXCL6_ACKR1,cellchat_single_gene,cellchat,CXCL6–ACKR1
CXCL8,ACKR1,CXCL,CXCL8_ACKR1,cellchat_single_gene,cellchat,CXCL8–ACKR1
CXCL9,ACKR1,CXCL,CXCL9_ACKR1,cellchat_single_gene,cellchat,CXCL9–ACKR1
CXCL10,ACKR1,CXCL,CXCL10_ACKR1,cellchat_single_gene,cellchat,CXCL10–ACKR1
CXCL11,ACKR1,CXCL,CXCL11_ACKR1,cellchat_single_gene,cellchat,CXCL11–ACKR1
CXCL13,ACKR1,CXCL,CXCL13_ACKR1,cellchat_single_gene,cellchat,CXCL13–ACKR1
CCL2,ACKR2,CCL,CCL2_ACKR2,cellchat_single_gene,cellchat,CCL2–ACKR2
CCL3,ACKR2,CCL,CCL3_ACKR2,cellchat_single_gene,cellchat,CCL3–ACKR2
CCL3L1,ACKR2,CCL,CCL3L1_ACKR2,cellchat_single_gene,cellchat,CCL3L1–ACKR2
CCL4,ACKR2,CCL,CCL4_ACKR2,cellchat_single_gene,cellchat,CCL4–ACKR2
CCL5,ACKR2,CCL,CCL5_ACKR2,cellchat_single_gene,cellchat,CCL5–ACKR2
CCL7,ACKR2,CCL,CCL7_ACKR2,cellchat_single_gene,cellchat,CCL7–ACKR2
CCL8,ACKR2,CCL,CCL8_ACKR2,cellchat_single_gene,cellchat,CCL8–ACKR2
CCL7,ACKR1,CCL,CCL7_ACKR1,cellchat_single_gene,cellchat,CCL7–ACKR1
CCL11,ACKR1,CCL,CCL11_ACKR1,cellchat_single_gene,cellchat,CCL11–ACKR1
CCL11,ACKR2,CCL,CCL11_ACKR2,cellchat_single_gene,cellchat,CCL11–ACKR2
CCL13,ACKR2,CCL,CCL13_ACKR2,cellchat_single_gene,cellchat,CCL13–ACKR2
CCL22,ACKR2,CCL,CCL22_ACKR2,cellchat_single_gene,cellchat,CCL22–ACKR2
CCL24,ACKR2,CCL,CCL24_ACKR2,cellchat_single_gene,cellchat,CCL24–ACKR2
CCL26,ACKR2,CCL,CCL26_ACKR2,cellchat_single_gene,cellchat,CCL26–ACKR2
CCL17,ACKR1,CCL,CCL17_ACKR1,cellchat_single_gene,cellchat,CCL17–ACKR1
CCL14,ACKR2,CCL,CCL14_ACKR2,cellchat_single_gene,cellchat,CCL14–ACKR2
CCL17,ACKR2,CCL,CCL17_ACKR2,cellchat_single_gene,cellchat,CCL17–ACKR2
CXCL1,CXCR1,CXCL,CXCL1_CXCR1,cellchat_single_gene,cellchat,CXCL1–CXCR1
CXCL2,CXCR1,CXCL,CXCL2_CXCR1,cellchat_single_gene,cellchat,CXCL2–CXCR1
CXCL3,CXCR1,CXCL,CXCL3_CXCR1,cellchat_single_gene,cellchat,CXCL3–CXCR1
CXCL5,CXCR1,CXCL,CXCL5_CXCR1,cellchat_single_gene,cellchat,CXCL5–CXCR1
CXCL6,CXCR1,CXCL,CXCL6_CXCR1,cellchat_single_gene,cellchat,CXCL6–CXCR1
CXCL8,CXCR1,CXCL,CXCL8_CXCR1,cellchat_single_gene,cellchat,CXCL8–CXCR1
CXCL1,CXCR2,CXCL,CXCL1_CXCR2,cellchat_single_gene,cellchat,CXCL1–CXCR2
CXCL2,CXCR2,CXCL,CXCL2_CXCR2,cellchat_single_gene,cellchat,CXCL2–CXCR2
CXCL3,CXCR2,CXCL,CXCL3_CXCR2,cellchat_single_gene,cellchat,CXCL3–CXCR2
CXCL5,CXCR2,CXCL,CXCL5_CXCR2,cellchat_single_gene,cellchat,CXCL5–CXCR2
CXCL6,CXCR2,CXCL,CXCL6_CXCR2,cellchat_single_gene,cellchat,CXCL6–CXCR2
CXCL8,CXCR2,CXCL,CXCL8_CXCR2,cellchat_single_gene,cellchat,CXCL8–CXCR2
PPBP,CXCR2,CXCL,PPBP_CXCR2,cellchat_single_gene,cellchat,PPBP–CXCR2
PF4V1,CXCR3,CXCL,PF4V1_CXCR3,cellchat_single_gene,cellchat,PF4V1–CXCR3
CXCL9,CXCR3,CXCL,CXCL9_CXCR3,cellchat_single_gene,cellchat,CXCL9–CXCR3
CXCL10,CXCR3,CXCL,CXCL10_CXCR3,cellchat_single_gene,cellchat,CXCL10–CXCR3
CXCL11,CXCR3,CXCL,CXCL11_CXCR3,cellchat_single_gene,cellchat,CXCL11–CXCR3
CXCL13,CXCR3,CXCL,CXCL13_CXCR3,cellchat_single_gene,cellchat,CXCL13–CXCR3
PF4,CXCR3,CXCL,PF4_CXCR3,cellchat_single_gene,cellchat,PF4–CXCR3
CXCL12,CXCR4,CXCL,CXCL12_CXCR4,cellchat_single_gene,cellchat,CXCL12–CXCR4
CXCL11,ACKR3,CXCL,CXCL11_ACKR3,cellchat_single_gene,cellchat,CXCL11–ACKR3
CXCL12,ACKR3,CXCL,CXCL12_ACKR3,cellchat_single_gene,cellchat,CXCL12–ACKR3
CXCL13,CXCR5,CXCL,CXCL13_CXCR5,cellchat_single_gene,cellchat,CXCL13–CXCR5
CXCL16,CXCR6,CXCL,CXCL16_CXCR6,cellchat_single_gene,cellchat,CXCL16–CXCR6
MIF,ACKR3,MIF,MIF_ACKR3,cellchat_single_gene,cellchat,MIF–ACKR3
CX3CL1,CX3CR1,CX3C,CX3CL1_CX3CR1,cellchat_single_gene,cellchat,CX3CL1–CX3CR1
XCL1,XCR1,XCR,XCL1_XCR1,cellchat_single_gene,cellchat,XCL1–XCR1
XCL2,XCR1,XCR,XCL2_XCR1,cellchat_single_gene,cellchat,XCL2–XCR1
IL4,IL4R,IL4,IL4_IL4R,cellchat_single_gene,cellchat,IL4–IL4R
IL13,IL13RA1,IL4,IL13_IL13RA1,cellchat_single_gene,cellchat,IL13–IL13RA1
IL13,IL13RA2,IL4,IL13_IL13RA2,cellchat_single_gene,cellchat,IL13–IL13RA2
IL1A,IL1R2,IL1,IL1A_IL1R2,cellchat_single_gene,cellchat,IL1A–IL1R2
IL1B,IL1R2,IL1,IL1B_IL1R2,cellchat_single_gene,cellchat,IL1B–IL1R2
IL17B,IL17RB,IL17,IL17B_IL17RB,cellchat_single_gene,cellchat,IL17B–IL17RB
IL34,CSF1R,CSF,IL34_CSF1R,cellchat_single_gene,cellchat,IL34–CSF1R
CSF1,CSF1R,CSF,CSF1_CSF1R,cellchat_single_gene,cellchat,CSF1–CSF1R
IL16,CD4,IL16,IL16_CD4,cellchat_single_gene,cellchat,IL16–CD4
EPO,EPOR,EPO,EPO_EPOR,cellchat_single_gene,cellchat,EPO–EPOR
GH1,GHR,GH,GH1_GHR,cellchat_single_gene,cellchat,GH1–GHR
PRL,PRLR,PRL,PRL_PRLR,cellchat_single_gene,cellchat,PRL–PRLR
THPO,MPL,THPO,THPO_MPL,cellchat_single_gene,cellchat,THPO–MPL
CSF3,CSF3R,CSF3,CSF3_CSF3R,cellchat_single_gene,cellchat,CSF3–CSF3R
TNF,TNFRSF1A,TNF,TNF_TNFRSF1A,cellchat_single_gene,cellchat,TNF–TNFRSF1A
TNF,TNFRSF1B,TNF,TNF_TNFRSF1B,cellchat_single_gene,cellchat,TNF–TNFRSF1B
LTA,TNFRSF1A,LT,LTA_TNFRSF1A,cellchat_single_gene,cellchat,LTA–TNFRSF1A
LTA,TNFRSF1B,LT,LTA_TNFRSF1B,cellchat_single_gene,cellchat,LTA–TNFRSF1B
LTA,TNFRSF14,LT,LTA_TNFRSF14,cellchat_single_gene,cellchat,LTA–TNFRSF14
TNFSF14,LTBR,LIGHT,TNFSF14_LTBR,cellchat_single_gene,cellchat,TNFSF14–LTBR
TNFSF14,TNFRSF14,LIGHT,TNFSF14_TNFRSF14,cellchat_single_gene,cellchat,TNFSF14–TNFRSF14
FASLG,FAS,FASLG,FASL_FAS,cellchat_single_gene,cellchat,FASLG–FAS
TNFSF15,TNFRSF25,VEGI,TNFSF15_TNFRSF25,cellchat_single_gene,cellchat,TNFSF15–TNFRSF25
TNFSF10,TNFRSF10A,TRAIL,TNFSF10_TNFRSF10B,cellchat_single_gene,cellchat,TNFSF10–TNFRSF10A
EDA,EDAR,EDA,EDA_EDAR,cellchat_single_gene,cellchat,EDA–EDAR
EDA,EDA2R,EDA,EDA_EDA2R,cellchat_single_gene,cellchat,EDA–EDA2R
NGF,NGFR,NGF,NGF_NGFR,cellchat_single_gene,cellchat,NGF–NGFR
KLK3,NGFR,NGF,KLK3_NGFR,cellchat_single_gene,cellchat,KLK3–NGFR
TNFSF11,TNFRSF11A,RANKL,TNFSF11_TNFRSF11A,cellchat_single_gene,cellchat,TNFSF11–TNFRSF11A
TNFSF11,TNFRSF11B,RANKL,TNFSF11_TNFRSF11B,cellchat_single_gene,cellchat,TNFSF11–TNFRSF11B
TNFSF12,TNFRSF12A,TWEAK,TNFSF12_TNFRSF12A,cellchat_single_gene,cellchat,TNFSF12–TNFRSF12A
CD70,CD27,CD70,CD70_CD27,cellchat_single_gene,cellchat,CD70–CD27
TNFSF8,TNFRSF8,CD30,TNFSF8_TNFRSF8,cellchat_single_gene,cellchat,TNFSF8–TNFRSF8
TNFSF9,TNFRSF9,CD137,TNFSF9_TNFRSF9,cellchat_single_gene,cellchat,TNFSF9–TNFRSF9
TNFSF4,TNFRSF4,OX40,TNFSF4_TNFRSF4,cellchat_single_gene,cellchat,TNFSF4–TNFRSF4
TNFSF18,TNFRSF18,GITRL,TNFSF18_TNFRSF18,cellchat_single_gene,cellchat,TNFSF18–TNFRSF18
TNFSF13,TNFRSF17,APRIL,TNFSF13_TNFRSF17,cellchat_single_gene,cellchat,TNFSF13–TNFRSF17
TNFSF13,TNFRSF13B,APRIL,TNFSF13_TNFRSF13B,cellchat_single_gene,cellchat,TNFSF13–TNFRSF13B
TNFSF13B,TNFRSF17,BAFF,TNFSF13B_TNFRSF17,cellchat_single_gene,cellchat,TNFSF13B–TNFRSF17
TNFSF13B,TNFRSF13B,BAFF,TNFSF13B_TNFRSF13B,cellchat_single_gene,cellchat,TNFSF13B–TNFRSF13B
TNFSF13B,TNFRSF13C,BAFF,TNFSF13B_TNFRSF13C,cellchat_single_gene,cellchat,TNFSF13B–TNFRSF13C
SPP1,CD44,SPP1,SPP1_CD44,cellchat_single_gene,prespec,SPP1–CD44
ADIPOQ,ADIPOR1,ADIPONECTIN,ADIPOQ_ADIPOR1,cellchat_single_gene,cellchat,ADIPOQ–ADIPOR1
ADIPOQ,ADIPOR2,ADIPONECTIN,ADIPOQ_ADIPOR2,cellchat_single_gene,cellchat,ADIPOQ–ADIPOR2
RETN,TLR4,RESISTIN,RETN_TLR4,cellchat_single_gene,cellchat,RETN–TLR4
RETN,CAP1,RESISTIN,RETN_CAP1,cellchat_single_gene,cellchat,RETN–CAP1
NAMPT,INSR,VISFATIN,NAMPT_INSR,cellchat_single_gene,cellchat,NAMPT–INSR
ANGPTL2,TLR4,ANGPTL,ANGPTL2_TLR4,cellchat_single_gene,cellchat,ANGPTL2–TLR4
ANGPTL2,LILRB3,ANGPTL,ANGPTL2_PIRB,cellchat_single_gene,cellchat,ANGPTL2–LILRB3
ANGPTL1,LILRB3,ANGPTL,ANGPTL1_PIRB,cellchat_single_gene,cellchat,ANGPTL1–LILRB3
ANGPTL7,LILRB3,ANGPTL,ANGPTL7_PIRB,cellchat_single_gene,cellchat,ANGPTL7–LILRB3
ANGPTL4,CDH5,ANGPTL,ANGPTL4_CDH5,cellchat_single_gene,cellchat,ANGPTL4–CDH5
ANGPTL4,CDH11,ANGPTL,ANGPTL4_CDH11,cellchat_single_gene,cellchat,ANGPTL4–CDH11
ANGPTL4,SDC1,ANGPTL,ANGPTL4_SDC1,cellchat_single_gene,cellchat,ANGPTL4–SDC1
ANGPTL4,SDC2,ANGPTL,ANGPTL4_SDC2,cellchat_single_gene,cellchat,ANGPTL4–SDC2
ANGPTL4,SDC3,ANGPTL,ANGPTL4_SDC3,cellchat_single_gene,cellchat,ANGPTL4–SDC3
ANGPTL4,SDC4,ANGPTL,ANGPTL4_SDC4,cellchat_single_gene,cellchat,ANGPTL4–SDC4
ANGPT1,TEK,ANGPT,ANGPT1_TEK,cellchat_single_gene,cellchat,ANGPT1–TEK
ANGPT2,TEK,ANGPT,ANGPT2_TEK,cellchat_single_gene,cellchat,ANGPT2–TEK
MDK,SDC1,MK,MDK_SDC1,cellchat_single_gene,cellchat,MDK–SDC1
MDK,SDC2,MK,MDK_SDC2,cellchat_single_gene,cellchat,MDK–SDC2
MDK,SDC4,MK,MDK_SDC4,cellchat_single_gene,cellchat,MDK–SDC4
MDK,PTPRZ1,MK,MDK_PTPRZ1,cellchat_single_gene,cellchat,MDK–PTPRZ1
MDK,LRP1,MK,MDK_LRP1,cellchat_single_gene,cellchat,MDK–LRP1
MDK,NCL,MK,MDK_NCL,cellchat_single_gene,cellchat,MDK–NCL
MDK,ALK,MK,MDK_ALK,cellchat_single_gene,cellchat,MDK–ALK
PTN,PTPRZ1,PTN,PTN_PTPRZ1,cellchat_single_gene,cellchat,PTN–PTPRZ1
PTN,SDC1,PTN,PTN_SDC1,cellchat_single_gene,cellchat,PTN–SDC1
PTN,SDC2,PTN,PTN_SDC2,cellchat_single_gene,cellchat,PTN–SDC2
PTN,SDC3,PTN,PTN_SDC3,cellchat_single_gene,cellchat,PTN–SDC3
PTN,SDC4,PTN,PTN_SDC4,cellchat_single_gene,cellchat,PTN–SDC4
PTN,NCL,PTN,PTN_NCL,cellchat_single_gene,cellchat,PTN–NCL
PTN,ALK,PTN,PTN_ALK,cellchat_single_gene,cellchat,PTN–ALK
AGT,AGTR1,AGT,AGT_AGTR1B,cellchat_single_gene,cellchat,AGT–AGTR1
GRP,GRPR,GPR,GRP_GRPR,cellchat_single_gene,cellchat,GRP–GRPR
NMB,NMBR,GPR,NMB_NMBR,cellchat_single_gene,cellchat,NMB–NMBR
KNG1,BDKRB1,BRADYKININ,KNG1_BDKRB1,cellchat_single_gene,cellchat,KNG1–BDKRB1
KNG1,BDKRB2,BRADYKININ,KNG1_BDKRB2,cellchat_single_gene,cellchat,KNG1–BDKRB2
C3,C3AR1,COMPLEMENT,C3_C3AR1,cellchat_single_gene,prespec,C3–C3AR1
C3,CR2,COMPLEMENT,C3_CR2,cellchat_single_gene,cellchat,C3–CR2
C4A,C3AR1,COMPLEMENT,C4A_C3AR1,cellchat_single_gene,cellchat,C4A–C3AR1
C4A,CR2,COMPLEMENT,C4A_CR2,cellchat_single_gene,cellchat,C4A–CR2
C5,C5AR1,COMPLEMENT,HC_C5AR1,cellchat_single_gene,cellchat,C5–C5AR1
CCK,CCKAR,CCK,CCK_CCKAR,cellchat_single_gene,cellchat,CCK–CCKAR
CCK,CCKBR,CCK,CCK_CCKBR,cellchat_single_gene,cellchat,CCK–CCKBR
EDN1,EDNRA,EDN,EDN1_EDNRA,cellchat_single_gene,cellchat,EDN1–EDNRA
EDN2,EDNRA,EDN,EDN2_EDNRA,cellchat_single_gene,cellchat,EDN2–EDNRA
EDN3,EDNRA,EDN,EDN3_EDNRA,cellchat_single_gene,cellchat,EDN3–EDNRA
EDN1,EDNRB,EDN,EDN1_EDNRB,cellchat_single_gene,cellchat,EDN1–EDNRB
EDN2,EDNRB,EDN,EDN2_EDNRB,cellchat_single_gene,cellchat,EDN2–EDNRB
EDN3,EDNRB,EDN,EDN3_EDNRB,cellchat_single_gene,cellchat,EDN3–EDNRB
GAL,GALR1,GALANIN,GAL_GALR1,cellchat_single_gene,cellchat,GAL–GALR1
GAL,GALR2,GALANIN,GAL_GALR2,cellchat_single_gene,cellchat,GAL–GALR2
GAL,GALR3,GALANIN,GAL_GALR3,cellchat_single_gene,cellchat,GAL–GALR3
GALP,GALR1,GALANIN,GALP_GALR1,cellchat_single_gene,cellchat,GALP–GALR1
GALP,GALR2,GALANIN,GALP_GALR2,cellchat_single_gene,cellchat,GALP–GALR2
GHRL,GHSR,GHRELIN,GHRL_GHSR,cellchat_single_gene,cellchat,GHRL–GHSR
KISS1,KISS1R,KISS1,KISS1_KISS1R,cellchat_single_gene,cellchat,KISS1–KISS1R
POMC,MC1R,MELANOCORTIN,POMC_MC1R,cellchat_single_gene,cellchat,POMC–MC1R
POMC,MC2R,MELANOCORTIN,POMC_MC2R,cellchat_single_gene,cellchat,POMC–MC2R
POMC,MC3R,MELANOCORTIN,POMC_MC3R,cellchat_single_gene,cellchat,POMC–MC3R
POMC,MC4R,MELANOCORTIN,POMC_MC4R,cellchat_single_gene,cellchat,POMC–MC4R
POMC,MC5R,MELANOCORTIN,POMC_MC5R,cellchat_single_gene,cellchat,POMC–MC5R
NMU,NMUR1,NMU,NMU_NMUR1,cellchat_single_gene,cellchat,NMU–NMUR1
NMU,NMUR2,NMU,NMU_NMUR2,cellchat_single_gene,cellchat,NMU–NMUR2
NMS,NMUR1,NMU,NMS_NMUR1,cellchat_single_gene,cellchat,NMS–NMUR1
NMS,NMUR2,NMU,NMS_NMUR2,cellchat_single_gene,cellchat,NMS–NMUR2
NPFF,NPFFR1,NPFF,NPFF_NPFFR1,cellchat_single_gene,cellchat,NPFF–NPFFR1
NPFF,NPFFR2,NPFF,NPFF_NPFFR2,cellchat_single_gene,cellchat,NPFF–NPFFR2
NPY,NPY1R,NPY,NPY_NPY1R,cellchat_single_gene,cellchat,NPY–NPY1R
NPY,NPY2R,NPY,NPY_NPY2R,cellchat_single_gene,cellchat,NPY–NPY2R
NPY,NPY4R,NPY,NPY_NPY4R,cellchat_single_gene,cellchat,NPY–NPY4R
NPY,NPY5R,NPY,NPY_NPY5R,cellchat_single_gene,cellchat,NPY–NPY5R
NPY,GPR83,NPY,NPY_GPR83,cellchat_single_gene,cellchat,NPY–GPR83
PPY,NPY1R,NPY,PPY_NPY1R,cellchat_single_gene,cellchat,PPY–NPY1R
PPY,NPY2R,NPY,PPY_NPY2R,cellchat_single_gene,cellchat,PPY–NPY2R
PPY,NPY4R,NPY,PPY_NPY4R,cellchat_single_gene,cellchat,PPY–NPY4R
PPY,NPY5R,NPY,PPY_NPY5R,cellchat_single_gene,cellchat,PPY–NPY5R
PPY,GPR83,NPY,PPY_GPR83,cellchat_single_gene,cellchat,PPY–GPR83
PYY,NPY1R,NPY,PYY_NPY1R,cellchat_single_gene,cellchat,PYY–NPY1R
PYY,NPY2R,NPY,PYY_NPY2R,cellchat_single_gene,cellchat,PYY–NPY2R
PYY,NPY4R,NPY,PYY_NPY4R,cellchat_single_gene,cellchat,PYY–NPY4R
PYY,NPY5R,NPY,PYY_NPY5R,cellchat_single_gene,cellchat,PYY–NPY5R
PYY,GPR83,NPY,PYY_GPR83,cellchat_single_gene,cellchat,PYY–GPR83
NPB,NPBWR1,NPW-B,NPB_NPBWR1,cellchat_single_gene,cellchat,NPB–NPBWR1
NPW,NPBWR1,NPW-B,NPW_NPBWR1,cellchat_single_gene,cellchat,NPW–NPBWR1
NTS,NTSR1,NTS,NTS_NTSR1,cellchat_single_gene,cellchat,NTS–NTSR1
NTS,NTSR2,NTS,NTS_NTSR2,cellchat_single_gene,cellchat,NTS–NTSR2
PDYN,OPRD1,OPIOID,PDYN_OPRD1,cellchat_single_gene,cellchat,PDYN–OPRD1
PDYN,OPRK1,OPIOID,PDYN_OPRK1,cellchat_single_gene,cellchat,PDYN–OPRK1
PDYN,OPRL1,OPIOID,PDYN_OPRL1,cellchat_single_gene,cellchat,PDYN–OPRL1
PDYN,OPRM1,OPIOID,PDYN_OPRM1,cellchat_single_gene,cellchat,PDYN–OPRM1
PENK,OPRD1,OPIOID,PENK_OPRD1,cellchat_single_gene,cellchat,PENK–OPRD1
PENK,OPRK1,OPIOID,PENK_OPRK1,cellchat_single_gene,cellchat,PENK–OPRK1
PENK,OPRL1,OPIOID,PENK_OPRL1,cellchat_single_gene,cellchat,PENK–OPRL1
PENK,OPRM1,OPIOID,PENK_OPRM1,cellchat_single_gene,cellchat,PENK–OPRM1
POMC,OPRD1,OPIOID,POMC_OPRD1,cellchat_single_gene,cellchat,POMC–OPRD1
POMC,OPRK1,OPIOID,POMC_OPRK1,cellchat_single_gene,cellchat,POMC–OPRK1
POMC,OPRL1,OPIOID,POMC_OPRL1,cellchat_single_gene,cellchat,POMC–OPRL1
POMC,OPRM1,OPIOID,POMC_OPRM1,cellchat_single_gene,cellchat,POMC–OPRM1
HCRT,HCRTR1,HCRT,HCRT_HCRTR1,cellchat_single_gene,cellchat,HCRT–HCRTR1
HCRT,HCRTR2,HCRT,HCRT_HCRTR2,cellchat_single_gene,cellchat,HCRT–HCRTR2
OXT,OXTR,OXT,OXT_OXTR,cellchat_single_gene,cellchat,OXT–OXTR
SST,SSTR1,SOMATOSTATIN,SST_SSTR1,cellchat_single_gene,cellchat,SST–SSTR1
SST,SSTR2,SOMATOSTATIN,SST_SSTR2,cellchat_single_gene,cellchat,SST–SSTR2
SST,SSTR3,SOMATOSTATIN,SST_SSTR3,cellchat_single_gene,cellchat,SST–SSTR3
SST,SSTR4,SOMATOSTATIN,SST_SSTR4,cellchat_single_gene,cellchat,SST–SSTR4
SST,SSTR5,SOMATOSTATIN,SST_SSTR5,cellchat_single_gene,cellchat,SST–SSTR5
CORT,SSTR1,SOMATOSTATIN,CORT_SSTR1,cellchat_single_gene,cellchat,CORT–SSTR1
CORT,SSTR2,SOMATOSTATIN,CORT_SSTR2,cellchat_single_gene,cellchat,CORT–SSTR2
CORT,SSTR3,SOMATOSTATIN,CORT_SSTR3,cellchat_single_gene,cellchat,CORT–SSTR3
CORT,SSTR4,SOMATOSTATIN,CORT_SSTR4,cellchat_single_gene,cellchat,CORT–SSTR4
CORT,SSTR5,SOMATOSTATIN,CORT_SSTR5,cellchat_single_gene,cellchat,CORT–SSTR5
TAC1,TACR1,TAC,TAC1_TACR1,cellchat_single_gene,cellchat,TAC1–TACR1
TAC4,TACR1,TAC,TAC4_TACR1,cellchat_single_gene,cellchat,TAC4–TACR1
TAC1,TACR2,TAC,TAC1_TACR2,cellchat_single_gene,cellchat,TAC1–TACR2
TAC3,TACR3,TAC,TAC2_TACR3,cellchat_single_gene,cellchat,TAC3–TACR3
UTS2,UTS2R,UTS2,UTS2_UTS2R,cellchat_single_gene,cellchat,UTS2–UTS2R
AVP,AVPR2,AVP,AVP_AVPR2,cellchat_single_gene,cellchat,AVP–AVPR2
AVP,AVPR1A,AVP,AVP_AVPR1A,cellchat_single_gene,cellchat,AVP–AVPR1A
AVP,AVPR1B,AVP,AVP_AVPR1B,cellchat_single_gene,cellchat,AVP–AVPR1B
PRLH,PRLHR,PRLH,PRLH_PRLHR,cellchat_single_gene,cellchat,PRLH–PRLHR
PRSS3,F2R,PARs,PRSS3_F2R,cellchat_single_gene,cellchat,PRSS3–F2R
CTSG,F2R,PARs,CTSG_F2R,cellchat_single_gene,cellchat,CTSG–F2R
F2,F2R,PARs,F2_F2R,cellchat_single_gene,cellchat,F2–F2R
PLG,F2R,PARs,PLG_F2R,cellchat_single_gene,cellchat,PLG–F2R
GZMA,F2R,PARs,GZMA_F2R,cellchat_single_gene,cellchat,GZMA–F2R
PRSS2,F2R,PARs,PRSS2_F2R,cellchat_single_gene,cellchat,PRSS2–F2R
PRSS1,F2R,PARs,PRSS1_F2R,cellchat_single_gene,cellchat,PRSS1–F2R
PRSS3,F2RL1,PARs,PRSS3_F2RL1,cellchat_single_gene,cellchat,PRSS3–F2RL1
CTSG,F2RL1,PARs,CTSG_F2RL1,cellchat_single_gene,cellchat,CTSG–F2RL1
F2,F2RL1,PARs,F2_F2RL1,cellchat_single_gene,cellchat,F2–F2RL1
PLG,F2RL1,PARs,PLG_F2RL1,cellchat_single_gene,cellchat,PLG–F2RL1
GZMA,F2RL1,PARs,GZMA_F2RL1,cellchat_single_gene,cellchat,GZMA–F2RL1
PRSS2,F2RL1,PARs,PRSS2_F2RL1,cellchat_single_gene,cellchat,PRSS2–F2RL1
PRSS1,F2RL1,PARs,PRSS1_F2RL1,cellchat_single_gene,cellchat,PRSS1–F2RL1
PRSS3,F2RL2,PARs,PRSS3_F2RL2,cellchat_single_gene,cellchat,PRSS3–F2RL2
CTSG,F2RL2,PARs,CTSG_F2RL2,cellchat_single_gene,cellchat,CTSG–F2RL2
F2,F2RL2,PARs,F2_F2RL2,cellchat_single_gene,cellchat,F2–F2RL2
PLG,F2RL2,PARs,PLG_F2RL2,cellchat_single_gene,cellchat,PLG–F2RL2
GZMA,F2RL2,PARs,GZMA_F2RL2,cellchat_single_gene,cellchat,GZMA–F2RL2
PRSS2,F2RL2,PARs,PRSS2_F2RL2,cellchat_single_gene,cellchat,PRSS2–F2RL2
PRSS1,F2RL2,PARs,PRSS1_F2RL2,cellchat_single_gene,cellchat,PRSS1–F2RL2
PRSS3,F2RL3,PARs,PRSS3_F2RL3,cellchat_single_gene,cellchat,PRSS3–F2RL3
CTSG,F2RL3,PARs,CTSG_F2RL3,cellchat_single_gene,cellchat,CTSG–F2RL3
F2,F2RL3,PARs,F2_F2RL3,cellchat_single_gene,cellchat,F2–F2RL3
GZMA,F2RL3,PARs,GZMA_F2RL3,cellchat_single_gene,cellchat,GZMA–F2RL3
PLG,F2RL3,PARs,PLG_F2RL3,cellchat_single_gene,cellchat,PLG–F2RL3
PRSS2,F2RL3,PARs,PRSS2_F2RL3,cellchat_single_gene,cellchat,PRSS2–F2RL3
PRSS1,F2RL3,PARs,PRSS1_F2RL3,cellchat_single_gene,cellchat,PRSS1–F2RL3
PRSS3,PARD3,PARs,PRSS3_PARD3,cellchat_single_gene,cellchat,PRSS3–PARD3
CTSG,PARD3,PARs,CTSG_PARD3,cellchat_single_gene,cellchat,CTSG–PARD3
F2,PARD3,PARs,F2_PARD3,cellchat_single_gene,cellchat,F2–PARD3
GZMA,PARD3,PARs,GZMA_PARD3,cellchat_single_gene,cellchat,GZMA–PARD3
PLG,PARD3,PARs,PLG_PARD3,cellchat_single_gene,cellchat,PLG–PARD3
PRSS2,PARD3,PARs,PRSS2_PARD3,cellchat_single_gene,cellchat,PRSS2–PARD3
PRSS1,PARD3,PARs,PRSS1_PARD3,cellchat_single_gene,cellchat,PRSS1–PARD3
PMCH,MCHR1,PMCH,PMCH_MCHR1,cellchat_single_gene,cellchat,PMCH–MCHR1
PROK1,PROKR2,PROK,PROK1_PROKR2,cellchat_single_gene,cellchat,PROK1–PROKR2
PROK1,PROKR1,PROK,PROK1_PROKR1,cellchat_single_gene,cellchat,PROK1–PROKR1
PROK2,PROKR1,PROK,PROK2_PROKR1,cellchat_single_gene,cellchat,PROK2–PROKR1
PROK2,PROKR2,PROK,PROK2_PROKR2,cellchat_single_gene,cellchat,PROK2–PROKR2
ADCYAP1,ADCYAP1R1,PACAP,ADCYAP1_ADCYAP1R1,cellchat_single_gene,cellchat,ADCYAP1–ADCYAP1R1
VIP,VIPR1,VIP,VIP_VIPR1,cellchat_single_gene,cellchat,VIP–VIPR1
VIP,VIPR2,VIP,VIP_VIPR2,cellchat_single_gene,cellchat,VIP–VIPR2
NPPA,NPR1,NPR1,NPPA_NPR1,cellchat_single_gene,cellchat,NPPA–NPR1
NPPB,NPR1,NPR1,NPPB_NPR1,cellchat_single_gene,cellchat,NPPB–NPR1
NPPC,NPR2,NPR2,NPPC_NPR2,cellchat_single_gene,cellchat,NPPC–NPR2
KITLG,KIT,KIT,KITL_KIT,cellchat_single_gene,cellchat,KITLG–KIT
GCG,GIPR,GIPR,GCG_GIPR,cellchat_single_gene,cellchat,GCG–GIPR
GIP,GIPR,GIPR,GIP_GIPR,cellchat_single_gene,cellchat,GIP–GIPR
FSHB,FSHR,FSH,FSHB_FSHR,cellchat_single_gene,cellchat,FSHB–FSHR
CGA,FSHR,FSH,CGA_FSHR,cellchat_single_gene,cellchat,CGA–FSHR
LHB,LHCGR,LHB,LHB_LHCGR,cellchat_single_gene,cellchat,LHB–LHCGR
CGA,LHCGR,LHB,CGA_LHCGR,cellchat_single_gene,cellchat,CGA–LHCGR
TSHB,TSHR,TSH,TSHB_TSHR,cellchat_single_gene,cellchat,TSHB–TSHR
CGA,TSHR,TSH,CGA_TSHR,cellchat_single_gene,cellchat,CGA–TSHR
BDNF,NTRK2,NT,BDNF_NTRK2,cellchat_single_gene,cellchat,BDNF–NTRK2
NGF,NTRK1,NT,NGF_NTRK1,cellchat_single_gene,cellchat,NGF–NTRK1
FLT3LG,FLT3,FLT3,FLT3L_FLT3,cellchat_single_gene,cellchat,FLT3LG–FLT3
HGF,MET,HGF,HGF_MET,cellchat_single_gene,cellchat,HGF–MET
KLK3,NTRK1,NT,KLK3_NTRK1,cellchat_single_gene,cellchat,KLK3–NTRK1
NTF3,NTRK1,NT,NTF3_NTRK1,cellchat_single_gene,cellchat,NTF3–NTRK1
NTF3,NTRK2,NT,NTF3_NTRK2,cellchat_single_gene,cellchat,NTF3–NTRK2
NTF3,NTRK3,NT,NTF3_NTRK3,cellchat_single_gene,cellchat,NTF3–NTRK3
NTF4,NTRK2,NT,NTF5_NTRK2,cellchat_single_gene,cellchat,NTF4–NTRK2
SEMA3C,PLXND1,SEMA3,SEMA3C_PLXND1,cellchat_single_gene,cellchat,SEMA3C–PLXND1
SEMA3E,PLXND1,SEMA3,SEMA3E_PLXND1,cellchat_single_gene,cellchat,SEMA3E–PLXND1
ADM,CALCR,CALCR,ADM_CALCR,cellchat_single_gene,cellchat,ADM–CALCR
ADM,CALCRL,CALCR,ADM_CALCRL,cellchat_single_gene,cellchat,ADM–CALCRL
AGT,MAS1,AGT,AGT_MAS1,cellchat_single_gene,cellchat,AGT–MAS1
ANXA1,FPR2,ANNEXIN,ANXA1_FPR2,cellchat_single_gene,cellchat,ANXA1–FPR2
ANXA1,FPR1,ANNEXIN,ANXA1_FPR1,cellchat_single_gene,cellchat,ANXA1–FPR1
APELA,APLNR,APJ,APELA_APLNR,cellchat_single_gene,cellchat,APELA–APLNR
CALCA,CALCR,CALCR,CALCA_CALCR,cellchat_single_gene,cellchat,CALCA–CALCR
CALCA,CALCRL,CALCR,CALCA_CALCRL,cellchat_single_gene,cellchat,CALCA–CALCRL
CALCB,CALCR,CALCR,CALCB_CALCR,cellchat_single_gene,cellchat,CALCB–CALCR
CALCB,CALCRL,CALCR,CALCB_CALCRL,cellchat_single_gene,cellchat,CALCB–CALCRL
CRH,CRHR1,CRH,CRH_CRHR1,cellchat_single_gene,cellchat,CRH–CRHR1
CRH,CRHR2,CRH,CRH_CRHR2,cellchat_single_gene,cellchat,CRH–CRHR2
ENHO,GPR19,ENHO,ENHO_GPR19,cellchat_single_gene,cellchat,ENHO–GPR19
GAS6,AXL,GAS,GAS6_AXL,cellchat_single_gene,cellchat,GAS6–AXL
GAS6,MERTK,GAS,GAS6_MERTK,cellchat_single_gene,cellchat,GAS6–MERTK
GAS6,TYRO3,GAS,GAS6_TYRO3,cellchat_single_gene,cellchat,GAS6–TYRO3
GCG,GCGR,GCG,GCG_GCGR,cellchat_single_gene,cellchat,GCG–GCGR
GCG,GLP1R,GCG,GCG_GLP1R,cellchat_single_gene,cellchat,GCG–GLP1R
GCG,GLP2R,GCG,GCG_GLP2R,cellchat_single_gene,cellchat,GCG–GLP2R
GH1,PRLR,GH,GH_PRLR,cellchat_single_gene,cellchat,GH1–PRLR
GHRH,VIPR1,GHRH,GHRH_VIPR1,cellchat_single_gene,cellchat,GHRH–VIPR1
GHRH,VIPR2,GHRH,GHRH_VIPR2,cellchat_single_gene,cellchat,GHRH–VIPR2
GHRH,GHSR,GHRH,GHRH_GHSR,cellchat_single_gene,cellchat,GHRH–GHSR
GHRH,GHRHR,GHRH,GHRH_GHRHR,cellchat_single_gene,cellchat,GHRH–GHRHR
GNRH1,GNRHR,GNRH,GNRH1_GNRHR,cellchat_single_gene,cellchat,GNRH1–GNRHR
GRN,SORT1,GRN,GRN_SORT1,cellchat_single_gene,cellchat,GRN–SORT1
GUCA2A,GUCY2C,GUCA,GUCA2A_GUCY2C,cellchat_single_gene,cellchat,GUCA2A–GUCY2C
GUCA2B,GUCY2C,GUCA,GUCA2B_GUCY2C,cellchat_single_gene,cellchat,GUCA2B–GUCY2C
IAPP,CALCR,CALCR,IAPP_CALCR,cellchat_single_gene,cellchat,IAPP–CALCR
IAPP,CALCRL,CALCR,IAPP_CALCRL,cellchat_single_gene,cellchat,IAPP–CALCRL
INSL3,RXFP2,RLN,INSL3_RXFP2,cellchat_single_gene,cellchat,INSL3–RXFP2
INSL3,RXFP1,RLN,INSL3_RXFP1,cellchat_single_gene,cellchat,INSL3–RXFP1
INSL3,RXFP4,RLN,INSL3_RXFP4,cellchat_single_gene,cellchat,INSL3–RXFP4
INSL3,RXFP3,RLN,INSL3_RXFP3,cellchat_single_gene,cellchat,INSL3–RXFP3
INSL5,RXFP4,RLN,INSL5_RXFP4,cellchat_single_gene,cellchat,INSL5–RXFP4
INSL5,RXFP3,RLN,INSL5_RXFP3,cellchat_single_gene,cellchat,INSL5–RXFP3
INSL5,RXFP2,RLN,INSL5_RXFP2,cellchat_single_gene,cellchat,INSL5–RXFP2
INSL5,RXFP1,RLN,INSL5_RXFP1,cellchat_single_gene,cellchat,INSL5–RXFP1
LEP,LEPR,LEP,LEP_LEPR,cellchat_single_gene,cellchat,LEP–LEPR
LGALS9,PTPRC,GALECTIN,LGALS9_CD45,cellchat_single_gene,cellchat,LGALS9–PTPRC
NPS,NPSR1,NPS,NPS_NPSR1,cellchat_single_gene,cellchat,NPS–NPSR1
NPVF,NPFFR1,NPVF,NPVF_NPFFR1,cellchat_single_gene,cellchat,NPVF–NPFFR1
NPVF,NPFFR2,NPVF,NPVF_NPFFR2,cellchat_single_gene,cellchat,NPVF–NPFFR2
OSTN,NPR3,OSTN,OSTN_NPR3,cellchat_single_gene,cellchat,OSTN–NPR3
PMCH,MERTK,PMCH,PMCH_MERTK,cellchat_single_gene,cellchat,PMCH–MERTK
PROS1,AXL,PROS,PROS1_AXL,cellchat_single_gene,cellchat,PROS1–AXL
PROS1,TYRO3,PROS,PROS1_TYRO3,cellchat_single_gene,cellchat,PROS1–TYRO3
PSAP,GPR37L1,PSAP,PSAP_GPR37L1,cellchat_single_gene,cellchat,PSAP–GPR37L1
PSAP,GPR37,PSAP,PSAP_GPR37,cellchat_single_gene,cellchat,PSAP–GPR37
PTH,PTH1R,PTH,PTH_PTH1R,cellchat_single_gene,cellchat,PTH–PTH1R
PTH,PTH2R,PTH,PTH_PTH2R,cellchat_single_gene,cellchat,PTH–PTH2R
PTH2,PTH1R,PTH,PTH2_PTH1R,cellchat_single_gene,cellchat,PTH2–PTH1R
PTH2,PTH2R,PTH,PTH2_PTH2R,cellchat_single_gene,cellchat,PTH2–PTH2R
PTHLH,PTH1R,PTH,PTHLH_PTH1R,cellchat_single_gene,cellchat,PTHLH–PTH1R
QRFP,QRFPR,QRFP,QRFP_QRFPR,cellchat_single_gene,cellchat,QRFP–QRFPR
RARRES2,GPR1,CHEMERIN,RARRES2_GPR1,cellchat_single_gene,cellchat,RARRES2–GPR1
RARRES2,CMKLR1,CHEMERIN,RARRES2_CMKLR1,cellchat_single_gene,cellchat,RARRES2–CMKLR1
RLN1,RXFP2,RLN,RLN1_RXFP2,cellchat_single_gene,cellchat,RLN1–RXFP2
RLN1,RXFP1,RLN,RLN1_RXFP1,cellchat_single_gene,cellchat,RLN1–RXFP1
RLN1,RXFP3,RLN,RLN1_RXFP3,cellchat_single_gene,cellchat,RLN1–RXFP3
RLN1,RXFP4,RLN,RLN1_RXFP4,cellchat_single_gene,cellchat,RLN1–RXFP4
RLN3,RXFP3,RLN,RLN3_RXFP3,cellchat_single_gene,cellchat,RLN3–RXFP3
RLN3,RXFP1,RLN,RLN3_RXFP1,cellchat_single_gene,cellchat,RLN3–RXFP1
RLN3,RXFP4,RLN,RLN3_RXFP4,cellchat_single_gene,cellchat,RLN3–RXFP4
RLN3,RXFP2,RLN,RLN3_RXFP2,cellchat_single_gene,cellchat,RLN3–RXFP2
SAA1,FPR2,SAA,SAA1_FPR2,cellchat_single_gene,cellchat,SAA1–FPR2
SCGB3A2,MARCO,UGRP1,SCGB3A2_MARCO,cellchat_single_gene,cellchat,SCGB3A2–MARCO
SCT,SCTR,SCT,SCT_SCTR,cellchat_single_gene,cellchat,SCT–SCTR
SLURP1,CHRNB1,SLURP,SLURP1_CHRNB1,cellchat_single_gene,cellchat,SLURP1–CHRNB1
SLURP1,CHRNB2,SLURP,SLURP1_CHRNB2,cellchat_single_gene,cellchat,SLURP1–CHRNB2
SLURP1,CHRNB3,SLURP,SLURP1_CHRNB3,cellchat_single_gene,cellchat,SLURP1–CHRNB3
SLURP1,CHRNB4,SLURP,SLURP1_CHRNB4,cellchat_single_gene,cellchat,SLURP1–CHRNB4
SLURP1,CHRNA1,SLURP,SLURP1_CHRNA1,cellchat_single_gene,cellchat,SLURP1–CHRNA1
SLURP1,CHRNA2,SLURP,SLURP1_CHRNA2,cellchat_single_gene,cellchat,SLURP1–CHRNA2
SLURP1,CHRNA3,SLURP,SLURP1_CHRNA3,cellchat_single_gene,cellchat,SLURP1–CHRNA3
SLURP1,CHRNA4,SLURP,SLURP1_CHRNA4,cellchat_single_gene,cellchat,SLURP1–CHRNA4
SLURP1,CHRNA5,SLURP,SLURP1_CHRNA5,cellchat_single_gene,cellchat,SLURP1–CHRNA5
SLURP1,CHRNA6,SLURP,SLURP1_CHRNA6,cellchat_single_gene,cellchat,SLURP1–CHRNA6
SLURP1,CHRNA9,SLURP,SLURP1_CHRNA9,cellchat_single_gene,cellchat,SLURP1–CHRNA9
SLURP1,CHRNA10,SLURP,SLURP1_CHRNA10,cellchat_single_gene,cellchat,SLURP1–CHRNA10
SLURP1,CHRND,SLURP,SLURP1_CHRND,cellchat_single_gene,cellchat,SLURP1–CHRND
SLURP1,CHRNE,SLURP,SLURP1_CHRNE,cellchat_single_gene,cellchat,SLURP1–CHRNE
SLURP1,CHRNG,SLURP,SLURP1_CHRNG,cellchat_single_gene,cellchat,SLURP1–CHRNG
SLURP1,CHRNA7,SLURP,SLURP1_CHRNA7,cellchat_single_gene,cellchat,SLURP1–CHRNA7
SLURP2,CHRNB1,SLURP,SLURP2_CHRNB1,cellchat_single_gene,cellchat,SLURP2–CHRNB1
SLURP2,CHRNB2,SLURP,SLURP2_CHRNB2,cellchat_single_gene,cellchat,SLURP2–CHRNB2
SLURP2,CHRNB3,SLURP,SLURP2_CHRNB3,cellchat_single_gene,cellchat,SLURP2–CHRNB3
SLURP2,CHRNB4,SLURP,SLURP2_CHRNB4,cellchat_single_gene,cellchat,SLURP2–CHRNB4
SLURP2,CHRNA1,SLURP,SLURP2_CHRNA1,cellchat_single_gene,cellchat,SLURP2–CHRNA1
SLURP2,CHRNA2,SLURP,SLURP2_CHRNA2,cellchat_single_gene,cellchat,SLURP2–CHRNA2
SLURP2,CHRNA3,SLURP,SLURP2_CHRNA3,cellchat_single_gene,cellchat,SLURP2–CHRNA3
SLURP2,CHRNA4,SLURP,SLURP2_CHRNA4,cellchat_single_gene,cellchat,SLURP2–CHRNA4
SLURP2,CHRNA5,SLURP,SLURP2_CHRNA5,cellchat_single_gene,cellchat,SLURP2–CHRNA5
SLURP2,CHRNA6,SLURP,SLURP2_CHRNA6,cellchat_single_gene,cellchat,SLURP2–CHRNA6
SLURP2,CHRNA7,SLURP,SLURP2_CHRNA7,cellchat_single_gene,cellchat,SLURP2–CHRNA7
SLURP2,CHRNA9,SLURP,SLURP2_CHRNA9,cellchat_single_gene,cellchat,SLURP2–CHRNA9
SLURP2,CHRNA10,SLURP,SLURP2_CHRNA10,cellchat_single_gene,cellchat,SLURP2–CHRNA10
SLURP2,CHRND,SLURP,SLURP2_CHRND,cellchat_single_gene,cellchat,SLURP2–CHRND
SLURP2,CHRNE,SLURP,SLURP2_CHRNE,cellchat_single_gene,cellchat,SLURP2–CHRNE
SLURP2,CHRNG,SLURP,SLURP2_CHRNG,cellchat_single_gene,cellchat,SLURP2–CHRNG
BTLA,TNFRSF14,BTLA,BTLA_TNFRSF14,cellchat_single_gene,cellchat,BTLA–TNFRSF14
TRH,TRHR,TRH,TRH_TRHR,cellchat_single_gene,cellchat,TRH–TRHR
UCN,CRHR1,UCN,UCN_CRHR1,cellchat_single_gene,cellchat,UCN–CRHR1
UCN,CRHR2,UCN,UCN_CRHR2,cellchat_single_gene,cellchat,UCN–CRHR2
UCN2,CRHR1,UCN,UCN2_CRHR1,cellchat_single_gene,cellchat,UCN2–CRHR1
UCN2,CRHR2,UCN,UCN2_CRHR2,cellchat_single_gene,cellchat,UCN2–CRHR2
UCN3,CRHR1,UCN,UCN3_CRHR1,cellchat_single_gene,cellchat,UCN3–CRHR1
UCN3,CRHR2,UCN,UCN3_CRHR2,cellchat_single_gene,cellchat,UCN3–CRHR2
UTS2B,UTS2R,UROTENSIN,UTS2B_UTS2R,cellchat_single_gene,cellchat,UTS2B–UTS2R
UTS2B,SSTR5,UROTENSIN,UTS2B_SSTR5,cellchat_single_gene,cellchat,UTS2B–SSTR5
BAG6,NCR3,BAG,BAG6_NCR3-PS,cellchat_single_gene,cellchat,BAG6–NCR3
LGALS9,HAVCR2,GALECTIN,LGALS9_HAVCR2,cellchat_single_gene,cellchat,LGALS9–HAVCR2
LGALS9,CD44,GALECTIN,LGALS9_CD44,cellchat_single_gene,cellchat,LGALS9–CD44
FN1,CD44,FN1,FN1_CD44,cellchat_single_gene,cellchat,FN1–CD44
COL1A1,CD44,COLLAGEN,COL1A1_CD44,cellchat_single_gene,cellchat,COL1A1–CD44
COL1A2,CD44,COLLAGEN,COL1A2_CD44,cellchat_single_gene,cellchat,COL1A2–CD44
COL2A1,CD44,COLLAGEN,COL2A1_CD44,cellchat_single_gene,cellchat,COL2A1–CD44
COL4A1,CD44,COLLAGEN,COL4A1_CD44,cellchat_single_gene,cellchat,COL4A1–CD44
COL4A2,CD44,COLLAGEN,COL4A2_CD44,cellchat_single_gene,cellchat,COL4A2–CD44
COL4A3,CD44,COLLAGEN,COL4A3_CD44,cellchat_single_gene,cellchat,COL4A3–CD44
COL4A4,CD44,COLLAGEN,COL4A4_CD44,cellchat_single_gene,cellchat,COL4A4–CD44
COL4A5,CD44,COLLAGEN,COL4A5_CD44,cellchat_single_gene,cellchat,COL4A5–CD44
COL4A6,CD44,COLLAGEN,COL4A6_CD44,cellchat_single_gene,cellchat,COL4A6–CD44
COL6A1,CD44,COLLAGEN,COL6A1_CD44,cellchat_single_gene,cellchat,COL6A1–CD44
COL6A2,CD44,COLLAGEN,COL6A2_CD44,cellchat_single_gene,cellchat,COL6A2–CD44
COL6A3,CD44,COLLAGEN,COL6A3_CD44,cellchat_single_gene,cellchat,COL6A3–CD44
COL6A5,CD44,COLLAGEN,COL6A5_CD44,cellchat_single_gene,cellchat,COL6A5–CD44
COL6A6,CD44,COLLAGEN,COL6A6_CD44,cellchat_single_gene,cellchat,COL6A6–CD44
COL9A1,CD44,COLLAGEN,COL9A1_CD44,cellchat_single_gene,cellchat,COL9A1–CD44
COL9A2,CD44,COLLAGEN,COL9A2_CD44,cellchat_single_gene,cellchat,COL9A2–CD44
COL9A3,CD44,COLLAGEN,COL9A3_CD44,cellchat_single_gene,cellchat,COL9A3–CD44
LAMA1,CD44,LAMININ,LAMA1_CD44,cellchat_single_gene,cellchat,LAMA1–CD44
LAMA2,CD44,LAMININ,LAMA2_CD44,cellchat_single_gene,cellchat,LAMA2–CD44
LAMA3,CD44,LAMININ,LAMA3_CD44,cellchat_single_gene,cellchat,LAMA3–CD44
LAMA4,CD44,LAMININ,LAMA4_CD44,cellchat_single_gene,cellchat,LAMA4–CD44
LAMA5,CD44,LAMININ,LAMA5_CD44,cellchat_single_gene,cellchat,LAMA5–CD44
LAMB1,CD44,LAMININ,LAMB1_CD44,cellchat_single_gene,cellchat,LAMB1–CD44
LAMB2,CD44,LAMININ,LAMB2_CD44,cellchat_single_gene,cellchat,LAMB2–CD44
LAMB3,CD44,LAMININ,LAMB3_CD44,cellchat_single_gene,cellchat,LAMB3–CD44
LAMC1,CD44,LAMININ,LAMC1_CD44,cellchat_single_gene,cellchat,LAMC1–CD44
LAMC2,CD44,LAMININ,LAMC2_CD44,cellchat_single_gene,cellchat,LAMC2–CD44
LAMC3,CD44,LAMININ,LAMC3_CD44,cellchat_single_gene,cellchat,LAMC3–CD44
COL1A1,SDC1,COLLAGEN,COL1A1_SDC1,cellchat_single_gene,cellchat,COL1A1–SDC1
COL1A2,SDC1,COLLAGEN,COL1A2_SDC1,cellchat_single_gene,cellchat,COL1A2–SDC1
COL2A1,SDC1,COLLAGEN,COL2A1_SDC1,cellchat_single_gene,cellchat,COL2A1–SDC1
COL4A1,SDC1,COLLAGEN,COL4A1_SDC1,cellchat_single_gene,cellchat,COL4A1–SDC1
COL4A2,SDC1,COLLAGEN,COL4A2_SDC1,cellchat_single_gene,cellchat,COL4A2–SDC1
COL4A3,SDC1,COLLAGEN,COL4A3_SDC1,cellchat_single_gene,cellchat,COL4A3–SDC1
COL4A4,SDC1,COLLAGEN,COL4A4_SDC1,cellchat_single_gene,cellchat,COL4A4–SDC1
COL4A5,SDC1,COLLAGEN,COL4A5_SDC1,cellchat_single_gene,cellchat,COL4A5–SDC1
COL4A6,SDC1,COLLAGEN,COL4A6_SDC1,cellchat_single_gene,cellchat,COL4A6–SDC1
COL6A1,SDC1,COLLAGEN,COL6A1_SDC1,cellchat_single_gene,cellchat,COL6A1–SDC1
COL6A2,SDC1,COLLAGEN,COL6A2_SDC1,cellchat_single_gene,cellchat,COL6A2–SDC1
COL6A3,SDC1,COLLAGEN,COL6A3_SDC1,cellchat_single_gene,cellchat,COL6A3–SDC1
COL6A5,SDC1,COLLAGEN,COL6A5_SDC1,cellchat_single_gene,cellchat,COL6A5–SDC1
COL6A6,SDC1,COLLAGEN,COL6A6_SDC1,cellchat_single_gene,cellchat,COL6A6–SDC1
COL9A1,SDC1,COLLAGEN,COL9A1_SDC1,cellchat_single_gene,cellchat,COL9A1–SDC1
COL9A2,SDC1,COLLAGEN,COL9A2_SDC1,cellchat_single_gene,cellchat,COL9A2–SDC1
COL9A3,SDC1,COLLAGEN,COL9A3_SDC1,cellchat_single_gene,cellchat,COL9A3–SDC1
FN1,SDC1,FN1,FN1_SDC1,cellchat_single_gene,cellchat,FN1–SDC1
TNC,SDC1,TENASCIN,TNC_SDC1,cellchat_single_gene,cellchat,TNC–SDC1
TNR,SDC1,TENASCIN,TNR_SDC1,cellchat_single_gene,cellchat,TNR–SDC1
TNN,SDC1,TENASCIN,TNN_SDC1,cellchat_single_gene,cellchat,TNN–SDC1
TNXB,SDC1,TENASCIN,TNXB_SDC1,cellchat_single_gene,cellchat,TNXB–SDC1
THBS1,SDC1,THBS,THBS1_SDC1,cellchat_single_gene,cellchat,THBS1–SDC1
THBS2,SDC1,THBS,THBS2_SDC1,cellchat_single_gene,cellchat,THBS2–SDC1
THBS3,SDC1,THBS,THBS3_SDC1,cellchat_single_gene,cellchat,THBS3–SDC1
THBS4,SDC1,THBS,THBS4_SDC1,cellchat_single_gene,cellchat,THBS4–SDC1
COMP,SDC1,THBS,COMP_SDC1,cellchat_single_gene,cellchat,COMP–SDC1
COL1A1,SDC4,COLLAGEN,COL1A1_SDC4,cellchat_single_gene,cellchat,COL1A1–SDC4
COL1A2,SDC4,COLLAGEN,COL1A2_SDC4,cellchat_single_gene,cellchat,COL1A2–SDC4
COL2A1,SDC4,COLLAGEN,COL2A1_SDC4,cellchat_single_gene,cellchat,COL2A1–SDC4
COL4A1,SDC4,COLLAGEN,COL4A1_SDC4,cellchat_single_gene,cellchat,COL4A1–SDC4
COL4A2,SDC4,COLLAGEN,COL4A2_SDC4,cellchat_single_gene,cellchat,COL4A2–SDC4
COL4A3,SDC4,COLLAGEN,COL4A3_SDC4,cellchat_single_gene,cellchat,COL4A3–SDC4
COL4A4,SDC4,COLLAGEN,COL4A4_SDC4,cellchat_single_gene,cellchat,COL4A4–SDC4
COL4A5,SDC4,COLLAGEN,COL4A5_SDC4,cellchat_single_gene,cellchat,COL4A5–SDC4
COL4A6,SDC4,COLLAGEN,COL4A6_SDC4,cellchat_single_gene,cellchat,COL4A6–SDC4
COL6A1,SDC4,COLLAGEN,COL6A1_SDC4,cellchat_single_gene,cellchat,COL6A1–SDC4
COL6A2,SDC4,COLLAGEN,COL6A2_SDC4,cellchat_single_gene,cellchat,COL6A2–SDC4
COL6A3,SDC4,COLLAGEN,COL6A3_SDC4,cellchat_single_gene,cellchat,COL6A3–SDC4
COL6A5,SDC4,COLLAGEN,COL6A5_SDC4,cellchat_single_gene,cellchat,COL6A5–SDC4
COL6A6,SDC4,COLLAGEN,COL6A6_SDC4,cellchat_single_gene,cellchat,COL6A6–SDC4
COL9A1,SDC4,COLLAGEN,COL9A1_SDC4,cellchat_single_gene,cellchat,COL9A1–SDC4
COL9A2,SDC4,COLLAGEN,COL9A2_SDC4,cellchat_single_gene,cellchat,COL9A2–SDC4
COL9A3,SDC4,COLLAGEN,COL9A3_SDC4,cellchat_single_gene,cellchat,COL9A3–SDC4
FN1,SDC4,FN1,FN1_SDC4,cellchat_single_gene,cellchat,FN1–SDC4
TNC,SDC4,TENASCIN,TNC_SDC4,cellchat_single_gene,cellchat,TNC–SDC4
TNR,SDC4,TENASCIN,TNR_SDC4,cellchat_single_gene,cellchat,TNR–SDC4
TNN,SDC4,TENASCIN,TNN_SDC4,cellchat_single_gene,cellchat,TNN–SDC4
TNXB,SDC4,TENASCIN,TNXB_SDC4,cellchat_single_gene,cellchat,TNXB–SDC4
THBS1,SDC4,THBS,THBS1_SDC4,cellchat_single_gene,cellchat,THBS1–SDC4
THBS2,SDC4,THBS,THBS2_SDC4,cellchat_single_gene,cellchat,THBS2–SDC4
THBS3,SDC4,THBS,THBS3_SDC4,cellchat_single_gene,cellchat,THBS3–SDC4
THBS4,SDC4,THBS,THBS4_SDC4,cellchat_single_gene,cellchat,THBS4–SDC4
COMP,SDC4,THBS,COMP_SDC4,cellchat_single_gene,cellchat,COMP–SDC4
LAMA1,SV2A,LAMININ,LAMA1_SV2A,cellchat_single_gene,cellchat,LAMA1–SV2A
LAMA2,SV2A,LAMININ,LAMA2_SV2A,cellchat_single_gene,cellchat,LAMA2–SV2A
LAMA3,SV2A,LAMININ,LAMA3_SV2A,cellchat_single_gene,cellchat,LAMA3–SV2A
LAMA4,SV2A,LAMININ,LAMA4_SV2A,cellchat_single_gene,cellchat,LAMA4–SV2A
LAMA5,SV2A,LAMININ,LAMA5_SV2A,cellchat_single_gene,cellchat,LAMA5–SV2A
LAMB1,SV2A,LAMININ,LAMB1_SV2A,cellchat_single_gene,cellchat,LAMB1–SV2A
LAMB2,SV2A,LAMININ,LAMB2_SV2A,cellchat_single_gene,cellchat,LAMB2–SV2A
LAMB3,SV2A,LAMININ,LAMB3_SV2A,cellchat_single_gene,cellchat,LAMB3–SV2A
LAMC1,SV2A,LAMININ,LAMC1_SV2A,cellchat_single_gene,cellchat,LAMC1–SV2A
LAMC2,SV2A,LAMININ,LAMC2_SV2A,cellchat_single_gene,cellchat,LAMC2–SV2A
LAMC3,SV2A,LAMININ,LAMC3_SV2A,cellchat_single_gene,cellchat,LAMC3–SV2A
LAMA1,SV2B,LAMININ,LAMA1_SV2B,cellchat_single_gene,cellchat,LAMA1–SV2B
LAMA2,SV2B,LAMININ,LAMA2_SV2B,cellchat_single_gene,cellchat,LAMA2–SV2B
LAMA3,SV2B,LAMININ,LAMA3_SV2B,cellchat_single_gene,cellchat,LAMA3–SV2B
LAMA4,SV2B,LAMININ,LAMA4_SV2B,cellchat_single_gene,cellchat,LAMA4–SV2B
LAMA5,SV2B,LAMININ,LAMA5_SV2B,cellchat_single_gene,cellchat,LAMA5–SV2B
LAMB1,SV2B,LAMININ,LAMB1_SV2B,cellchat_single_gene,cellchat,LAMB1–SV2B
LAMB2,SV2B,LAMININ,LAMB2_SV2B,cellchat_single_gene,cellchat,LAMB2–SV2B
LAMB3,SV2B,LAMININ,LAMB3_SV2B,cellchat_single_gene,cellchat,LAMB3–SV2B
LAMC1,SV2B,LAMININ,LAMC1_SV2B,cellchat_single_gene,cellchat,LAMC1–SV2B
LAMC2,SV2B,LAMININ,LAMC2_SV2B,cellchat_single_gene,cellchat,LAMC2–SV2B
LAMC3,SV2B,LAMININ,LAMC3_SV2B,cellchat_single_gene,cellchat,LAMC3–SV2B
LAMA1,SV2C,LAMININ,LAMA1_SV2C,cellchat_single_gene,cellchat,LAMA1–SV2C
LAMA2,SV2C,LAMININ,LAMA2_SV2C,cellchat_single_gene,cellchat,LAMA2–SV2C
LAMA3,SV2C,LAMININ,LAMA3_SV2C,cellchat_single_gene,cellchat,LAMA3–SV2C
LAMA4,SV2C,LAMININ,LAMA4_SV2C,cellchat_single_gene,cellchat,LAMA4–SV2C
LAMA5,SV2C,LAMININ,LAMA5_SV2C,cellchat_single_gene,cellchat,LAMA5–SV2C
LAMB1,SV2C,LAMININ,LAMB1_SV2C,cellchat_single_gene,cellchat,LAMB1–SV2C
LAMB2,SV2C,LAMININ,LAMB2_SV2C,cellchat_single_gene,cellchat,LAMB2–SV2C
LAMB3,SV2C,LAMININ,LAMB3_SV2C,cellchat_single_gene,cellchat,LAMB3–SV2C
LAMC1,SV2C,LAMININ,LAMC1_SV2C,cellchat_single_gene,cellchat,LAMC1–SV2C
LAMC2,SV2C,LAMININ,LAMC2_SV2C,cellchat_single_gene,cellchat,LAMC2–SV2C
LAMC3,SV2C,LAMININ,LAMC3_SV2C,cellchat_single_gene,cellchat,LAMC3–SV2C
THBS1,CD36,THBS,THBS1_CD36,cellchat_single_gene,cellchat,THBS1–CD36
THBS2,CD36,THBS,THBS2_CD36,cellchat_single_gene,cellchat,THBS2–CD36
THBS3,CD36,THBS,THBS3_CD36,cellchat_single_gene,cellchat,THBS3–CD36
THBS4,CD36,THBS,THBS4_CD36,cellchat_single_gene,cellchat,THBS4–CD36
COMP,CD36,THBS,COMP_CD36,cellchat_single_gene,cellchat,COMP–CD36
COL1A1,GP6,COLLAGEN,COL1A1_GP6,cellchat_single_gene,cellchat,COL1A1–GP6
COL1A2,GP6,COLLAGEN,COL1A2_GP6,cellchat_single_gene,cellchat,COL1A2–GP6
COL2A1,GP6,COLLAGEN,COL2A1_GP6,cellchat_single_gene,cellchat,COL2A1–GP6
COL4A1,GP6,COLLAGEN,COL4A1_GP6,cellchat_single_gene,cellchat,COL4A1–GP6
COL4A2,GP6,COLLAGEN,COL4A2_GP6,cellchat_single_gene,cellchat,COL4A2–GP6
COL4A3,GP6,COLLAGEN,COL4A3_GP6,cellchat_single_gene,cellchat,COL4A3–GP6
COL4A4,GP6,COLLAGEN,COL4A4_GP6,cellchat_single_gene,cellchat,COL4A4–GP6
COL4A5,GP6,COLLAGEN,COL4A5_GP6,cellchat_single_gene,cellchat,COL4A5–GP6
COL4A6,GP6,COLLAGEN,COL4A6_GP6,cellchat_single_gene,cellchat,COL4A6–GP6
COL6A1,GP6,COLLAGEN,COL6A1_GP6,cellchat_single_gene,cellchat,COL6A1–GP6
COL6A2,GP6,COLLAGEN,COL6A2_GP6,cellchat_single_gene,cellchat,COL6A2–GP6
COL6A3,GP6,COLLAGEN,COL6A3_GP6,cellchat_single_gene,cellchat,COL6A3–GP6
COL6A5,GP6,COLLAGEN,COL6A5_GP6,cellchat_single_gene,cellchat,COL6A5–GP6
COL6A6,GP6,COLLAGEN,COL6A6_GP6,cellchat_single_gene,cellchat,COL6A6–GP6
COL9A1,GP6,COLLAGEN,COL9A1_GP6,cellchat_single_gene,cellchat,COL9A1–GP6
COL9A2,GP6,COLLAGEN,COL9A2_GP6,cellchat_single_gene,cellchat,COL9A2–GP6
COL9A3,GP6,COLLAGEN,COL9A3_GP6,cellchat_single_gene,cellchat,COL9A3–GP6
THBS1,CD47,THBS,THBS1_CD47,cellchat_single_gene,cellchat,THBS1–CD47
THBS2,CD47,THBS,THBS2_CD47,cellchat_single_gene,cellchat,THBS2–CD47
THBS3,CD47,THBS,THBS3_CD47,cellchat_single_gene,cellchat,THBS3–CD47
THBS4,CD47,THBS,THBS4_CD47,cellchat_single_gene,cellchat,THBS4–CD47
COMP,CD47,THBS,COMP_CD47,cellchat_single_gene,cellchat,COMP–CD47
AGRN,DAG1,AGRN,AGRN_DAG1,cellchat_single_gene,cellchat,AGRN–DAG1
HSPG2,DAG1,HSPG,HSPG2_DAG1,cellchat_single_gene,cellchat,HSPG2–DAG1
LAMA1,DAG1,LAMININ,LAMA1_DAG1,cellchat_single_gene,cellchat,LAMA1–DAG1
LAMA2,DAG1,LAMININ,LAMA2_DAG1,cellchat_single_gene,cellchat,LAMA2–DAG1
LAMA3,DAG1,LAMININ,LAMA3_DAG1,cellchat_single_gene,cellchat,LAMA3–DAG1
LAMA4,DAG1,LAMININ,LAMA4_DAG1,cellchat_single_gene,cellchat,LAMA4–DAG1
LAMA5,DAG1,LAMININ,LAMA5_DAG1,cellchat_single_gene,cellchat,LAMA5–DAG1
LAMB1,DAG1,LAMININ,LAMB1_DAG1,cellchat_single_gene,cellchat,LAMB1–DAG1
LAMB2,DAG1,LAMININ,LAMB2_DAG1,cellchat_single_gene,cellchat,LAMB2–DAG1
LAMB3,DAG1,LAMININ,LAMB3_DAG1,cellchat_single_gene,cellchat,LAMB3–DAG1
LAMC1,DAG1,LAMININ,LAMC1_DAG1,cellchat_single_gene,cellchat,LAMC1–DAG1
LAMC2,DAG1,LAMININ,LAMC2_DAG1,cellchat_single_gene,cellchat,LAMC2–DAG1
LAMC3,DAG1,LAMININ,LAMC3_DAG1,cellchat_single_gene,cellchat,LAMC3–DAG1
ADGRE5,CD55,ADGRE5,ADGRE5_CD55,cellchat_single_gene,cellchat,ADGRE5–CD55
ALCAM,CD6,ALCAM,ALCAM_CD6,cellchat_single_gene,cellchat,ALCAM–CD6
APP,CD74,APP,APP_CD74,cellchat_single_gene,cellchat,APP–CD74
CADM1,CADM1,CADM,CADM1_CADM1,cellchat_single_gene,cellchat,CADM1–CADM1
CADM3,CADM3,CADM,CADM3_CADM3,cellchat_single_gene,cellchat,CADM3–CADM3
CD22,PTPRC,CD22,CD22_PTPRC,cellchat_single_gene,cellchat,CD22–PTPRC
CD226,NECTIN2,CD226,CD226_NECTIN2,cellchat_single_gene,cellchat,CD226–NECTIN2
CD226,PVR,CD226,CD226_PVR,cellchat_single_gene,cellchat,CD226–PVR
FCER2,CR2,CD23,FCER2A_CR2,cellchat_single_gene,cellchat,FCER2–CR2
CD34,SELP,CD34,CD34_SELP,cellchat_single_gene,cellchat,CD34–SELP
ENTPD1,ADORA1,CD39,ENTPD1_ADORA1,cellchat_single_gene,cellchat,ENTPD1–ADORA1
ENTPD1,ADORA2A,CD39,ENTPD1_ADORA2A,cellchat_single_gene,cellchat,ENTPD1–ADORA2A
ENTPD1,ADORA2B,CD39,ENTPD1_ADORA2B,cellchat_single_gene,cellchat,ENTPD1–ADORA2B
ENTPD1,TMIGD3,CD39,ENTPD1_TMIGD3,cellchat_single_gene,cellchat,ENTPD1–TMIGD3
CD40LG,CD40,CD40,CD40LG_CD40,cellchat_single_gene,cellchat,CD40LG–CD40
PTPRC,CD22,CD45,PTPRC_CD22,cellchat_single_gene,cellchat,PTPRC–CD22
PTPRC,MRC1,CD45,PTPRC_MRC1,cellchat_single_gene,cellchat,PTPRC–MRC1
CD46,JAG1,CD46,CD46_JAG1,cellchat_single_gene,cellchat,CD46–JAG1
CD48,CD244,CD48,CD48_CD244A,cellchat_single_gene,cellchat,CD48–CD244
CD6,ALCAM,CD6,CD6_ALCAM,cellchat_single_gene,cellchat,CD6–ALCAM
CD80,CD274,CD80,CD80_CD274,cellchat_single_gene,cellchat,CD80–CD274
CD80,CD28,CD80,CD80_CD28,cellchat_single_gene,cellchat,CD80–CD28
CD80,CTLA4,CD80,CD80_CTLA4,cellchat_single_gene,cellchat,CD80–CTLA4
CD86,CD28,CD86,CD86_CD28,cellchat_single_gene,cellchat,CD86–CD28
CD86,CTLA4,CD86,CD86_CTLA4,cellchat_single_gene,cellchat,CD86–CTLA4
CD96,NECTIN1,CD96,CD96_NECTIN1,cellchat_single_gene,cellchat,CD96–NECTIN1
CD96,PVR,CD96,CD96_PVR,cellchat_single_gene,cellchat,CD96–PVR
CD99,PILRA,CD99,CD99_PILRA,cellchat_single_gene,cellchat,CD99–PILRA
CD99,CD99,CD99,CD99_CD99,cellchat_single_gene,cellchat,CD99–CD99
CD99,CD99L2,CD99,CD99_CD99L2,cellchat_single_gene,cellchat,CD99–CD99L2
CDH15,CDH15,CDH,CDH15_CDH15,cellchat_single_gene,cellchat,CDH15–CDH15
CDH4,CDH4,CDH,CDH4_CDH4,cellchat_single_gene,cellchat,CDH4–CDH4
CDH2,CDH2,CDH,CDH2_CDH2,cellchat_single_gene,cellchat,CDH2–CDH2
CDH1,CDH1,CDH,CDH1_CDH1,cellchat_single_gene,cellchat,CDH1–CDH1
CDH1,KLRG1,CDH1,CDH1_KLRG1,cellchat_single_gene,cellchat,CDH1–KLRG1
CDH5,CDH5,CDH5,CDH5_CDH5,cellchat_single_gene,cellchat,CDH5–CDH5
CD1D,CEACAM5,CEACAM,CD1D_CEACAM5,cellchat_single_gene,cellchat,CD1D–CEACAM5
CD209,CEACAM1,CEACAM,CD209_CEACAM1,cellchat_single_gene,cellchat,CD209–CEACAM1
CD8A,CEACAM5,CEACAM,CD8A_CEACAM5,cellchat_single_gene,cellchat,CD8A–CEACAM5
CEACAM1,CEACAM5,CEACAM,CEACAM1_CEACAM5,cellchat_single_gene,cellchat,CEACAM1–CEACAM5
SELE,CEACAM1,CEACAM,SELE_CEACAM1,cellchat_single_gene,cellchat,SELE–CEACAM1
CLDN11,CLDN11,CLDN,CLDN11_CLDN11,cellchat_single_gene,cellchat,CLDN11–CLDN11
CLEC2D,KLRB1,CLEC,CLEC2D_KLRB1,cellchat_single_gene,cellchat,CLEC2D–KLRB1
CLEC2A,KLRB1,CLEC,CLEC2A_KLRB1,cellchat_single_gene,cellchat,CLEC2A–KLRB1
CLEC2B,KLRB1,CLEC,CLEC2B_KLRB1,cellchat_single_gene,cellchat,CLEC2B–KLRB1
CD69,KLRB1,CLEC,CLEC2C_KLRB1,cellchat_single_gene,cellchat,CD69–KLRB1
CLEC2L,KLRB1,CLEC,CLEC2L_KLRB1,cellchat_single_gene,cellchat,CLEC2L–KLRB1
CLEC1B,KLRB1,CLEC,CLEC1B_KLRB1,cellchat_single_gene,cellchat,CLEC1B–KLRB1
CNTN2,L1CAM,CNTN,CNTN2_L1CAM,cellchat_single_gene,cellchat,CNTN2–L1CAM
CNTN2,CNTN2,CNTN,CNTN2_CNTN2,cellchat_single_gene,cellchat,CNTN2–CNTN2
CNTN1,NRCAM,CNTN,CNTN1_NRCAM,cellchat_single_gene,cellchat,CNTN1–NRCAM
DSC1,DSG1,DESMOSOME,DSC1_DSG1,cellchat_single_gene,cellchat,DSC1–DSG1
DSC1,DSG2,DESMOSOME,DSC1_DSG2,cellchat_single_gene,cellchat,DSC1–DSG2
DSC2,DSG1,DESMOSOME,DSC2_DSG1,cellchat_single_gene,cellchat,DSC2–DSG1
DSC2,DSG2,DESMOSOME,DSC2_DSG2,cellchat_single_gene,cellchat,DSC2–DSG2
DSG1,DSC3,DESMOSOME,DSG1_DSC3,cellchat_single_gene,cellchat,DSG1–DSC3
DSG2,DSC3,DESMOSOME,DSG2_DSC3,cellchat_single_gene,cellchat,DSG2–DSC3
EPGN,EGFR,EPGN,EPGN_EGFR,cellchat_single_gene,cellchat,EPGN–EGFR
EFNA1,EPHA1,EPHA,EFNA1_EPHA1,cellchat_single_gene,cellchat,EFNA1–EPHA1
EFNA1,EPHA2,EPHA,EFNA1_EPHA2,cellchat_single_gene,cellchat,EFNA1–EPHA2
EFNA1,EPHA3,EPHA,EFNA1_EPHA3,cellchat_single_gene,cellchat,EFNA1–EPHA3
EFNA1,EPHA4,EPHA,EFNA1_EPHA4,cellchat_single_gene,cellchat,EFNA1–EPHA4
EFNA1,EPHA5,EPHA,EFNA1_EPHA5,cellchat_single_gene,cellchat,EFNA1–EPHA5
EFNA1,EPHA7,EPHA,EFNA1_EPHA7,cellchat_single_gene,cellchat,EFNA1–EPHA7
EFNA1,EPHA8,EPHA,EFNA1_EPHA8,cellchat_single_gene,cellchat,EFNA1–EPHA8
EFNA2,EPHA1,EPHA,EFNA2_EPHA1,cellchat_single_gene,cellchat,EFNA2–EPHA1
EFNA2,EPHA2,EPHA,EFNA2_EPHA2,cellchat_single_gene,cellchat,EFNA2–EPHA2
EFNA2,EPHA3,EPHA,EFNA2_EPHA3,cellchat_single_gene,cellchat,EFNA2–EPHA3
EFNA2,EPHA4,EPHA,EFNA2_EPHA4,cellchat_single_gene,cellchat,EFNA2–EPHA4
EFNA2,EPHA5,EPHA,EFNA2_EPHA5,cellchat_single_gene,cellchat,EFNA2–EPHA5
EFNA2,EPHA7,EPHA,EFNA2_EPHA7,cellchat_single_gene,cellchat,EFNA2–EPHA7
EFNA2,EPHA8,EPHA,EFNA2_EPHA8,cellchat_single_gene,cellchat,EFNA2–EPHA8
EFNA3,EPHA1,EPHA,EFNA3_EPHA1,cellchat_single_gene,cellchat,EFNA3–EPHA1
EFNA3,EPHA2,EPHA,EFNA3_EPHA2,cellchat_single_gene,cellchat,EFNA3–EPHA2
EFNA3,EPHA3,EPHA,EFNA3_EPHA3,cellchat_single_gene,cellchat,EFNA3–EPHA3
EFNA3,EPHA4,EPHA,EFNA3_EPHA4,cellchat_single_gene,cellchat,EFNA3–EPHA4
EFNA3,EPHA5,EPHA,EFNA3_EPHA5,cellchat_single_gene,cellchat,EFNA3–EPHA5
EFNA3,EPHA7,EPHA,EFNA3_EPHA7,cellchat_single_gene,cellchat,EFNA3–EPHA7
EFNA3,EPHA8,EPHA,EFNA3_EPHA8,cellchat_single_gene,cellchat,EFNA3–EPHA8
EFNA4,EPHA1,EPHA,EFNA4_EPHA1,cellchat_single_gene,cellchat,EFNA4–EPHA1
EFNA4,EPHA2,EPHA,EFNA4_EPHA2,cellchat_single_gene,cellchat,EFNA4–EPHA2
EFNA4,EPHA3,EPHA,EFNA4_EPHA3,cellchat_single_gene,cellchat,EFNA4–EPHA3
EFNA4,EPHA4,EPHA,EFNA4_EPHA4,cellchat_single_gene,cellchat,EFNA4–EPHA4
EFNA4,EPHA5,EPHA,EFNA4_EPHA5,cellchat_single_gene,cellchat,EFNA4–EPHA5
EFNA4,EPHA7,EPHA,EFNA4_EPHA7,cellchat_single_gene,cellchat,EFNA4–EPHA7
EFNA4,EPHA8,EPHA,EFNA4_EPHA8,cellchat_single_gene,cellchat,EFNA4–EPHA8
EFNA5,EPHA1,EPHA,EFNA5_EPHA1,cellchat_single_gene,cellchat,EFNA5–EPHA1
EFNA5,EPHA2,EPHA,EFNA5_EPHA2,cellchat_single_gene,cellchat,EFNA5–EPHA2
EFNA5,EPHA3,EPHA,EFNA5_EPHA3,cellchat_single_gene,cellchat,EFNA5–EPHA3
EFNA5,EPHA4,EPHA,EFNA5_EPHA4,cellchat_single_gene,cellchat,EFNA5–EPHA4
EFNA5,EPHA5,EPHA,EFNA5_EPHA5,cellchat_single_gene,cellchat,EFNA5–EPHA5
EFNA5,EPHA7,EPHA,EFNA5_EPHA7,cellchat_single_gene,cellchat,EFNA5–EPHA7
EFNA5,EPHA8,EPHA,EFNA5_EPHA8,cellchat_single_gene,cellchat,EFNA5–EPHA8
EFNA5,EPHB2,EPHA,EFNA5_EPHB2,cellchat_single_gene,cellchat,EFNA5–EPHB2
EFNB1,EPHA4,EPHB,EFNB1_EPHA4,cellchat_single_gene,cellchat,EFNB1–EPHA4
EFNB1,EPHB1,EPHB,EFNB1_EPHB1,cellchat_single_gene,cellchat,EFNB1–EPHB1
EFNB1,EPHB2,EPHB,EFNB1_EPHB2,cellchat_single_gene,cellchat,EFNB1–EPHB2
EFNB1,EPHB3,EPHB,EFNB1_EPHB3,cellchat_single_gene,cellchat,EFNB1–EPHB3
EFNB1,EPHB4,EPHB,EFNB1_EPHB4,cellchat_single_gene,cellchat,EFNB1–EPHB4
EFNB2,EPHA4,EPHB,EFNB2_EPHA4,cellchat_single_gene,cellchat,EFNB2–EPHA4
EFNB2,EPHB1,EPHB,EFNB2_EPHB1,cellchat_single_gene,cellchat,EFNB2–EPHB1
EFNB2,EPHB2,EPHB,EFNB2_EPHB2,cellchat_single_gene,cellchat,EFNB2–EPHB2
EFNB2,EPHB3,EPHB,EFNB2_EPHB3,cellchat_single_gene,cellchat,EFNB2–EPHB3
EFNB2,EPHB4,EPHB,EFNB2_EPHB4,cellchat_single_gene,cellchat,EFNB2–EPHB4
EFNB3,EPHA4,EPHB,EFNB3_EPHA4,cellchat_single_gene,cellchat,EFNB3–EPHA4
EFNB3,EPHB1,EPHB,EFNB3_EPHB1,cellchat_single_gene,cellchat,EFNB3–EPHB1
EFNB3,EPHB2,EPHB,EFNB3_EPHB2,cellchat_single_gene,cellchat,EFNB3–EPHB2
EFNB3,EPHB3,EPHB,EFNB3_EPHB3,cellchat_single_gene,cellchat,EFNB3–EPHB3
EFNB3,EPHB4,EPHB,EFNB3_EPHB4,cellchat_single_gene,cellchat,EFNB3–EPHB4
EFNB3,EPHB6,EPHB,EFNB3_EPHB6,cellchat_single_gene,cellchat,EFNB3–EPHB6
ESAM,ESAM,ESAM,ESAM_ESAM,cellchat_single_gene,cellchat,ESAM–ESAM
ICAM1,ITGAL,ICAM,ICAM1_ITGAL,cellchat_single_gene,cellchat,ICAM1–ITGAL
ICAM1,SPN,ICAM,ICAM1_SPN,cellchat_single_gene,cellchat,ICAM1–SPN
ICAM5,CD209,ICAM,ICAM5_CD209,cellchat_single_gene,cellchat,ICAM5–CD209
ICOSLG,ICOS,ICOS,ICOSL_ICOS,cellchat_single_gene,cellchat,ICOSLG–ICOS
ICOSLG,CD28,ICOS,ICOSL_CD28,cellchat_single_gene,cellchat,ICOSLG–CD28
ICOSLG,CTLA4,ICOS,ICOSL_CTLA4,cellchat_single_gene,cellchat,ICOSLG–CTLA4
ITGB2,CD226,ITGB2,ITGB2_CD226,cellchat_single_gene,cellchat,ITGB2–CD226
ITGB2,ICAM1,ITGB2,ITGB2_ICAM1,cellchat_single_gene,cellchat,ITGB2–ICAM1
ITGB2,ICAM2,ITGB2,ITGB2_ICAM2,cellchat_single_gene,cellchat,ITGB2–ICAM2
JAM2,JAM3,JAM,JAM2_JAM3,cellchat_single_gene,cellchat,JAM2–JAM3
F11R,F11R,JAM,F11R_F11R,cellchat_single_gene,cellchat,F11R–F11R
F11R,JAM2,JAM,F11R_JAM2,cellchat_single_gene,cellchat,F11R–JAM2
F11R,JAM3,JAM,F11R_JAM3,cellchat_single_gene,cellchat,F11R–JAM3
JAM2,F11R,JAM,JAM2_F11R,cellchat_single_gene,cellchat,JAM2–F11R
JAM2,JAM2,JAM,JAM2_JAM2,cellchat_single_gene,cellchat,JAM2–JAM2
JAM3,F11R,JAM,JAM3_F11R,cellchat_single_gene,cellchat,JAM3–F11R
JAM3,JAM2,JAM,JAM3_JAM2,cellchat_single_gene,cellchat,JAM3–JAM2
JAM3,JAM3,JAM,JAM3_JAM3,cellchat_single_gene,cellchat,JAM3–JAM3
L1CAM,L1CAM,L1CAM,L1CAM_L1CAM,cellchat_single_gene,cellchat,L1CAM–L1CAM
MAG,MAG,MAG,MAG_MAG,cellchat_single_gene,cellchat,MAG–MAG
HLA-A,CD8A,MHC-I,HLA-A_CD8A,cellchat_single_gene,cellchat,HLA-A–CD8A
HLA-B,CD8A,MHC-I,HLA-B_CD8A,cellchat_single_gene,cellchat,HLA-B–CD8A
HLA-C,CD8A,MHC-I,HLA-C_CD8A,cellchat_single_gene,cellchat,HLA-C–CD8A
HLA-E,CD8A,MHC-I,HLA-E_CD8A,cellchat_single_gene,cellchat,HLA-E–CD8A
HLA-F,CD8A,MHC-I,HLA-F_CD8A,cellchat_single_gene,cellchat,HLA-F–CD8A
HLA-G,CD8A,MHC-I,HLA-G_CD8A,cellchat_single_gene,cellchat,HLA-G–CD8A
HLA-A,CD8B,MHC-I,HLA-A_CD8B,cellchat_single_gene,cellchat,HLA-A–CD8B
HLA-B,CD8B,MHC-I,HLA-B_CD8B,cellchat_single_gene,cellchat,HLA-B–CD8B
HLA-C,CD8B,MHC-I,HLA-C_CD8B,cellchat_single_gene,cellchat,HLA-C–CD8B
HLA-E,CD8B,MHC-I,HLA-E_CD8B,cellchat_single_gene,cellchat,HLA-E–CD8B
HLA-F,CD8B,MHC-I,HLA-F_CD8B,cellchat_single_gene,cellchat,HLA-F–CD8B
HLA-G,CD8B,MHC-I,HLA-G_CD8B,cellchat_single_gene,cellchat,HLA-G–CD8B
HLA-A,CD8B2,MHC-I,HLA-A_CD8B2,cellchat_single_gene,cellchat,HLA-A–CD8B2
HLA-B,CD8B2,MHC-I,HLA-B_CD8B2,cellchat_single_gene,cellchat,HLA-B–CD8B2
HLA-C,CD8B2,MHC-I,HLA-C_CD8B2,cellchat_single_gene,cellchat,HLA-C–CD8B2
HLA-E,CD8B2,MHC-I,HLA-E_CD8B2,cellchat_single_gene,cellchat,HLA-E–CD8B2
HLA-F,CD8B2,MHC-I,HLA-F_CD8B2,cellchat_single_gene,cellchat,HLA-F–CD8B2
HLA-G,CD8B2,MHC-I,HLA-G_CD8B2,cellchat_single_gene,cellchat,HLA-G–CD8B2
HLA-C,KIR2DL1,MHC-I,HLA-C_KIR2DL1,cellchat_single_gene,cellchat,HLA-C–KIR2DL1
HLA-C,KIR2DL3,MHC-I,HLA-C_KIR2DL3,cellchat_single_gene,cellchat,HLA-C–KIR2DL3
HLA-G,LILRB1,MHC-I,HLA-G_LILRB1,cellchat_single_gene,cellchat,HLA-G–LILRB1
HLA-G,LILRB2,MHC-I,HLA-G_LILRB2,cellchat_single_gene,cellchat,HLA-G–LILRB2
HLA-F,KIR3DL1,MHC-I,HLA-F_KIR3DL1,cellchat_single_gene,cellchat,HLA-F–KIR3DL1
HLA-F,KIR3DL2,MHC-I,HLA-F_KIR3DL2,cellchat_single_gene,cellchat,HLA-F–KIR3DL2
HLA-B,KIR3DL2,MHC-I,HLA-B_KIR3DL2,cellchat_single_gene,cellchat,HLA-B–KIR3DL2
HLA-C,KIR3DL3,MHC-I,HLA-C_KIR3DL3,cellchat_single_gene,cellchat,HLA-C–KIR3DL3
HLA-E,KLRC1,MHC-I,HLA-E_KLRC1,cellchat_single_gene,cellchat,HLA-E–KLRC1
HLA-E,KLRC2,MHC-I,HLA-E_KLRC2,cellchat_single_gene,cellchat,HLA-E–KLRC2
HLA-A,KIR3DL1,MHC-I,HLA-A_KIR3DL1,cellchat_single_gene,cellchat,HLA-A–KIR3DL1
HLA-F,LILRB1,MHC-I,HLA-F_LILRB1,cellchat_single_gene,cellchat,HLA-F–LILRB1
HLA-E,KLRK1,MHC-I,HLA-E_KLRK1,cellchat_single_gene,cellchat,HLA-E–KLRK1
ULBP1,KLRK1,MHC-I,ULBP1_KLRK1,cellchat_single_gene,cellchat,ULBP1–KLRK1
RAET1E,KLRK1,MHC-I,RAET1E_KLRK1,cellchat_single_gene,cellchat,RAET1E–KLRK1
RAET1G,KLRK1,MHC-I,RAET1G_KLRK1,cellchat_single_gene,cellchat,RAET1G–KLRK1
HLA-DPA1,CD4,MHC-II,HLA-DPA1_CD4,cellchat_single_gene,cellchat,HLA-DPA1–CD4
HLA-DPB1,CD4,MHC-II,HLA-DPB1_CD4,cellchat_single_gene,cellchat,HLA-DPB1–CD4
HLA-DQA1,CD4,MHC-II,HLA-DQA1_CD4,cellchat_single_gene,cellchat,HLA-DQA1–CD4
HLA-DMA,CD4,MHC-II,HLA-DMA_CD4,cellchat_single_gene,cellchat,HLA-DMA–CD4
HLA-DMB,CD4,MHC-II,HLA-DMB_CD4,cellchat_single_gene,cellchat,HLA-DMB–CD4
HLA-DQA2,CD4,MHC-II,HLA-DQA2_CD4,cellchat_single_gene,cellchat,HLA-DQA2–CD4
HLA-DOA,CD4,MHC-II,HLA-DOA_CD4,cellchat_single_gene,cellchat,HLA-DOA–CD4
HLA-DOB,CD4,MHC-II,HLA-DOB_CD4,cellchat_single_gene,cellchat,HLA-DOB–CD4
HLA-DQB1,CD4,MHC-II,HLA-DQB1_CD4,cellchat_single_gene,cellchat,HLA-DQB1–CD4
HLA-DRA,CD4,MHC-II,HLA-DRA_CD4,cellchat_single_gene,cellchat,HLA-DRA–CD4
HLA-DRB1,CD4,MHC-II,HLA-DRB1_CD4,cellchat_single_gene,cellchat,HLA-DRB1–CD4
HLA-DRB5,CD4,MHC-II,HLA-DRB5_CD4,cellchat_single_gene,cellchat,HLA-DRB5–CD4
MPZ,MPZL1,MPZ,MPZ_MPZL1,cellchat_single_gene,cellchat,MPZ–MPZL1
MPZ,MPZ,MPZ,MPZ_MPZ,cellchat_single_gene,cellchat,MPZ–MPZ
MPZL1,MPZL1,MPZ,MPZL1_MPZL1,cellchat_single_gene,cellchat,MPZL1–MPZL1
NCAM1,FGFR1,NCAM,NCAM1_FGFR1,cellchat_single_gene,cellchat,NCAM1–FGFR1
NCAM1,NCAM1,NCAM,NCAM1_NCAM1,cellchat_single_gene,cellchat,NCAM1–NCAM1
NCAM1,NCAM2,NCAM,NCAM1_NCAM2,cellchat_single_gene,cellchat,NCAM1–NCAM2
NCAM1,L1CAM,NCAM,NCAM1_L1CAM,cellchat_single_gene,cellchat,NCAM1–L1CAM
NCAM2,L1CAM,NCAM,NCAM2_L1CAM,cellchat_single_gene,cellchat,NCAM2–L1CAM
NECTIN1,CADM3,NECTIN,NECTIN1_CADM3,cellchat_single_gene,cellchat,NECTIN1–CADM3
NECTIN1,CD96,NECTIN,NECTIN1_CD96,cellchat_single_gene,cellchat,NECTIN1–CD96
NECTIN1,NECTIN4,NECTIN,NECTIN1_NECTIN4,cellchat_single_gene,cellchat,NECTIN1–NECTIN4
NECTIN3,NECTIN1,NECTIN,NECTIN3_NECTIN1,cellchat_single_gene,cellchat,NECTIN3–NECTIN1
NECTIN3,NECTIN2,NECTIN,NECTIN3_NECTIN2,cellchat_single_gene,cellchat,NECTIN3–NECTIN2
NECTIN3,PVR,NECTIN,NECTIN3_PVR,cellchat_single_gene,cellchat,NECTIN3–PVR
NECTIN3,TIGIT,NECTIN,NECTIN3_TIGIT,cellchat_single_gene,cellchat,NECTIN3–TIGIT
NECTIN2,CD226,NECTIN,NECTIN2_CD226,cellchat_single_gene,cellchat,NECTIN2–CD226
NECTIN2,TIGIT,NECTIN,NECTIN2_TIGIT,cellchat_single_gene,cellchat,NECTIN2–TIGIT
NECTIN1,NECTIN3,NECTIN,NECTIN1_NECTIN3,cellchat_single_gene,cellchat,NECTIN1–NECTIN3
NEGR1,NEGR1,NEGR,NEGR1_NEGR1,cellchat_single_gene,cellchat,NEGR1–NEGR1
LRRC4C,NTNG1,NGL,LRRC4C_NTNG1,cellchat_single_gene,cellchat,LRRC4C–NTNG1
LRRC4,NTNG2,NGL,LRRC4_NTNG2,cellchat_single_gene,cellchat,LRRC4–NTNG2
LRRC4B,PTPRF,NGL,LRRC4B_PTPRF,cellchat_single_gene,cellchat,LRRC4B–PTPRF
DLK1,NOTCH1,NOTCH,DLK1_NOTCH1,cellchat_single_gene,cellchat,DLK1–NOTCH1
DLK1,NOTCH2,NOTCH,DLK1_NOTCH2,cellchat_single_gene,cellchat,DLK1–NOTCH2
DLK1,NOTCH3,NOTCH,DLK1_NOTCH3,cellchat_single_gene,cellchat,DLK1–NOTCH3
DLK1,NOTCH4,NOTCH,DLK1_NOTCH4,cellchat_single_gene,cellchat,DLK1–NOTCH4
DLL1,NOTCH1,NOTCH,DLL1_NOTCH1,cellchat_single_gene,cellchat,DLL1–NOTCH1
DLL1,NOTCH3,NOTCH,DLL1_NOTCH3,cellchat_single_gene,cellchat,DLL1–NOTCH3
DLL1,NOTCH4,NOTCH,DLL1_NOTCH4,cellchat_single_gene,cellchat,DLL1–NOTCH4
DLL3,NOTCH1,NOTCH,DLL3_NOTCH1,cellchat_single_gene,cellchat,DLL3–NOTCH1
DLL3,NOTCH2,NOTCH,DLL3_NOTCH2,cellchat_single_gene,cellchat,DLL3–NOTCH2
DLL3,NOTCH3,NOTCH,DLL3_NOTCH3,cellchat_single_gene,cellchat,DLL3–NOTCH3
DLL3,NOTCH4,NOTCH,DLL3_NOTCH4,cellchat_single_gene,cellchat,DLL3–NOTCH4
DLL4,NOTCH1,NOTCH,DLL4_NOTCH1,cellchat_single_gene,cellchat,DLL4–NOTCH1
DLL4,NOTCH2,NOTCH,DLL4_NOTCH2,cellchat_single_gene,cellchat,DLL4–NOTCH2
DLL4,NOTCH3,NOTCH,DLL4_NOTCH3,cellchat_single_gene,cellchat,DLL4–NOTCH3
DLL4,NOTCH4,NOTCH,DLL4_NOTCH4,cellchat_single_gene,cellchat,DLL4–NOTCH4
JAG1,NOTCH1,NOTCH,JAG1_NOTCH1,cellchat_single_gene,cellchat,JAG1–NOTCH1
JAG1,NOTCH2,NOTCH,JAG1_NOTCH2,cellchat_single_gene,cellchat,JAG1–NOTCH2
JAG1,NOTCH3,NOTCH,JAG1_NOTCH3,cellchat_single_gene,cellchat,JAG1–NOTCH3
JAG1,NOTCH4,NOTCH,JAG1_NOTCH4,cellchat_single_gene,cellchat,JAG1–NOTCH4
JAG2,NOTCH1,NOTCH,JAG2_NOTCH1,cellchat_single_gene,cellchat,JAG2–NOTCH1
JAG2,NOTCH2,NOTCH,JAG2_NOTCH2,cellchat_single_gene,cellchat,JAG2–NOTCH2
JAG2,NOTCH3,NOTCH,JAG2_NOTCH3,cellchat_single_gene,cellchat,JAG2–NOTCH3
JAG2,NOTCH4,NOTCH,JAG2_NOTCH4,cellchat_single_gene,cellchat,JAG2–NOTCH4
DLL1,NOTCH2,NOTCH,DLL1_NOTCH2,cellchat_single_gene,cellchat,DLL1–NOTCH2
NRXN1,NLGN1,NRXN,NRXN1_NLGN1,cellchat_single_gene,cellchat,NRXN1–NLGN1
NRXN1,NLGN2,NRXN,NRXN1_NLGN2,cellchat_single_gene,cellchat,NRXN1–NLGN2
NRXN1,NLGN3,NRXN,NRXN1_NLGN3,cellchat_single_gene,cellchat,NRXN1–NLGN3
NRXN2,NLGN1,NRXN,NRXN2_NLGN1,cellchat_single_gene,cellchat,NRXN2–NLGN1
NRXN2,NLGN2,NRXN,NRXN2_NLGN2,cellchat_single_gene,cellchat,NRXN2–NLGN2
NRXN2,NLGN3,NRXN,NRXN2_NLGN3,cellchat_single_gene,cellchat,NRXN2–NLGN3
NRXN3,NLGN1,NRXN,NRXN3_NLGN1,cellchat_single_gene,cellchat,NRXN3–NLGN1
NRXN3,NLGN2,NRXN,NRXN3_NLGN2,cellchat_single_gene,cellchat,NRXN3–NLGN2
NRXN3,NLGN3,NRXN,NRXN3_NLGN3,cellchat_single_gene,cellchat,NRXN3–NLGN3
OCLN,OCLN,OCLN,OCLN_OCLN,cellchat_single_gene,cellchat,OCLN–OCLN
CD274,PDCD1,PD-L1,CD274_PDCD1,cellchat_single_gene,cellchat,CD274–PDCD1
PDCD1LG2,PDCD1,PDL2,PDCD1LG2_PDCD1,cellchat_single_gene,cellchat,PDCD1LG2–PDCD1
PECAM1,PECAM1,PECAM1,PECAM1_PECAM1,cellchat_single_gene,cellchat,PECAM1–PECAM1
PTPRM,PTPRM,PTPRM,PTPRM_PTPRM,cellchat_single_gene,cellchat,PTPRM–PTPRM
PVR,CD226,PVR,PVR_CD226,cellchat_single_gene,cellchat,PVR–CD226
PVR,TIGIT,PVR,PVR_TIGIT,cellchat_single_gene,cellchat,PVR–TIGIT
SELE,CD44,SELE,SELE_CD44,cellchat_single_gene,cellchat,SELE–CD44
SELE,GLG1,SELE,SELE_GLG1,cellchat_single_gene,cellchat,SELE–GLG1
SELL,CD34,SELL,SELL_CD34,cellchat_single_gene,cellchat,SELL–CD34
SELL,PODXL,SELL,SELL_PODXL,cellchat_single_gene,cellchat,SELL–PODXL
SELL,MADCAM1,SELL,SELL_MADCAM1,cellchat_single_gene,cellchat,SELL–MADCAM1
SELPLG,SELE,SELPLG,SELPLG_SELE,cellchat_single_gene,cellchat,SELPLG–SELE
SELPLG,SELL,SELPLG,SELPLG_SELL,cellchat_single_gene,cellchat,SELPLG–SELL
SELPLG,SELP,SELPLG,SELPLG_SELP,cellchat_single_gene,cellchat,SELPLG–SELP
SEMA4A,PLXNB1,SEMA4,SEMA4A_PLXNB1,cellchat_single_gene,cellchat,SEMA4A–PLXNB1
SEMA4A,PLXNB2,SEMA4,SEMA4A_PLXNB2,cellchat_single_gene,cellchat,SEMA4A–PLXNB2
SEMA4A,PLXNB3,SEMA4,SEMA4A_PLXNB3,cellchat_single_gene,cellchat,SEMA4A–PLXNB3
SEMA4D,PLXNB1,SEMA4,SEMA4D_PLXNB1,cellchat_single_gene,cellchat,SEMA4D–PLXNB1
SEMA4D,PLXNB2,SEMA4,SEMA4D_PLXNB2,cellchat_single_gene,cellchat,SEMA4D–PLXNB2
SEMA4D,PLXNB3,SEMA4,SEMA4D_PLXNB3,cellchat_single_gene,cellchat,SEMA4D–PLXNB3
SEMA4C,PLXNB2,SEMA4,SEMA4C_PLXNB2,cellchat_single_gene,cellchat,SEMA4C–PLXNB2
SEMA4G,PLXNB2,SEMA4,SEMA4G_PLXNB2,cellchat_single_gene,cellchat,SEMA4G–PLXNB2
SEMA4D,CD72,SEMA4,SEMA4D_CD72,cellchat_single_gene,cellchat,SEMA4D–CD72
SEMA5A,PLXNA1,SEMA5,SEMA5A_PLXNA1,cellchat_single_gene,cellchat,SEMA5A–PLXNA1
SEMA5B,PLXNA1,SEMA5,SEMA5B_PLXNA1,cellchat_single_gene,cellchat,SEMA5B–PLXNA1
SEMA5A,PLXNA3,SEMA5,SEMA5A_PLXNA3,cellchat_single_gene,cellchat,SEMA5A–PLXNA3
SEMA5B,PLXNA3,SEMA5,SEMA5B_PLXNA3,cellchat_single_gene,cellchat,SEMA5B–PLXNA3
SEMA5A,PLXNB3,SEMA5,SEMA5A_PLXNB3,cellchat_single_gene,cellchat,SEMA5A–PLXNB3
SEMA6D,PLXNA1,SEMA6,SEMA6D_PLXNA1,cellchat_single_gene,cellchat,SEMA6D–PLXNA1
SEMA6A,PLXNA2,SEMA6,SEMA6A_PLXNA2,cellchat_single_gene,cellchat,SEMA6A–PLXNA2
SEMA6B,PLXNA2,SEMA6,SEMA6B_PLXNA2,cellchat_single_gene,cellchat,SEMA6B–PLXNA2
SEMA6A,PLXNA4,SEMA6,SEMA6A_PLXNA4,cellchat_single_gene,cellchat,SEMA6A–PLXNA4
SEMA6B,PLXNA4,SEMA6,SEMA6B_PLXNA4,cellchat_single_gene,cellchat,SEMA6B–PLXNA4
SEMA7A,PLXNC1,SEMA7,SEMA7A_PLXNC1,cellchat_single_gene,cellchat,SEMA7A–PLXNC1
SIGLEC1,SPN,SN,SIGLEC1_SPN,cellchat_single_gene,cellchat,SIGLEC1–SPN
TIGIT,NECTIN2,TIGIT,TIGIT_NECTIN2,cellchat_single_gene,cellchat,TIGIT–NECTIN2
TIGIT,PVR,TIGIT,TIGIT_PVR,cellchat_single_gene,cellchat,TIGIT–PVR
VSIR,IGSF11,VISTA,VSIR_IGSF11,cellchat_single_gene,cellchat,VSIR–IGSF11
TGFB1,TGFBR1,,,prespec,prespec,TGFB1–TGFBR1
TGFB1,TGFBR2,,,prespec,prespec,TGFB1–TGFBR2
