pair,ligand,receptor,panel,n_sections_detected,n_sections_above_null,median_score,median_perm_p,eligible,retained,loo_stable,loo_failed_when_dropping
APP–CD74,APP,CD74,cellchat,9,5,3.3746891021728516,0.029850746268656716,True,False,False,"GC1,GC4,GC6,GC8,GC9"
CD99–CD99,CD99,CD99,cellchat,9,5,1.6785099506378174,0.029850746268656716,True,False,False,"GC3,GC4,GC6,GC7,GC9"
SEMA4D–PLXNB2,SEMA4D,PLXNB2,cellchat,9,5,0.1278497874736786,0.03980099502487562,True,False,False,"GC2,GC3,GC4,GC5,GC9"
MDK–NCL,MDK,NCL,cellchat,9,4,1.5786702632904053,0.07960199004975124,True,False,False,"GC1,GC2,GC3,GC4,GC5,GC6,GC7,GC8,GC9"
MDK–SDC1,MDK,SDC1,cellchat,9,4,1.2803208827972412,0.15422885572139303,True,False,False,"GC1,GC2,GC3,GC4,GC5,GC6,GC7,GC8,GC9"
MDK–LRP1,MDK,LRP1,cellchat,9,4,1.199311375617981,0.05472636815920398,True,False,False,"GC1,GC2,GC3,GC4,GC5,GC6,GC7,GC8,GC9"
COL4A1–SDC4,COL4A1,SDC4,cellchat,9,4,0.9466583728790283,1.0,True,False,False,"GC1,GC2,GC3,GC4,GC5,GC6,GC7,GC8,GC9"
COL6A2–CD44,COL6A2,CD44,cellchat,9,4,0.9180347919464111,0.31840796019900497,True,False,False,"GC1,GC2,GC3,GC4,GC5,GC6,GC7,GC8,GC9"
COL6A1–SDC1,COL6A1,SDC1,cellchat,9,4,0.8278669118881226,0.19900497512437812,True,False,False,"GC1,GC2,GC3,GC4,GC5,GC6,GC7,GC8,GC9"
COL6A1–CD44,COL6A1,CD44,cellchat,9,4,0.7655843496322632,0.08955223880597014,True,False,False,"GC1,GC2,GC3,GC4,GC5,GC6,GC7,GC8,GC9"
LAMC1–CD44,LAMC1,CD44,cellchat,9,4,0.3891366720199585,0.9601990049751243,True,False,False,"GC1,GC2,GC3,GC4,GC5,GC6,GC7,GC8,GC9"
LAMA4–CD44,LAMA4,CD44,cellchat,9,4,0.3555697798728943,0.08955223880597014,True,False,False,"GC1,GC2,GC3,GC4,GC5,GC6,GC7,GC8,GC9"
THBS3–SDC4,THBS3,SDC4,cellchat,9,4,0.16969719529151917,0.43283582089552236,True,False,False,"GC1,GC2,GC3,GC4,GC5,GC6,GC7,GC8,GC9"
THBS3–SDC1,THBS3,SDC1,cellchat,9,4,0.10310156643390656,0.0945273631840796,True,False,False,"GC1,GC2,GC3,GC4,GC5,GC6,GC7,GC8,GC9"
JAG2–NOTCH3,JAG2,NOTCH3,cellchat,9,4,0.0,1.0,True,False,False,"GC1,GC2,GC3,GC4,GC5,GC6,GC7,GC8,GC9"
FN1–SDC1,FN1,SDC1,cellchat,9,3,1.4075279235839844,1.0,True,False,False,"GC1,GC2,GC3,GC4,GC5,GC6,GC7,GC8,GC9"
COL6A2–SDC4,COL6A2,SDC4,cellchat,9,3,1.3573652505874634,0.3681592039800995,True,False,False,"GC1,GC2,GC3,GC4,GC5,GC6,GC7,GC8,GC9"
COL6A2–SDC1,COL6A2,SDC1,cellchat,9,3,1.1323466300964355,0.43283582089552236,True,False,False,"GC1,GC2,GC3,GC4,GC5,GC6,GC7,GC8,GC9"
COL6A1–SDC4,COL6A1,SDC4,cellchat,9,3,1.103189468383789,0.26865671641791045,True,False,False,"GC1,GC2,GC3,GC4,GC5,GC6,GC7,GC8,GC9"
MDK–SDC4,MDK,SDC4,cellchat,9,3,1.0821892023086548,0.39800995024875624,True,False,False,"GC1,GC2,GC3,GC4,GC5,GC6,GC7,GC8,GC9"
COL4A2–SDC4,COL4A2,SDC4,cellchat,9,3,0.9539814591407776,1.0,True,False,False,"GC1,GC2,GC3,GC4,GC5,GC6,GC7,GC8,GC9"
COL4A1–SDC1,COL4A1,SDC1,cellchat,9,3,0.6322667598724365,1.0,True,False,False,"GC1,GC2,GC3,GC4,GC5,GC6,GC7,GC8,GC9"
LAMB2–CD44,LAMB2,CD44,cellchat,9,3,0.5981922149658203,0.9104477611940298,True,False,False,"GC1,GC2,GC3,GC4,GC5,GC6,GC7,GC8,GC9"
LAMB1–CD44,LAMB1,CD44,cellchat,9,3,0.3430466651916504,0.9253731343283582,True,False,False,"GC1,GC2,GC3,GC4,GC5,GC6,GC7,GC8,GC9"
CDH1–CDH1,CDH1,CDH1,cellchat,9,3,0.0866958498954773,1.0,True,False,False,"GC1,GC2,GC3,GC4,GC5,GC6,GC7,GC8,GC9"
TNXB–SDC4,TNXB,SDC4,cellchat,9,3,0.06258399039506912,0.2935323383084577,True,False,False,"GC1,GC2,GC3,GC4,GC5,GC6,GC7,GC8,GC9"
PDGFA–PDGFRB,PDGFA,PDGFRB,cellchat,9,3,0.0,1.0,True,False,False,"GC1,GC2,GC3,GC4,GC5,GC6,GC7,GC8,GC9"
CSF1–CSF1R,CSF1,CSF1R,cellchat,9,3,0.0,1.0,True,False,False,"GC1,GC2,GC3,GC4,GC5,GC6,GC7,GC8,GC9"
GRN–SORT1,GRN,SORT1,cellchat,9,3,0.0,1.0,True,False,False,"GC1,GC2,GC3,GC4,GC5,GC6,GC7,GC8,GC9"
COL9A2–CD44,COL9A2,CD44,cellchat,9,3,0.0,1.0,True,False,False,"GC1,GC2,GC3,GC4,GC5,GC6,GC7,GC8,GC9"
THBS3–CD47,THBS3,CD47,cellchat,9,3,0.0,1.0,True,False,False,"GC1,GC2,GC3,GC4,GC5,GC6,GC7,GC8,GC9"
LAMB2–DAG1,LAMB2,DAG1,cellchat,9,3,0.0,1.0,True,False,False,"GC1,GC2,GC3,GC4,GC5,GC6,GC7,GC8,GC9"
LAMB3–DAG1,LAMB3,DAG1,cellchat,9,3,0.0,1.0,True,False,False,"GC1,GC2,GC3,GC4,GC5,GC6,GC7,GC8,GC9"
CD46–JAG1,CD46,JAG1,cellchat,9,3,0.0,1.0,True,False,False,"GC1,GC2,GC3,GC4,GC5,GC6,GC7,GC8,GC9"
ITGB2–ICAM1,ITGB2,ICAM1,cellchat,9,3,0.0,1.0,True,False,False,"GC1,GC2,GC3,GC4,GC5,GC6,GC7,GC8,GC9"
MPZL1–MPZL1,MPZL1,MPZL1,cellchat,9,3,0.0,1.0,True,False,False,"GC1,GC2,GC3,GC4,GC5,GC6,GC7,GC8,GC9"
PECAM1–PECAM1,PECAM1,PECAM1,cellchat,9,3,0.0,1.0,True,False,False,"GC1,GC2,GC3,GC4,GC5,GC6,GC7,GC8,GC9"
SEMA4A–PLXNB2,SEMA4A,PLXNB2,cellchat,7,3,0.0,1.0,True,False,False,"GC1,GC2,GC3,GC4,GC5,GC6,GC7,GC8,GC9"
TGFB1–TGFBR2,TGFB1,TGFBR2,prespec,9,3,0.0,1.0,True,False,False,"GC1,GC2,GC3,GC4,GC5,GC6,GC7,GC8,GC9"
COL1A2–SDC1,COL1A2,SDC1,cellchat,9,2,2.0568275451660156,1.0,True,False,False,"GC1,GC2,GC3,GC4,GC5,GC6,GC7,GC8,GC9"
FN1–SDC4,FN1,SDC4,cellchat,9,2,1.9189128875732422,0.9950248756218906,True,False,False,"GC1,GC2,GC3,GC4,GC5,GC6,GC7,GC8,GC9"
COL6A3–SDC4,COL6A3,SDC4,cellchat,9,2,1.010094165802002,0.9601990049751243,True,False,False,"GC1,GC2,GC3,GC4,GC5,GC6,GC7,GC8,GC9"
COL4A2–SDC1,COL4A2,SDC1,cellchat,9,2,0.8258739709854126,0.9353233830845771,True,False,False,"GC1,GC2,GC3,GC4,GC5,GC6,GC7,GC8,GC9"
COL6A3–CD44,COL6A3,CD44,cellchat,9,2,0.7752337455749512,0.9950248756218906,True,False,False,"GC1,GC2,GC3,GC4,GC5,GC6,GC7,GC8,GC9"
COL4A1–CD44,COL4A1,CD44,cellchat,9,2,0.7167900204658508,1.0,True,False,False,"GC1,GC2,GC3,GC4,GC5,GC6,GC7,GC8,GC9"
COL4A2–CD44,COL4A2,CD44,cellchat,9,2,0.7114797830581665,0.8009950248756219,True,False,False,"GC1,GC2,GC3,GC4,GC5,GC6,GC7,GC8,GC9"
THBS1–SDC4,THBS1,SDC4,cellchat,9,2,0.5596542954444885,0.6766169154228856,True,False,False,"GC1,GC2,GC3,GC4,GC5,GC6,GC7,GC8,GC9"
LAMA5–CD44,LAMA5,CD44,cellchat,9,2,0.5366283655166626,0.8109452736318408,True,False,False,"GC1,GC2,GC3,GC4,GC5,GC6,GC7,GC8,GC9"
LAMB3–CD44,LAMB3,CD44,cellchat,9,2,0.3163264989852905,1.0,True,False,False,"GC1,GC2,GC3,GC4,GC5,GC6,GC7,GC8,GC9"
SEMA4C–PLXNB2,SEMA4C,PLXNB2,cellchat,8,2,0.08171316981315613,0.9751243781094527,True,False,False,"GC1,GC2,GC3,GC4,GC5,GC6,GC7,GC8,GC9"
IL34–CSF1R,IL34,CSF1R,cellchat,7,2,0.0,1.0,True,False,False,"GC1,GC2,GC3,GC4,GC5,GC6,GC7,GC8,GC9"
MDK–SDC2,MDK,SDC2,cellchat,9,2,0.0,1.0,True,False,False,"GC1,GC2,GC3,GC4,GC5,GC6,GC7,GC8,GC9"
PTN–SDC1,PTN,SDC1,cellchat,7,2,0.0,1.0,True,False,False,"GC1,GC2,GC3,GC4,GC5,GC6,GC7,GC8,GC9"
PTN–SDC4,PTN,SDC4,cellchat,7,2,0.0,1.0,True,False,False,"GC1,GC2,GC3,GC4,GC5,GC6,GC7,GC8,GC9"
PTN–NCL,PTN,NCL,cellchat,7,2,0.0,1.0,True,False,False,"GC1,GC2,GC3,GC4,GC5,GC6,GC7,GC8,GC9"
PRSS3–F2R,PRSS3,F2R,cellchat,9,2,0.0,1.0,True,False,False,"GC1,GC2,GC3,GC4,GC5,GC6,GC7,GC8,GC9"
GZMA–F2R,GZMA,F2R,cellchat,9,2,0.0,1.0,True,False,False,"GC1,GC2,GC3,GC4,GC5,GC6,GC7,GC8,GC9"
LGALS9–CD44,LGALS9,CD44,cellchat,9,2,0.0,1.0,True,False,False,"GC1,GC2,GC3,GC4,GC5,GC6,GC7,GC8,GC9"
LAMA2–CD44,LAMA2,CD44,cellchat,8,2,0.0,1.0,True,False,False,"GC1,GC2,GC3,GC4,GC5,GC6,GC7,GC8,GC9"
COL9A2–SDC1,COL9A2,SDC1,cellchat,9,2,0.0,1.0,True,False,False,"GC1,GC2,GC3,GC4,GC5,GC6,GC7,GC8,GC9"
TNXB–SDC1,TNXB,SDC1,cellchat,9,2,0.0,1.0,True,False,False,"GC1,GC2,GC3,GC4,GC5,GC6,GC7,GC8,GC9"
AGRN–DAG1,AGRN,DAG1,cellchat,9,2,0.0,1.0,True,False,False,"GC1,GC2,GC3,GC4,GC5,GC6,GC7,GC8,GC9"
HSPG2–DAG1,HSPG2,DAG1,cellchat,9,2,0.0,1.0,True,False,False,"GC1,GC2,GC3,GC4,GC5,GC6,GC7,GC8,GC9"
LAMA3–DAG1,LAMA3,DAG1,cellchat,9,2,0.0,1.0,True,False,False,"GC1,GC2,GC3,GC4,GC5,GC6,GC7,GC8,GC9"
LAMA4–DAG1,LAMA4,DAG1,cellchat,9,2,0.0,1.0,True,False,False,"GC1,GC2,GC3,GC4,GC5,GC6,GC7,GC8,GC9"
LAMC2–DAG1,LAMC2,DAG1,cellchat,9,2,0.0,1.0,True,False,False,"GC1,GC2,GC3,GC4,GC5,GC6,GC7,GC8,GC9"
ADGRE5–CD55,ADGRE5,CD55,cellchat,9,2,0.0,1.0,True,False,False,"GC1,GC2,GC3,GC4,GC5,GC6,GC7,GC8,GC9"
ICAM1–ITGAL,ICAM1,ITGAL,cellchat,9,2,0.0,1.0,True,False,False,"GC1,GC2,GC3,GC4,GC5,GC6,GC7,GC8,GC9"
JAG1–NOTCH1,JAG1,NOTCH1,cellchat,9,2,0.0,1.0,True,False,False,"GC1,GC2,GC3,GC4,GC5,GC6,GC7,GC8,GC9"
JAG1–NOTCH3,JAG1,NOTCH3,cellchat,9,2,0.0,1.0,True,False,False,"GC1,GC2,GC3,GC4,GC5,GC6,GC7,GC8,GC9"
JAG2–NOTCH1,JAG2,NOTCH1,cellchat,9,2,0.0,1.0,True,False,False,"GC1,GC2,GC3,GC4,GC5,GC6,GC7,GC8,GC9"
TGFB1–TGFBR1,TGFB1,TGFBR1,prespec,9,2,0.0,1.0,True,False,False,"GC1,GC2,GC3,GC4,GC5,GC6,GC7,GC8,GC9"
COL1A2–SDC4,COL1A2,SDC4,cellchat,9,1,2.38930082321167,1.0,True,False,False,"GC1,GC2,GC3,GC4,GC5,GC6,GC7,GC8,GC9"
COL1A1–SDC4,COL1A1,SDC4,cellchat,9,1,2.117105007171631,1.0,True,False,False,"GC1,GC2,GC3,GC4,GC5,GC6,GC7,GC8,GC9"
COL1A1–SDC1,COL1A1,SDC1,cellchat,9,1,1.7838594913482666,0.9900497512437811,True,False,False,"GC1,GC2,GC3,GC4,GC5,GC6,GC7,GC8,GC9"
FN1–CD44,FN1,CD44,cellchat,9,1,1.3794875144958496,1.0,True,False,False,"GC1,GC2,GC3,GC4,GC5,GC6,GC7,GC8,GC9"
COL6A3–SDC1,COL6A3,SDC1,cellchat,9,1,0.8336155414581299,1.0,True,False,False,"GC1,GC2,GC3,GC4,GC5,GC6,GC7,GC8,GC9"
THBS1–SDC1,THBS1,SDC1,cellchat,9,1,0.5207250118255615,1.0,True,False,False,"GC1,GC2,GC3,GC4,GC5,GC6,GC7,GC8,GC9"
THBS2–SDC4,THBS2,SDC4,cellchat,9,1,0.1284465789794922,1.0,True,False,False,"GC1,GC2,GC3,GC4,GC5,GC6,GC7,GC8,GC9"
THBS1–CD47,THBS1,CD47,cellchat,9,1,0.03929295390844345,1.0,True,False,False,"GC1,GC2,GC3,GC4,GC5,GC6,GC7,GC8,GC9"
GDF15–TGFBR2,GDF15,TGFBR2,cellchat,9,1,0.0,1.0,True,False,False,"GC1,GC2,GC3,GC4,GC5,GC6,GC7,GC8,GC9"
PDGFB–PDGFRB,PDGFB,PDGFRB,cellchat,8,1,0.0,1.0,True,False,False,"GC1,GC2,GC3,GC4,GC5,GC6,GC7,GC8,GC9"
PDGFC–PDGFRA,PDGFC,PDGFRA,cellchat,8,1,0.0,1.0,True,False,False,"GC1,GC2,GC3,GC4,GC5,GC6,GC7,GC8,GC9"
IL16–CD4,IL16,CD4,cellchat,9,1,0.0,1.0,True,False,False,"GC1,GC2,GC3,GC4,GC5,GC6,GC7,GC8,GC9"
TNFSF14–TNFRSF14,TNFSF14,TNFRSF14,cellchat,7,1,0.0,1.0,True,False,False,"GC1,GC2,GC3,GC4,GC5,GC6,GC7,GC8,GC9"
SPP1–CD44,SPP1,CD44,prespec,8,1,0.0,1.0,True,False,False,"GC1,GC2,GC3,GC4,GC5,GC6,GC7,GC8,GC9"
NAMPT–INSR,NAMPT,INSR,cellchat,9,1,0.0,1.0,True,False,False,"GC1,GC2,GC3,GC4,GC5,GC6,GC7,GC8,GC9"
ANGPTL2–TLR4,ANGPTL2,TLR4,cellchat,8,1,0.0,1.0,True,False,False,"GC1,GC2,GC3,GC4,GC5,GC6,GC7,GC8,GC9"
C3–C3AR1,C3,C3AR1,prespec,9,1,0.0,1.0,True,False,False,"GC1,GC2,GC3,GC4,GC5,GC6,GC7,GC8,GC9"
SEMA3C–PLXND1,SEMA3C,PLXND1,cellchat,9,1,0.0,1.0,True,False,False,"GC1,GC2,GC3,GC4,GC5,GC6,GC7,GC8,GC9"
GAS6–AXL,GAS6,AXL,cellchat,9,1,0.0,1.0,True,False,False,"GC1,GC2,GC3,GC4,GC5,GC6,GC7,GC8,GC9"
LGALS9–PTPRC,LGALS9,PTPRC,cellchat,9,1,0.0,1.0,True,False,False,"GC1,GC2,GC3,GC4,GC5,GC6,GC7,GC8,GC9"
RARRES2–CMKLR1,RARRES2,CMKLR1,cellchat,9,1,0.0,1.0,True,False,False,"GC1,GC2,GC3,GC4,GC5,GC6,GC7,GC8,GC9"
LGALS9–HAVCR2,LGALS9,HAVCR2,cellchat,9,1,0.0,1.0,True,False,False,"GC1,GC2,GC3,GC4,GC5,GC6,GC7,GC8,GC9"
COL4A4–CD44,COL4A4,CD44,cellchat,5,1,0.0,1.0,False,False,True,
COL6A6–CD44,COL6A6,CD44,cellchat,1,1,0.0,1.0,False,False,True,
LAMA3–CD44,LAMA3,CD44,cellchat,9,1,0.0,1.0,True,False,False,"GC1,GC2,GC3,GC4,GC5,GC6,GC7,GC8,GC9"
LAMC2–CD44,LAMC2,CD44,cellchat,9,1,0.0,1.0,True,False,False,"GC1,GC2,GC3,GC4,GC5,GC6,GC7,GC8,GC9"
COL4A4–SDC1,COL4A4,SDC1,cellchat,5,1,0.0,1.0,False,False,True,
COL6A6–SDC1,COL6A6,SDC1,cellchat,1,1,0.0,1.0,False,False,True,
TNC–SDC1,TNC,SDC1,cellchat,9,1,0.0,1.0,True,False,False,"GC1,GC2,GC3,GC4,GC5,GC6,GC7,GC8,GC9"
COL4A4–SDC4,COL4A4,SDC4,cellchat,5,1,0.0,1.0,False,False,True,
COL6A6–SDC4,COL6A6,SDC4,cellchat,1,1,0.0,1.0,False,False,True,
TNC–SDC4,TNC,SDC4,cellchat,9,1,0.0,1.0,True,False,False,"GC1,GC2,GC3,GC4,GC5,GC6,GC7,GC8,GC9"
LAMA2–DAG1,LAMA2,DAG1,cellchat,8,1,0.0,1.0,True,False,False,"GC1,GC2,GC3,GC4,GC5,GC6,GC7,GC8,GC9"
LAMA5–DAG1,LAMA5,DAG1,cellchat,9,1,0.0,1.0,True,False,False,"GC1,GC2,GC3,GC4,GC5,GC6,GC7,GC8,GC9"
LAMB1–DAG1,LAMB1,DAG1,cellchat,9,1,0.0,1.0,True,False,False,"GC1,GC2,GC3,GC4,GC5,GC6,GC7,GC8,GC9"
LAMC1–DAG1,LAMC1,DAG1,cellchat,9,1,0.0,1.0,True,False,False,"GC1,GC2,GC3,GC4,GC5,GC6,GC7,GC8,GC9"
ALCAM–CD6,ALCAM,CD6,cellchat,9,1,0.0,1.0,True,False,False,"GC1,GC2,GC3,GC4,GC5,GC6,GC7,GC8,GC9"
CADM1–CADM1,CADM1,CADM1,cellchat,7,1,0.0,1.0,True,False,False,"GC1,GC2,GC3,GC4,GC5,GC6,GC7,GC8,GC9"
CD22–PTPRC,CD22,PTPRC,cellchat,4,1,0.0,1.0,False,False,True,
PTPRC–MRC1,PTPRC,MRC1,cellchat,8,1,0.0,1.0,True,False,False,"GC1,GC2,GC3,GC4,GC5,GC6,GC7,GC8,GC9"
EFNB1–EPHB2,EFNB1,EPHB2,cellchat,9,1,0.0,1.0,True,False,False,"GC1,GC2,GC3,GC4,GC5,GC6,GC7,GC8,GC9"
EFNB2–EPHB2,EFNB2,EPHB2,cellchat,9,1,0.0,1.0,True,False,False,"GC1,GC2,GC3,GC4,GC5,GC6,GC7,GC8,GC9"
ICAM1–SPN,ICAM1,SPN,cellchat,9,1,0.0,1.0,True,False,False,"GC1,GC2,GC3,GC4,GC5,GC6,GC7,GC8,GC9"
JAM3–F11R,JAM3,F11R,cellchat,8,1,0.0,1.0,True,False,False,"GC1,GC2,GC3,GC4,GC5,GC6,GC7,GC8,GC9"
HLA-A–CD8A,HLA-A,CD8A,cellchat,9,1,0.0,1.0,True,False,False,"GC1,GC2,GC3,GC4,GC5,GC6,GC7,GC8,GC9"
HLA-B–CD8A,HLA-B,CD8A,cellchat,9,1,0.0,1.0,True,False,False,"GC1,GC2,GC3,GC4,GC5,GC6,GC7,GC8,GC9"
HLA-C–CD8A,HLA-C,CD8A,cellchat,9,1,0.0,1.0,True,False,False,"GC1,GC2,GC3,GC4,GC5,GC6,GC7,GC8,GC9"
HLA-E–CD8A,HLA-E,CD8A,cellchat,9,1,0.0,1.0,True,False,False,"GC1,GC2,GC3,GC4,GC5,GC6,GC7,GC8,GC9"
HLA-F–CD8A,HLA-F,CD8A,cellchat,9,1,0.0,1.0,True,False,False,"GC1,GC2,GC3,GC4,GC5,GC6,GC7,GC8,GC9"
HLA-E–CD8B,HLA-E,CD8B,cellchat,6,1,0.0,1.0,True,False,False,"GC1,GC2,GC3,GC4,GC5,GC6,GC7,GC8,GC9"
HLA-E–KLRK1,HLA-E,KLRK1,cellchat,9,1,0.0,1.0,True,False,False,"GC1,GC2,GC3,GC4,GC5,GC6,GC7,GC8,GC9"
HLA-DPA1–CD4,HLA-DPA1,CD4,cellchat,9,1,0.0,1.0,True,False,False,"GC1,GC2,GC3,GC4,GC5,GC6,GC7,GC8,GC9"
HLA-DPB1–CD4,HLA-DPB1,CD4,cellchat,9,1,0.0,1.0,True,False,False,"GC1,GC2,GC3,GC4,GC5,GC6,GC7,GC8,GC9"
HLA-DQA1–CD4,HLA-DQA1,CD4,cellchat,9,1,0.0,1.0,True,False,False,"GC1,GC2,GC3,GC4,GC5,GC6,GC7,GC8,GC9"
HLA-DMA–CD4,HLA-DMA,CD4,cellchat,9,1,0.0,1.0,True,False,False,"GC1,GC2,GC3,GC4,GC5,GC6,GC7,GC8,GC9"
HLA-DMB–CD4,HLA-DMB,CD4,cellchat,9,1,0.0,1.0,True,False,False,"GC1,GC2,GC3,GC4,GC5,GC6,GC7,GC8,GC9"
HLA-DQA2–CD4,HLA-DQA2,CD4,cellchat,7,1,0.0,1.0,True,False,False,"GC1,GC2,GC3,GC4,GC5,GC6,GC7,GC8,GC9"
HLA-DOA–CD4,HLA-DOA,CD4,cellchat,9,1,0.0,1.0,True,False,False,"GC1,GC2,GC3,GC4,GC5,GC6,GC7,GC8,GC9"
HLA-DOB–CD4,HLA-DOB,CD4,cellchat,5,1,0.0,1.0,False,False,True,
HLA-DQB1–CD4,HLA-DQB1,CD4,cellchat,9,1,0.0,1.0,True,False,False,"GC1,GC2,GC3,GC4,GC5,GC6,GC7,GC8,GC9"
HLA-DRA–CD4,HLA-DRA,CD4,cellchat,9,1,0.0,1.0,True,False,False,"GC1,GC2,GC3,GC4,GC5,GC6,GC7,GC8,GC9"
HLA-DRB1–CD4,HLA-DRB1,CD4,cellchat,9,1,0.0,1.0,True,False,False,"GC1,GC2,GC3,GC4,GC5,GC6,GC7,GC8,GC9"
HLA-DRB5–CD4,HLA-DRB5,CD4,cellchat,8,1,0.0,1.0,True,False,False,"GC1,GC2,GC3,GC4,GC5,GC6,GC7,GC8,GC9"
NECTIN3–NECTIN2,NECTIN3,NECTIN2,cellchat,7,1,0.0,1.0,True,False,False,"GC1,GC2,GC3,GC4,GC5,GC6,GC7,GC8,GC9"
DLL1–NOTCH1,DLL1,NOTCH1,cellchat,9,1,0.0,1.0,True,False,False,"GC1,GC2,GC3,GC4,GC5,GC6,GC7,GC8,GC9"
DLL1–NOTCH3,DLL1,NOTCH3,cellchat,9,1,0.0,1.0,True,False,False,"GC1,GC2,GC3,GC4,GC5,GC6,GC7,GC8,GC9"
DLL4–NOTCH1,DLL4,NOTCH1,cellchat,9,1,0.0,1.0,True,False,False,"GC1,GC2,GC3,GC4,GC5,GC6,GC7,GC8,GC9"
JAG1–NOTCH2,JAG1,NOTCH2,cellchat,9,1,0.0,1.0,True,False,False,"GC1,GC2,GC3,GC4,GC5,GC6,GC7,GC8,GC9"
SELL–PODXL,SELL,PODXL,cellchat,8,1,0.0,1.0,True,False,False,"GC1,GC2,GC3,GC4,GC5,GC6,GC7,GC8,GC9"
SEMA4A–PLXNB1,SEMA4A,PLXNB1,cellchat,7,1,0.0,1.0,True,False,False,"GC1,GC2,GC3,GC4,GC5,GC6,GC7,GC8,GC9"
SEMA4D–PLXNB1,SEMA4D,PLXNB1,cellchat,9,1,0.0,1.0,True,False,False,"GC1,GC2,GC3,GC4,GC5,GC6,GC7,GC8,GC9"
TIGIT–NECTIN2,TIGIT,NECTIN2,cellchat,7,1,0.0,1.0,True,False,False,"GC1,GC2,GC3,GC4,GC5,GC6,GC7,GC8,GC9"
COL1A2–CD44,COL1A2,CD44,cellchat,9,0,1.4814519882202148,1.0,True,False,False,"GC1,GC2,GC3,GC4,GC5,GC6,GC7,GC8,GC9"
COL1A1–CD44,COL1A1,CD44,cellchat,9,0,1.2754989862442017,1.0,True,False,False,"GC1,GC2,GC3,GC4,GC5,GC6,GC7,GC8,GC9"
THBS2–SDC1,THBS2,SDC1,cellchat,9,0,0.10343357920646667,1.0,True,False,False,"GC1,GC2,GC3,GC4,GC5,GC6,GC7,GC8,GC9"
WNT5A–FZD1,WNT5A,FZD1,cellchat,8,0,0.0,1.0,True,False,False,"GC1,GC2,GC3,GC4,GC5,GC6,GC7,GC8,GC9"
WNT5A–FZD10,WNT5A,FZD10,cellchat,2,0,0.0,1.0,False,False,True,
WNT5A–FZD2,WNT5A,FZD2,cellchat,8,0,0.0,1.0,True,False,False,"GC1,GC2,GC3,GC4,GC5,GC6,GC7,GC8,GC9"
WNT5A–FZD3,WNT5A,FZD3,cellchat,5,0,0.0,1.0,False,False,True,
WNT5A–FZD4,WNT5A,FZD4,cellchat,9,0,0.0,1.0,True,False,False,"GC1,GC2,GC3,GC4,GC5,GC6,GC7,GC8,GC9"
WNT5A–FZD5,WNT5A,FZD5,cellchat,9,0,0.0,1.0,True,False,False,"GC1,GC2,GC3,GC4,GC5,GC6,GC7,GC8,GC9"
WNT5A–FZD6,WNT5A,FZD6,cellchat,9,0,0.0,1.0,True,False,False,"GC1,GC2,GC3,GC4,GC5,GC6,GC7,GC8,GC9"
WNT5A–FZD7,WNT5A,FZD7,cellchat,8,0,0.0,1.0,True,False,False,"GC1,GC2,GC3,GC4,GC5,GC6,GC7,GC8,GC9"
WNT5A–FZD8,WNT5A,FZD8,cellchat,8,0,0.0,1.0,True,False,False,"GC1,GC2,GC3,GC4,GC5,GC6,GC7,GC8,GC9"
WNT5A–FZD9,WNT5A,FZD9,cellchat,1,0,0.0,1.0,False,False,True,
WNT5A–MCAM,WNT5A,MCAM,cellchat,9,0,0.0,1.0,True,False,False,"GC1,GC2,GC3,GC4,GC5,GC6,GC7,GC8,GC9"
WNT5B–FZD1,WNT5B,FZD1,cellchat,7,0,0.0,1.0,True,False,False,"GC1,GC2,GC3,GC4,GC5,GC6,GC7,GC8,GC9"
WNT5B–FZD10,WNT5B,FZD10,cellchat,2,0,0.0,1.0,False,False,True,
WNT5B–FZD2,WNT5B,FZD2,cellchat,6,0,0.0,1.0,True,False,False,"GC1,GC2,GC3,GC4,GC5,GC6,GC7,GC8,GC9"
WNT5B–FZD3,WNT5B,FZD3,cellchat,5,0,0.0,1.0,False,False,True,
WNT5B–FZD4,WNT5B,FZD4,cellchat,7,0,0.0,1.0,True,False,False,"GC1,GC2,GC3,GC4,GC5,GC6,GC7,GC8,GC9"
WNT5B–FZD5,WNT5B,FZD5,cellchat,7,0,0.0,1.0,True,False,False,"GC1,GC2,GC3,GC4,GC5,GC6,GC7,GC8,GC9"
WNT5B–FZD6,WNT5B,FZD6,cellchat,7,0,0.0,1.0,True,False,False,"GC1,GC2,GC3,GC4,GC5,GC6,GC7,GC8,GC9"
WNT5B–FZD7,WNT5B,FZD7,cellchat,7,0,0.0,1.0,True,False,False,"GC1,GC2,GC3,GC4,GC5,GC6,GC7,GC8,GC9"
WNT5B–FZD8,WNT5B,FZD8,cellchat,7,0,0.0,1.0,True,False,False,"GC1,GC2,GC3,GC4,GC5,GC6,GC7,GC8,GC9"
WNT5B–FZD9,WNT5B,FZD9,cellchat,1,0,0.0,1.0,False,False,True,
WNT11–FZD1,WNT11,FZD1,cellchat,1,0,0.0,1.0,False,False,True,
WNT11–FZD10,WNT11,FZD10,cellchat,1,0,0.0,1.0,False,False,True,
WNT11–FZD2,WNT11,FZD2,cellchat,1,0,0.0,1.0,False,False,True,
WNT11–FZD3,WNT11,FZD3,cellchat,1,0,0.0,1.0,False,False,True,
WNT11–FZD4,WNT11,FZD4,cellchat,1,0,0.0,1.0,False,False,True,
WNT11–FZD5,WNT11,FZD5,cellchat,1,0,0.0,1.0,False,False,True,
WNT11–FZD6,WNT11,FZD6,cellchat,1,0,0.0,1.0,False,False,True,
WNT11–FZD7,WNT11,FZD7,cellchat,1,0,0.0,1.0,False,False,True,
WNT11–FZD8,WNT11,FZD8,cellchat,1,0,0.0,1.0,False,False,True,
WNT11–FZD9,WNT11,FZD9,cellchat,0,0,0.0,1.0,False,False,True,
EGF–EGFR,EGF,EGFR,cellchat,0,0,0.0,1.0,False,False,True,
TGFA–EGFR,TGFA,EGFR,cellchat,7,0,0.0,1.0,True,False,False,"GC1,GC2,GC3,GC4,GC5,GC6,GC7,GC8,GC9"
AREG–EGFR,AREG,EGFR,cellchat,4,0,0.0,1.0,False,False,True,
BTC–EGFR,BTC,EGFR,cellchat,0,0,0.0,1.0,False,False,True,
BTC–ERBB4,BTC,ERBB4,cellchat,0,0,0.0,1.0,False,False,True,
HBEGF–EGFR,HBEGF,EGFR,cellchat,9,0,0.0,1.0,True,False,False,"GC1,GC2,GC3,GC4,GC5,GC6,GC7,GC8,GC9"
HBEGF–ERBB4,HBEGF,ERBB4,cellchat,0,0,0.0,1.0,False,False,True,
EREG–EGFR,EREG,EGFR,cellchat,0,0,0.0,1.0,False,False,True,
EREG–ERBB4,EREG,ERBB4,cellchat,0,0,0.0,1.0,False,False,True,
NRG1–ERBB3,NRG1,ERBB3,cellchat,4,0,0.0,1.0,False,False,True,
NRG1–ERBB4,NRG1,ERBB4,cellchat,0,0,0.0,1.0,False,False,True,
NRG2–ERBB3,NRG2,ERBB3,cellchat,2,0,0.0,1.0,False,False,True,
NRG2–ERBB4,NRG2,ERBB4,cellchat,0,0,0.0,1.0,False,False,True,
NRG3–ERBB4,NRG3,ERBB4,cellchat,0,0,0.0,1.0,False,False,True,
NRG4–ERBB4,NRG4,ERBB4,cellchat,0,0,0.0,1.0,False,False,True,
FGF1–FGFR1,FGF1,FGFR1,cellchat,2,0,0.0,1.0,False,False,True,
FGF1–FGFR2,FGF1,FGFR2,cellchat,2,0,0.0,1.0,False,False,True,
FGF1–FGFR3,FGF1,FGFR3,cellchat,1,0,0.0,1.0,False,False,True,
FGF1–FGFR4,FGF1,FGFR4,cellchat,2,0,0.0,1.0,False,False,True,
FGF2–FGFR1,FGF2,FGFR1,cellchat,6,0,0.0,1.0,True,False,False,"GC1,GC2,GC3,GC4,GC5,GC6,GC7,GC8,GC9"
FGF2–FGFR2,FGF2,FGFR2,cellchat,6,0,0.0,1.0,True,False,False,"GC1,GC2,GC3,GC4,GC5,GC6,GC7,GC8,GC9"
FGF2–FGFR3,FGF2,FGFR3,cellchat,5,0,0.0,1.0,False,False,True,
FGF2–FGFR4,FGF2,FGFR4,cellchat,5,0,0.0,1.0,False,False,True,
FGF4–FGFR1,FGF4,FGFR1,cellchat,0,0,0.0,1.0,False,False,True,
FGF4–FGFR2,FGF4,FGFR2,cellchat,0,0,0.0,1.0,False,False,True,
FGF4–FGFR3,FGF4,FGFR3,cellchat,0,0,0.0,1.0,False,False,True,
FGF4–FGFR4,FGF4,FGFR4,cellchat,0,0,0.0,1.0,False,False,True,
FGF5–FGFR1,FGF5,FGFR1,cellchat,0,0,0.0,1.0,False,False,True,
FGF5–FGFR2,FGF5,FGFR2,cellchat,0,0,0.0,1.0,False,False,True,
FGF5–FGFR3,FGF5,FGFR3,cellchat,0,0,0.0,1.0,False,False,True,
FGF5–FGFR4,FGF5,FGFR4,cellchat,0,0,0.0,1.0,False,False,True,
FGF6–FGFR1,FGF6,FGFR1,cellchat,0,0,0.0,1.0,False,False,True,
FGF6–FGFR2,FGF6,FGFR2,cellchat,0,0,0.0,1.0,False,False,True,
FGF6–FGFR3,FGF6,FGFR3,cellchat,0,0,0.0,1.0,False,False,True,
FGF6–FGFR4,FGF6,FGFR4,cellchat,0,0,0.0,1.0,False,False,True,
FGF7–FGFR1,FGF7,FGFR1,cellchat,8,0,0.0,1.0,True,False,False,"GC1,GC2,GC3,GC4,GC5,GC6,GC7,GC8,GC9"
FGF7–FGFR2,FGF7,FGFR2,cellchat,7,0,0.0,1.0,True,False,False,"GC1,GC2,GC3,GC4,GC5,GC6,GC7,GC8,GC9"
FGF3–FGFR1,FGF3,FGFR1,cellchat,1,0,0.0,1.0,False,False,True,
FGF3–FGFR2,FGF3,FGFR2,cellchat,1,0,0.0,1.0,False,False,True,
FGF10–FGFR1,FGF10,FGFR1,cellchat,0,0,0.0,1.0,False,False,True,
FGF10–FGFR2,FGF10,FGFR2,cellchat,0,0,0.0,1.0,False,False,True,
FGF22–FGFR2,FGF22,FGFR2,cellchat,0,0,0.0,1.0,False,False,True,
FGF8–FGFR1,FGF8,FGFR1,cellchat,0,0,0.0,1.0,False,False,True,
FGF8–FGFR2,FGF8,FGFR2,cellchat,0,0,0.0,1.0,False,False,True,
FGF8–FGFR3,FGF8,FGFR3,cellchat,0,0,0.0,1.0,False,False,True,
FGF8–FGFR4,FGF8,FGFR4,cellchat,0,0,0.0,1.0,False,False,True,
FGF17–FGFR1,FGF17,FGFR1,cellchat,1,0,0.0,1.0,False,False,True,
FGF17–FGFR2,FGF17,FGFR2,cellchat,1,0,0.0,1.0,False,False,True,
FGF17–FGFR3,FGF17,FGFR3,cellchat,1,0,0.0,1.0,False,False,True,
FGF17–FGFR4,FGF17,FGFR4,cellchat,1,0,0.0,1.0,False,False,True,
FGF18–FGFR1,FGF18,FGFR1,cellchat,1,0,0.0,1.0,False,False,True,
FGF18–FGFR2,FGF18,FGFR2,cellchat,1,0,0.0,1.0,False,False,True,
FGF18–FGFR3,FGF18,FGFR3,cellchat,1,0,0.0,1.0,False,False,True,
FGF18–FGFR4,FGF18,FGFR4,cellchat,1,0,0.0,1.0,False,False,True,
FGF9–FGFR1,FGF9,FGFR1,cellchat,1,0,0.0,1.0,False,False,True,
FGF9–FGFR2,FGF9,FGFR2,cellchat,1,0,0.0,1.0,False,False,True,
FGF9–FGFR3,FGF9,FGFR3,cellchat,1,0,0.0,1.0,False,False,True,
FGF9–FGFR4,FGF9,FGFR4,cellchat,1,0,0.0,1.0,False,False,True,
FGF20–FGFR1,FGF20,FGFR1,cellchat,1,0,0.0,1.0,False,False,True,
FGF20–FGFR2,FGF20,FGFR2,cellchat,1,0,0.0,1.0,False,False,True,
FGF20–FGFR3,FGF20,FGFR3,cellchat,1,0,0.0,1.0,False,False,True,
FGF20–FGFR4,FGF20,FGFR4,cellchat,1,0,0.0,1.0,False,False,True,
FGF16–FGFR1,FGF16,FGFR1,cellchat,0,0,0.0,1.0,False,False,True,
FGF16–FGFR2,FGF16,FGFR2,cellchat,0,0,0.0,1.0,False,False,True,
FGF16–FGFR3,FGF16,FGFR3,cellchat,0,0,0.0,1.0,False,False,True,
FGF16–FGFR4,FGF16,FGFR4,cellchat,0,0,0.0,1.0,False,False,True,
FGF19–FGFR1,FGF19,FGFR1,cellchat,2,0,0.0,1.0,False,False,True,
FGF19–FGFR2,FGF19,FGFR2,cellchat,2,0,0.0,1.0,False,False,True,
FGF19–FGFR3,FGF19,FGFR3,cellchat,2,0,0.0,1.0,False,False,True,
FGF19–FGFR4,FGF19,FGFR4,cellchat,2,0,0.0,1.0,False,False,True,
FGF21–FGFR1,FGF21,FGFR1,cellchat,0,0,0.0,1.0,False,False,True,
FGF21–FGFR3,FGF21,FGFR3,cellchat,0,0,0.0,1.0,False,False,True,
FGF23–FGFR1,FGF23,FGFR1,cellchat,0,0,0.0,1.0,False,False,True,
FGF23–FGFR3,FGF23,FGFR3,cellchat,0,0,0.0,1.0,False,False,True,
FGF23–FGFR4,FGF23,FGFR4,cellchat,0,0,0.0,1.0,False,False,True,
PDGFA–PDGFRA,PDGFA,PDGFRA,cellchat,8,0,0.0,1.0,True,False,False,"GC1,GC2,GC3,GC4,GC5,GC6,GC7,GC8,GC9"
PDGFB–PDGFRA,PDGFB,PDGFRA,cellchat,8,0,0.0,1.0,True,False,False,"GC1,GC2,GC3,GC4,GC5,GC6,GC7,GC8,GC9"
PDGFD–PDGFRB,PDGFD,PDGFRB,cellchat,6,0,0.0,1.0,True,False,False,"GC1,GC2,GC3,GC4,GC5,GC6,GC7,GC8,GC9"
VEGFA–FLT1,VEGFA,FLT1,cellchat,9,0,0.0,1.0,True,False,False,"GC1,GC2,GC3,GC4,GC5,GC6,GC7,GC8,GC9"
VEGFA–KDR,VEGFA,KDR,cellchat,7,0,0.0,1.0,True,False,False,"GC1,GC2,GC3,GC4,GC5,GC6,GC7,GC8,GC9"
VEGFB–FLT1,VEGFB,FLT1,cellchat,9,0,0.0,1.0,True,False,False,"GC1,GC2,GC3,GC4,GC5,GC6,GC7,GC8,GC9"
VEGFC–FLT4,VEGFC,FLT4,cellchat,6,0,0.0,1.0,True,False,False,"GC1,GC2,GC3,GC4,GC5,GC6,GC7,GC8,GC9"
VEGFC–KDR,VEGFC,KDR,cellchat,5,0,0.0,1.0,False,False,True,
VEGFD–FLT4,VEGFD,FLT4,cellchat,0,0,0.0,1.0,False,False,True,
VEGFD–KDR,VEGFD,KDR,cellchat,0,0,0.0,1.0,False,False,True,
PGF–FLT1,PGF,FLT1,cellchat,8,0,0.0,1.0,True,False,False,"GC1,GC2,GC3,GC4,GC5,GC6,GC7,GC8,GC9"
IGF1–IGF1R,IGF1,IGF1R,cellchat,7,0,0.0,1.0,True,False,False,"GC1,GC2,GC3,GC4,GC5,GC6,GC7,GC8,GC9"
IGF2–IGF1R,IGF2,IGF1R,cellchat,0,0,0.0,1.0,False,False,True,
IGF2–IGF2R,IGF2,IGF2R,cellchat,0,0,0.0,1.0,False,False,True,
IGFL3–IGFLR1,IGFL3,IGFLR1,cellchat,0,0,0.0,1.0,False,False,True,
INS–INSR,INS,INSR,cellchat,0,0,0.0,1.0,False,False,True,
APLN–APLNR,APLN,APLNR,cellchat,1,0,0.0,1.0,False,False,True,
CCL5–CCR1,CCL5,CCR1,cellchat,9,0,0.0,1.0,True,False,False,"GC1,GC2,GC3,GC4,GC5,GC6,GC7,GC8,GC9"
CCL3–CCR1,CCL3,CCR1,cellchat,9,0,0.0,1.0,True,False,False,"GC1,GC2,GC3,GC4,GC5,GC6,GC7,GC8,GC9"
CCL3L1–CCR1,CCL3L1,CCR1,cellchat,7,0,0.0,1.0,True,False,False,"GC1,GC2,GC3,GC4,GC5,GC6,GC7,GC8,GC9"
CCL8–CCR1,CCL8,CCR1,cellchat,2,0,0.0,1.0,False,False,True,
CCL7–CCR1,CCL7,CCR1,cellchat,0,0,0.0,1.0,False,False,True,
CCL13–CCR1,CCL13,CCR1,cellchat,3,0,0.0,1.0,False,False,True,
CCL14–CCR1,CCL14,CCR1,cellchat,7,0,0.0,1.0,True,False,False,"GC1,GC2,GC3,GC4,GC5,GC6,GC7,GC8,GC9"
CCL15–CCR1,CCL15,CCR1,cellchat,7,0,0.0,1.0,True,False,False,"GC1,GC2,GC3,GC4,GC5,GC6,GC7,GC8,GC9"
CCL16–CCR1,CCL16,CCR1,cellchat,2,0,0.0,1.0,False,False,True,
CCL23–CCR1,CCL23,CCR1,cellchat,0,0,0.0,1.0,False,False,True,
CCL8–CCR2,CCL8,CCR2,cellchat,1,0,0.0,1.0,False,False,True,
CCL7–CCR2,CCL7,CCR2,cellchat,0,0,0.0,1.0,False,False,True,
CCL2–CCR2,CCL2,CCR2,prespec,3,0,0.0,1.0,True,False,False,"GC1,GC2,GC3,GC4,GC5,GC6,GC7,GC8,GC9"
CCL27–CCR2,CCL27,CCR2,cellchat,0,0,0.0,1.0,False,False,True,
CCL5–CCR3,CCL5,CCR3,cellchat,0,0,0.0,1.0,False,False,True,
CCL7–CCR3,CCL7,CCR3,cellchat,0,0,0.0,1.0,False,False,True,
CCL11–CCR3,CCL11,CCR3,cellchat,0,0,0.0,1.0,False,False,True,
CCL24–CCR3,CCL24,CCR3,cellchat,0,0,0.0,1.0,False,False,True,
CCL26–CCR3,CCL26,CCR3,cellchat,0,0,0.0,1.0,False,False,True,
CCL28–CCR3,CCL28,CCR3,cellchat,0,0,0.0,1.0,False,False,True,
CCL27–CCR3,CCL27,CCR3,cellchat,0,0,0.0,1.0,False,False,True,
CCL17–CCR4,CCL17,CCR4,cellchat,0,0,0.0,1.0,False,False,True,
CCL22–CCR4,CCL22,CCR4,cellchat,0,0,0.0,1.0,False,False,True,
CCL5–CCR4,CCL5,CCR4,cellchat,0,0,0.0,1.0,False,False,True,
CCL4–CCR5,CCL4,CCR5,cellchat,9,0,0.0,1.0,True,False,False,"GC1,GC2,GC3,GC4,GC5,GC6,GC7,GC8,GC9"
CCL5–CCR5,CCL5,CCR5,cellchat,9,0,0.0,1.0,True,False,False,"GC1,GC2,GC3,GC4,GC5,GC6,GC7,GC8,GC9"
CCL3–CCR5,CCL3,CCR5,cellchat,9,0,0.0,1.0,True,False,False,"GC1,GC2,GC3,GC4,GC5,GC6,GC7,GC8,GC9"
CCL20–CCR6,CCL20,CCR6,cellchat,7,0,0.0,1.0,True,False,False,"GC1,GC2,GC3,GC4,GC5,GC6,GC7,GC8,GC9"
CCL19–CCR7,CCL19,CCR7,cellchat,7,0,0.0,1.0,True,False,False,"GC1,GC2,GC3,GC4,GC5,GC6,GC7,GC8,GC9"
CCL21–CCR7,CCL21,CCR7,cellchat,7,0,0.0,1.0,True,False,False,"GC1,GC2,GC3,GC4,GC5,GC6,GC7,GC8,GC9"
CCL19–ACKR4,CCL19,ACKR4,cellchat,3,0,0.0,1.0,False,False,True,
CCL21–ACKR4,CCL21,ACKR4,cellchat,3,0,0.0,1.0,False,False,True,
CCL1–CCR8,CCL1,CCR8,cellchat,0,0,0.0,1.0,False,False,True,
CCL25–CCR9,CCL25,CCR9,cellchat,0,0,0.0,1.0,False,False,True,
CCL25–ACKR4,CCL25,ACKR4,cellchat,1,0,0.0,1.0,False,False,True,
CCL28–CCR10,CCL28,CCR10,cellchat,2,0,0.0,1.0,False,False,True,
CCL27–CCR10,CCL27,CCR10,cellchat,0,0,0.0,1.0,False,False,True,
CCL1–ACKR4,CCL1,ACKR4,cellchat,0,0,0.0,1.0,False,False,True,
CCL13–ACKR4,CCL13,ACKR4,cellchat,1,0,0.0,1.0,False,False,True,
CCL8–ACKR4,CCL8,ACKR4,cellchat,1,0,0.0,1.0,False,False,True,
CCL1–ACKR1,CCL1,ACKR1,cellchat,0,0,0.0,1.0,False,False,True,
CCL2–ACKR1,CCL2,ACKR1,cellchat,7,0,0.0,1.0,True,False,False,"GC1,GC2,GC3,GC4,GC5,GC6,GC7,GC8,GC9"
CCL5–ACKR1,CCL5,ACKR1,cellchat,7,0,0.0,1.0,True,False,False,"GC1,GC2,GC3,GC4,GC5,GC6,GC7,GC8,GC9"
CCL8–ACKR1,CCL8,ACKR1,cellchat,2,0,0.0,1.0,False,False,True,
CCL13–ACKR1,CCL13,ACKR1,cellchat,3,0,0.0,1.0,False,False,True,
CCL14–ACKR1,CCL14,ACKR1,cellchat,6,0,0.0,1.0,True,False,False,"GC1,GC2,GC3,GC4,GC5,GC6,GC7,GC8,GC9"
CCL16–ACKR1,CCL16,ACKR1,cellchat,1,0,0.0,1.0,False,False,True,
CCL18–ACKR1,CCL18,ACKR1,cellchat,6,0,0.0,1.0,True,False,False,"GC1,GC2,GC3,GC4,GC5,GC6,GC7,GC8,GC9"
CXCL1–ACKR1,CXCL1,ACKR1,cellchat,7,0,0.0,1.0,True,False,False,"GC1,GC2,GC3,GC4,GC5,GC6,GC7,GC8,GC9"
CXCL2–ACKR1,CXCL2,ACKR1,cellchat,7,0,0.0,1.0,True,False,False,"GC1,GC2,GC3,GC4,GC5,GC6,GC7,GC8,GC9"
CXCL3–ACKR1,CXCL3,ACKR1,cellchat,7,0,0.0,1.0,True,False,False,"GC1,GC2,GC3,GC4,GC5,GC6,GC7,GC8,GC9"
CXCL5–ACKR1,CXCL5,ACKR1,cellchat,4,0,0.0,1.0,False,False,True,
CXCL6–ACKR1,CXCL6,ACKR1,cellchat,2,0,0.0,1.0,False,False,True,
CXCL8–ACKR1,CXCL8,ACKR1,cellchat,7,0,0.0,1.0,True,False,False,"GC1,GC2,GC3,GC4,GC5,GC6,GC7,GC8,GC9"
CXCL9–ACKR1,CXCL9,ACKR1,cellchat,4,0,0.0,1.0,False,False,True,
CXCL10–ACKR1,CXCL10,ACKR1,cellchat,6,0,0.0,1.0,True,False,False,"GC1,GC2,GC3,GC4,GC5,GC6,GC7,GC8,GC9"
CXCL11–ACKR1,CXCL11,ACKR1,cellchat,3,0,0.0,1.0,False,False,True,
CXCL13–ACKR1,CXCL13,ACKR1,cellchat,5,0,0.0,1.0,False,False,True,
CCL2–ACKR2,CCL2,ACKR2,cellchat,0,0,0.0,1.0,False,False,True,
CCL3–ACKR2,CCL3,ACKR2,cellchat,0,0,0.0,1.0,False,False,True,
CCL3L1–ACKR2,CCL3L1,ACKR2,cellchat,0,0,0.0,1.0,False,False,True,
CCL4–ACKR2,CCL4,ACKR2,cellchat,0,0,0.0,1.0,False,False,True,
CCL5–ACKR2,CCL5,ACKR2,cellchat,0,0,0.0,1.0,False,False,True,
CCL7–ACKR2,CCL7,ACKR2,cellchat,0,0,0.0,1.0,False,False,True,
CCL8–ACKR2,CCL8,ACKR2,cellchat,0,0,0.0,1.0,False,False,True,
CCL7–ACKR1,CCL7,ACKR1,cellchat,0,0,0.0,1.0,False,False,True,
CCL11–ACKR1,CCL11,ACKR1,cellchat,6,0,0.0,1.0,True,False,False,"GC1,GC2,GC3,GC4,GC5,GC6,GC7,GC8,GC9"
CCL11–ACKR2,CCL11,ACKR2,cellchat,0,0,0.0,1.0,False,False,True,
CCL13–ACKR2,CCL13,ACKR2,cellchat,0,0,0.0,1.0,False,False,True,
CCL22–ACKR2,CCL22,ACKR2,cellchat,0,0,0.0,1.0,False,False,True,
CCL24–ACKR2,CCL24,ACKR2,cellchat,0,0,0.0,1.0,False,False,True,
CCL26–ACKR2,CCL26,ACKR2,cellchat,0,0,0.0,1.0,False,False,True,
CCL17–ACKR1,CCL17,ACKR1,cellchat,1,0,0.0,1.0,False,False,True,
CCL14–ACKR2,CCL14,ACKR2,cellchat,0,0,0.0,1.0,False,False,True,
CCL17–ACKR2,CCL17,ACKR2,cellchat,0,0,0.0,1.0,False,False,True,
CXCL1–CXCR1,CXCL1,CXCR1,cellchat,2,0,0.0,1.0,False,False,True,
CXCL2–CXCR1,CXCL2,CXCR1,cellchat,2,0,0.0,1.0,False,False,True,
CXCL3–CXCR1,CXCL3,CXCR1,cellchat,2,0,0.0,1.0,False,False,True,
CXCL5–CXCR1,CXCL5,CXCR1,cellchat,2,0,0.0,1.0,False,False,True,
CXCL6–CXCR1,CXCL6,CXCR1,cellchat,1,0,0.0,1.0,False,False,True,
CXCL8–CXCR1,CXCL8,CXCR1,cellchat,2,0,0.0,1.0,False,False,True,
CXCL1–CXCR2,CXCL1,CXCR2,cellchat,2,0,0.0,1.0,False,False,True,
CXCL2–CXCR2,CXCL2,CXCR2,cellchat,2,0,0.0,1.0,False,False,True,
CXCL3–CXCR2,CXCL3,CXCR2,cellchat,2,0,0.0,1.0,False,False,True,
CXCL5–CXCR2,CXCL5,CXCR2,cellchat,2,0,0.0,1.0,False,False,True,
CXCL6–CXCR2,CXCL6,CXCR2,cellchat,1,0,0.0,1.0,False,False,True,
CXCL8–CXCR2,CXCL8,CXCR2,cellchat,2,0,0.0,1.0,False,False,True,
PPBP–CXCR2,PPBP,CXCR2,cellchat,1,0,0.0,1.0,False,False,True,
PF4V1–CXCR3,PF4V1,CXCR3,cellchat,0,0,0.0,1.0,False,False,True,
CXCL9–CXCR3,CXCL9,CXCR3,cellchat,6,0,0.0,1.0,True,False,False,"GC1,GC2,GC3,GC4,GC5,GC6,GC7,GC8,GC9"
CXCL10–CXCR3,CXCL10,CXCR3,cellchat,6,0,0.0,1.0,True,False,False,"GC1,GC2,GC3,GC4,GC5,GC6,GC7,GC8,GC9"
CXCL11–CXCR3,CXCL11,CXCR3,cellchat,4,0,0.0,1.0,False,False,True,
CXCL13–CXCR3,CXCL13,CXCR3,cellchat,6,0,0.0,1.0,True,False,False,"GC1,GC2,GC3,GC4,GC5,GC6,GC7,GC8,GC9"
PF4–CXCR3,PF4,CXCR3,cellchat,1,0,0.0,1.0,False,False,True,
CXCL12–CXCR4,CXCL12,CXCR4,cellchat,9,0,0.0,1.0,True,False,False,"GC1,GC2,GC3,GC4,GC5,GC6,GC7,GC8,GC9"
CXCL11–ACKR3,CXCL11,ACKR3,cellchat,3,0,0.0,1.0,False,False,True,
CXCL12–ACKR3,CXCL12,ACKR3,cellchat,8,0,0.0,1.0,True,False,False,"GC1,GC2,GC3,GC4,GC5,GC6,GC7,GC8,GC9"
CXCL13–CXCR5,CXCL13,CXCR5,cellchat,3,0,0.0,1.0,False,False,True,
CXCL16–CXCR6,CXCL16,CXCR6,cellchat,9,0,0.0,1.0,True,False,False,"GC1,GC2,GC3,GC4,GC5,GC6,GC7,GC8,GC9"
MIF–ACKR3,MIF,ACKR3,cellchat,8,0,0.0,1.0,True,False,False,"GC1,GC2,GC3,GC4,GC5,GC6,GC7,GC8,GC9"
CX3CL1–CX3CR1,CX3CL1,CX3CR1,cellchat,1,0,0.0,1.0,False,False,True,
XCL1–XCR1,XCL1,XCR1,cellchat,0,0,0.0,1.0,False,False,True,
XCL2–XCR1,XCL2,XCR1,cellchat,1,0,0.0,1.0,False,False,True,
IL4–IL4R,IL4,IL4R,cellchat,0,0,0.0,1.0,False,False,True,
IL13–IL13RA1,IL13,IL13RA1,cellchat,0,0,0.0,1.0,False,False,True,
IL13–IL13RA2,IL13,IL13RA2,cellchat,0,0,0.0,1.0,False,False,True,
IL1A–IL1R2,IL1A,IL1R2,cellchat,0,0,0.0,1.0,False,False,True,
IL1B–IL1R2,IL1B,IL1R2,cellchat,5,0,0.0,1.0,False,False,True,
IL17B–IL17RB,IL17B,IL17RB,cellchat,0,0,0.0,1.0,False,False,True,
EPO–EPOR,EPO,EPOR,cellchat,0,0,0.0,1.0,False,False,True,
GH1–GHR,GH1,GHR,cellchat,0,0,0.0,1.0,False,False,True,
PRL–PRLR,PRL,PRLR,cellchat,0,0,0.0,1.0,False,False,True,
THPO–MPL,THPO,MPL,cellchat,0,0,0.0,1.0,False,False,True,
CSF3–CSF3R,CSF3,CSF3R,cellchat,1,0,0.0,1.0,False,False,True,
TNF–TNFRSF1A,TNF,TNFRSF1A,cellchat,4,0,0.0,1.0,False,False,True,
TNF–TNFRSF1B,TNF,TNFRSF1B,cellchat,4,0,0.0,1.0,False,False,True,
LTA–TNFRSF1A,LTA,TNFRSF1A,cellchat,1,0,0.0,1.0,False,False,True,
LTA–TNFRSF1B,LTA,TNFRSF1B,cellchat,1,0,0.0,1.0,False,False,True,
LTA–TNFRSF14,LTA,TNFRSF14,cellchat,1,0,0.0,1.0,False,False,True,
TNFSF14–LTBR,TNFSF14,LTBR,cellchat,7,0,0.0,1.0,True,False,False,"GC1,GC2,GC3,GC4,GC5,GC6,GC7,GC8,GC9"
FASLG–FAS,FASLG,FAS,cellchat,4,0,0.0,1.0,False,False,True,
TNFSF15–TNFRSF25,TNFSF15,TNFRSF25,cellchat,7,0,0.0,1.0,True,False,False,"GC1,GC2,GC3,GC4,GC5,GC6,GC7,GC8,GC9"
TNFSF10–TNFRSF10A,TNFSF10,TNFRSF10A,cellchat,3,0,0.0,1.0,False,False,True,
EDA–EDAR,EDA,EDAR,cellchat,1,0,0.0,1.0,False,False,True,
EDA–EDA2R,EDA,EDA2R,cellchat,0,0,0.0,1.0,False,False,True,
NGF–NGFR,NGF,NGFR,cellchat,0,0,0.0,1.0,False,False,True,
KLK3–NGFR,KLK3,NGFR,cellchat,0,0,0.0,1.0,False,False,True,
TNFSF11–TNFRSF11A,TNFSF11,TNFRSF11A,cellchat,3,0,0.0,1.0,False,False,True,
TNFSF11–TNFRSF11B,TNFSF11,TNFRSF11B,cellchat,2,0,0.0,1.0,False,False,True,
TNFSF12–TNFRSF12A,TNFSF12,TNFRSF12A,cellchat,9,0,0.0,1.0,True,False,False,"GC1,GC2,GC3,GC4,GC5,GC6,GC7,GC8,GC9"
CD70–CD27,CD70,CD27,cellchat,1,0,0.0,1.0,False,False,True,
TNFSF8–TNFRSF8,TNFSF8,TNFRSF8,cellchat,1,0,0.0,1.0,False,False,True,
TNFSF9–TNFRSF9,TNFSF9,TNFRSF9,cellchat,0,0,0.0,1.0,False,False,True,
TNFSF4–TNFRSF4,TNFSF4,TNFRSF4,cellchat,4,0,0.0,1.0,False,False,True,
TNFSF18–TNFRSF18,TNFSF18,TNFRSF18,cellchat,0,0,0.0,1.0,False,False,True,
TNFSF13–TNFRSF17,TNFSF13,TNFRSF17,cellchat,4,0,0.0,1.0,False,False,True,
TNFSF13–TNFRSF13B,TNFSF13,TNFRSF13B,cellchat,1,0,0.0,1.0,False,False,True,
TNFSF13B–TNFRSF17,TNFSF13B,TNFRSF17,cellchat,4,0,0.0,1.0,False,False,True,
TNFSF13B–TNFRSF13B,TNFSF13B,TNFRSF13B,cellchat,1,0,0.0,1.0,False,False,True,
TNFSF13B–TNFRSF13C,TNFSF13B,TNFRSF13C,cellchat,5,0,0.0,1.0,False,False,True,
ADIPOQ–ADIPOR1,ADIPOQ,ADIPOR1,cellchat,0,0,0.0,1.0,False,False,True,
ADIPOQ–ADIPOR2,ADIPOQ,ADIPOR2,cellchat,0,0,0.0,1.0,False,False,True,
RETN–TLR4,RETN,TLR4,cellchat,0,0,0.0,1.0,False,False,True,
RETN–CAP1,RETN,CAP1,cellchat,0,0,0.0,1.0,False,False,True,
ANGPTL2–LILRB3,ANGPTL2,LILRB3,cellchat,8,0,0.0,1.0,True,False,False,"GC1,GC2,GC3,GC4,GC5,GC6,GC7,GC8,GC9"
ANGPTL1–LILRB3,ANGPTL1,LILRB3,cellchat,2,0,0.0,1.0,False,False,True,
ANGPTL7–LILRB3,ANGPTL7,LILRB3,cellchat,1,0,0.0,1.0,False,False,True,
ANGPTL4–CDH5,ANGPTL4,CDH5,cellchat,5,0,0.0,1.0,False,False,True,
ANGPTL4–CDH11,ANGPTL4,CDH11,cellchat,5,0,0.0,1.0,False,False,True,
ANGPTL4–SDC1,ANGPTL4,SDC1,cellchat,5,0,0.0,1.0,False,False,True,
ANGPTL4–SDC2,ANGPTL4,SDC2,cellchat,5,0,0.0,1.0,False,False,True,
ANGPTL4–SDC3,ANGPTL4,SDC3,cellchat,5,0,0.0,1.0,False,False,True,
ANGPTL4–SDC4,ANGPTL4,SDC4,cellchat,5,0,0.0,1.0,False,False,True,
ANGPT1–TEK,ANGPT1,TEK,cellchat,4,0,0.0,1.0,False,False,True,
ANGPT2–TEK,ANGPT2,TEK,cellchat,4,0,0.0,1.0,False,False,True,
MDK–PTPRZ1,MDK,PTPRZ1,cellchat,3,0,0.0,1.0,False,False,True,
MDK–ALK,MDK,ALK,cellchat,0,0,0.0,1.0,False,False,True,
PTN–PTPRZ1,PTN,PTPRZ1,cellchat,3,0,0.0,1.0,False,False,True,
PTN–SDC2,PTN,SDC2,cellchat,7,0,0.0,1.0,True,False,False,"GC1,GC2,GC3,GC4,GC5,GC6,GC7,GC8,GC9"
PTN–SDC3,PTN,SDC3,cellchat,7,0,0.0,1.0,True,False,False,"GC1,GC2,GC3,GC4,GC5,GC6,GC7,GC8,GC9"
PTN–ALK,PTN,ALK,cellchat,0,0,0.0,1.0,False,False,True,
AGT–AGTR1,AGT,AGTR1,cellchat,1,0,0.0,1.0,False,False,True,
GRP–GRPR,GRP,GRPR,cellchat,0,0,0.0,1.0,False,False,True,
NMB–NMBR,NMB,NMBR,cellchat,0,0,0.0,1.0,False,False,True,
KNG1–BDKRB1,KNG1,BDKRB1,cellchat,0,0,0.0,1.0,False,False,True,
KNG1–BDKRB2,KNG1,BDKRB2,cellchat,0,0,0.0,1.0,False,False,True,
C3–CR2,C3,CR2,cellchat,3,0,0.0,1.0,False,False,True,
C4A–C3AR1,C4A,C3AR1,cellchat,0,0,0.0,1.0,False,False,True,
C4A–CR2,C4A,CR2,cellchat,0,0,0.0,1.0,False,False,True,
C5–C5AR1,C5,C5AR1,cellchat,2,0,0.0,1.0,False,False,True,
CCK–CCKAR,CCK,CCKAR,cellchat,0,0,0.0,1.0,False,False,True,
CCK–CCKBR,CCK,CCKBR,cellchat,0,0,0.0,1.0,False,False,True,
EDN1–EDNRA,EDN1,EDNRA,cellchat,7,0,0.0,1.0,True,False,False,"GC1,GC2,GC3,GC4,GC5,GC6,GC7,GC8,GC9"
EDN2–EDNRA,EDN2,EDNRA,cellchat,1,0,0.0,1.0,False,False,True,
EDN3–EDNRA,EDN3,EDNRA,cellchat,2,0,0.0,1.0,False,False,True,
EDN1–EDNRB,EDN1,EDNRB,cellchat,7,0,0.0,1.0,True,False,False,"GC1,GC2,GC3,GC4,GC5,GC6,GC7,GC8,GC9"
EDN2–EDNRB,EDN2,EDNRB,cellchat,1,0,0.0,1.0,False,False,True,
EDN3–EDNRB,EDN3,EDNRB,cellchat,2,0,0.0,1.0,False,False,True,
GAL–GALR1,GAL,GALR1,cellchat,0,0,0.0,1.0,False,False,True,
GAL–GALR2,GAL,GALR2,cellchat,0,0,0.0,1.0,False,False,True,
GAL–GALR3,GAL,GALR3,cellchat,0,0,0.0,1.0,False,False,True,
GALP–GALR1,GALP,GALR1,cellchat,0,0,0.0,1.0,False,False,True,
GALP–GALR2,GALP,GALR2,cellchat,0,0,0.0,1.0,False,False,True,
GHRL–GHSR,GHRL,GHSR,cellchat,0,0,0.0,1.0,False,False,True,
KISS1–KISS1R,KISS1,KISS1R,cellchat,0,0,0.0,1.0,False,False,True,
POMC–MC1R,POMC,MC1R,cellchat,3,0,0.0,1.0,False,False,True,
POMC–MC2R,POMC,MC2R,cellchat,0,0,0.0,1.0,False,False,True,
POMC–MC3R,POMC,MC3R,cellchat,0,0,0.0,1.0,False,False,True,
POMC–MC4R,POMC,MC4R,cellchat,0,0,0.0,1.0,False,False,True,
POMC–MC5R,POMC,MC5R,cellchat,0,0,0.0,1.0,False,False,True,
NMU–NMUR1,NMU,NMUR1,cellchat,0,0,0.0,1.0,False,False,True,
NMU–NMUR2,NMU,NMUR2,cellchat,0,0,0.0,1.0,False,False,True,
NMS–NMUR1,NMS,NMUR1,cellchat,0,0,0.0,1.0,False,False,True,
NMS–NMUR2,NMS,NMUR2,cellchat,0,0,0.0,1.0,False,False,True,
NPFF–NPFFR1,NPFF,NPFFR1,cellchat,3,0,0.0,1.0,False,False,True,
NPFF–NPFFR2,NPFF,NPFFR2,cellchat,1,0,0.0,1.0,False,False,True,
NPY–NPY1R,NPY,NPY1R,cellchat,0,0,0.0,1.0,False,False,True,
NPY–NPY2R,NPY,NPY2R,cellchat,0,0,0.0,1.0,False,False,True,
NPY–NPY4R,NPY,NPY4R,cellchat,0,0,0.0,1.0,False,False,True,
NPY–NPY5R,NPY,NPY5R,cellchat,0,0,0.0,1.0,False,False,True,
NPY–GPR83,NPY,GPR83,cellchat,0,0,0.0,1.0,False,False,True,
PPY–NPY1R,PPY,NPY1R,cellchat,0,0,0.0,1.0,False,False,True,
PPY–NPY2R,PPY,NPY2R,cellchat,0,0,0.0,1.0,False,False,True,
PPY–NPY4R,PPY,NPY4R,cellchat,0,0,0.0,1.0,False,False,True,
PPY–NPY5R,PPY,NPY5R,cellchat,0,0,0.0,1.0,False,False,True,
PPY–GPR83,PPY,GPR83,cellchat,0,0,0.0,1.0,False,False,True,
PYY–NPY1R,PYY,NPY1R,cellchat,0,0,0.0,1.0,False,False,True,
PYY–NPY2R,PYY,NPY2R,cellchat,0,0,0.0,1.0,False,False,True,
PYY–NPY4R,PYY,NPY4R,cellchat,0,0,0.0,1.0,False,False,True,
PYY–NPY5R,PYY,NPY5R,cellchat,0,0,0.0,1.0,False,False,True,
PYY–GPR83,PYY,GPR83,cellchat,0,0,0.0,1.0,False,False,True,
NPB–NPBWR1,NPB,NPBWR1,cellchat,0,0,0.0,1.0,False,False,True,
NPW–NPBWR1,NPW,NPBWR1,cellchat,0,0,0.0,1.0,False,False,True,
NTS–NTSR1,NTS,NTSR1,cellchat,0,0,0.0,1.0,False,False,True,
NTS–NTSR2,NTS,NTSR2,cellchat,0,0,0.0,1.0,False,False,True,
PDYN–OPRD1,PDYN,OPRD1,cellchat,0,0,0.0,1.0,False,False,True,
PDYN–OPRK1,PDYN,OPRK1,cellchat,0,0,0.0,1.0,False,False,True,
PDYN–OPRL1,PDYN,OPRL1,cellchat,0,0,0.0,1.0,False,False,True,
PDYN–OPRM1,PDYN,OPRM1,cellchat,0,0,0.0,1.0,False,False,True,
PENK–OPRD1,PENK,OPRD1,cellchat,0,0,0.0,1.0,False,False,True,
PENK–OPRK1,PENK,OPRK1,cellchat,0,0,0.0,1.0,False,False,True,
PENK–OPRL1,PENK,OPRL1,cellchat,0,0,0.0,1.0,False,False,True,
PENK–OPRM1,PENK,OPRM1,cellchat,0,0,0.0,1.0,False,False,True,
POMC–OPRD1,POMC,OPRD1,cellchat,0,0,0.0,1.0,False,False,True,
POMC–OPRK1,POMC,OPRK1,cellchat,0,0,0.0,1.0,False,False,True,
POMC–OPRL1,POMC,OPRL1,cellchat,2,0,0.0,1.0,False,False,True,
POMC–OPRM1,POMC,OPRM1,cellchat,0,0,0.0,1.0,False,False,True,
HCRT–HCRTR1,HCRT,HCRTR1,cellchat,0,0,0.0,1.0,False,False,True,
HCRT–HCRTR2,HCRT,HCRTR2,cellchat,0,0,0.0,1.0,False,False,True,
OXT–OXTR,OXT,OXTR,cellchat,0,0,0.0,1.0,False,False,True,
SST–SSTR1,SST,SSTR1,cellchat,0,0,0.0,1.0,False,False,True,
SST–SSTR2,SST,SSTR2,cellchat,0,0,0.0,1.0,False,False,True,
SST–SSTR3,SST,SSTR3,cellchat,0,0,0.0,1.0,False,False,True,
SST–SSTR4,SST,SSTR4,cellchat,0,0,0.0,1.0,False,False,True,
SST–SSTR5,SST,SSTR5,cellchat,0,0,0.0,1.0,False,False,True,
CORT–SSTR1,CORT,SSTR1,cellchat,0,0,0.0,1.0,False,False,True,
CORT–SSTR2,CORT,SSTR2,cellchat,0,0,0.0,1.0,False,False,True,
CORT–SSTR3,CORT,SSTR3,cellchat,0,0,0.0,1.0,False,False,True,
CORT–SSTR4,CORT,SSTR4,cellchat,0,0,0.0,1.0,False,False,True,
CORT–SSTR5,CORT,SSTR5,cellchat,0,0,0.0,1.0,False,False,True,
TAC1–TACR1,TAC1,TACR1,cellchat,0,0,0.0,1.0,False,False,True,
TAC4–TACR1,TAC4,TACR1,cellchat,0,0,0.0,1.0,False,False,True,
TAC1–TACR2,TAC1,TACR2,cellchat,0,0,0.0,1.0,False,False,True,
TAC3–TACR3,TAC3,TACR3,cellchat,0,0,0.0,1.0,False,False,True,
UTS2–UTS2R,UTS2,UTS2R,cellchat,0,0,0.0,1.0,False,False,True,
AVP–AVPR2,AVP,AVPR2,cellchat,1,0,0.0,1.0,False,False,True,
AVP–AVPR1A,AVP,AVPR1A,cellchat,0,0,0.0,1.0,False,False,True,
AVP–AVPR1B,AVP,AVPR1B,cellchat,0,0,0.0,1.0,False,False,True,
PRLH–PRLHR,PRLH,PRLHR,cellchat,0,0,0.0,1.0,False,False,True,
CTSG–F2R,CTSG,F2R,cellchat,2,0,0.0,1.0,False,False,True,
F2–F2R,F2,F2R,cellchat,2,0,0.0,1.0,False,False,True,
PLG–F2R,PLG,F2R,cellchat,0,0,0.0,1.0,False,False,True,
PRSS2–F2R,PRSS2,F2R,cellchat,1,0,0.0,1.0,False,False,True,
PRSS1–F2R,PRSS1,F2R,cellchat,1,0,0.0,1.0,False,False,True,
PRSS3–F2RL1,PRSS3,F2RL1,cellchat,7,0,0.0,1.0,True,False,False,"GC1,GC2,GC3,GC4,GC5,GC6,GC7,GC8,GC9"
CTSG–F2RL1,CTSG,F2RL1,cellchat,1,0,0.0,1.0,False,False,True,
F2–F2RL1,F2,F2RL1,cellchat,2,0,0.0,1.0,False,False,True,
PLG–F2RL1,PLG,F2RL1,cellchat,0,0,0.0,1.0,False,False,True,
GZMA–F2RL1,GZMA,F2RL1,cellchat,7,0,0.0,1.0,True,False,False,"GC1,GC2,GC3,GC4,GC5,GC6,GC7,GC8,GC9"
PRSS2–F2RL1,PRSS2,F2RL1,cellchat,1,0,0.0,1.0,False,False,True,
PRSS1–F2RL1,PRSS1,F2RL1,cellchat,1,0,0.0,1.0,False,False,True,
PRSS3–F2RL2,PRSS3,F2RL2,cellchat,6,0,0.0,1.0,True,False,False,"GC1,GC2,GC3,GC4,GC5,GC6,GC7,GC8,GC9"
CTSG–F2RL2,CTSG,F2RL2,cellchat,1,0,0.0,1.0,False,False,True,
F2–F2RL2,F2,F2RL2,cellchat,2,0,0.0,1.0,False,False,True,
PLG–F2RL2,PLG,F2RL2,cellchat,0,0,0.0,1.0,False,False,True,
GZMA–F2RL2,GZMA,F2RL2,cellchat,6,0,0.0,1.0,True,False,False,"GC1,GC2,GC3,GC4,GC5,GC6,GC7,GC8,GC9"
PRSS2–F2RL2,PRSS2,F2RL2,cellchat,1,0,0.0,1.0,False,False,True,
PRSS1–F2RL2,PRSS1,F2RL2,cellchat,1,0,0.0,1.0,False,False,True,
PRSS3–F2RL3,PRSS3,F2RL3,cellchat,5,0,0.0,1.0,False,False,True,
CTSG–F2RL3,CTSG,F2RL3,cellchat,1,0,0.0,1.0,False,False,True,
F2–F2RL3,F2,F2RL3,cellchat,2,0,0.0,1.0,False,False,True,
GZMA–F2RL3,GZMA,F2RL3,cellchat,5,0,0.0,1.0,False,False,True,
PLG–F2RL3,PLG,F2RL3,cellchat,0,0,0.0,1.0,False,False,True,
PRSS2–F2RL3,PRSS2,F2RL3,cellchat,1,0,0.0,1.0,False,False,True,
PRSS1–F2RL3,PRSS1,F2RL3,cellchat,1,0,0.0,1.0,False,False,True,
PRSS3–PARD3,PRSS3,PARD3,cellchat,9,0,0.0,1.0,True,False,False,"GC1,GC2,GC3,GC4,GC5,GC6,GC7,GC8,GC9"
CTSG–PARD3,CTSG,PARD3,cellchat,2,0,0.0,1.0,False,False,True,
F2–PARD3,F2,PARD3,cellchat,2,0,0.0,1.0,False,False,True,
GZMA–PARD3,GZMA,PARD3,cellchat,9,0,0.0,1.0,True,False,False,"GC1,GC2,GC3,GC4,GC5,GC6,GC7,GC8,GC9"
PLG–PARD3,PLG,PARD3,cellchat,0,0,0.0,1.0,False,False,True,
PRSS2–PARD3,PRSS2,PARD3,cellchat,1,0,0.0,1.0,False,False,True,
PRSS1–PARD3,PRSS1,PARD3,cellchat,1,0,0.0,1.0,False,False,True,
PMCH–MCHR1,PMCH,MCHR1,cellchat,0,0,0.0,1.0,False,False,True,
PROK1–PROKR2,PROK1,PROKR2,cellchat,0,0,0.0,1.0,False,False,True,
PROK1–PROKR1,PROK1,PROKR1,cellchat,0,0,0.0,1.0,False,False,True,
PROK2–PROKR1,PROK2,PROKR1,cellchat,0,0,0.0,1.0,False,False,True,
PROK2–PROKR2,PROK2,PROKR2,cellchat,0,0,0.0,1.0,False,False,True,
ADCYAP1–ADCYAP1R1,ADCYAP1,ADCYAP1R1,cellchat,0,0,0.0,1.0,False,False,True,
VIP–VIPR1,VIP,VIPR1,cellchat,0,0,0.0,1.0,False,False,True,
VIP–VIPR2,VIP,VIPR2,cellchat,1,0,0.0,1.0,False,False,True,
NPPA–NPR1,NPPA,NPR1,cellchat,0,0,0.0,1.0,False,False,True,
NPPB–NPR1,NPPB,NPR1,cellchat,0,0,0.0,1.0,False,False,True,
NPPC–NPR2,NPPC,NPR2,cellchat,0,0,0.0,1.0,False,False,True,
KITLG–KIT,KITLG,KIT,cellchat,7,0,0.0,1.0,True,False,False,"GC1,GC2,GC3,GC4,GC5,GC6,GC7,GC8,GC9"
GCG–GIPR,GCG,GIPR,cellchat,0,0,0.0,1.0,False,False,True,
GIP–GIPR,GIP,GIPR,cellchat,0,0,0.0,1.0,False,False,True,
FSHB–FSHR,FSHB,FSHR,cellchat,0,0,0.0,1.0,False,False,True,
CGA–FSHR,CGA,FSHR,cellchat,0,0,0.0,1.0,False,False,True,
LHB–LHCGR,LHB,LHCGR,cellchat,0,0,0.0,1.0,False,False,True,
CGA–LHCGR,CGA,LHCGR,cellchat,0,0,0.0,1.0,False,False,True,
TSHB–TSHR,TSHB,TSHR,cellchat,0,0,0.0,1.0,False,False,True,
CGA–TSHR,CGA,TSHR,cellchat,0,0,0.0,1.0,False,False,True,
BDNF–NTRK2,BDNF,NTRK2,cellchat,0,0,0.0,1.0,False,False,True,
NGF–NTRK1,NGF,NTRK1,cellchat,0,0,0.0,1.0,False,False,True,
FLT3LG–FLT3,FLT3LG,FLT3,cellchat,1,0,0.0,1.0,False,False,True,
HGF–MET,HGF,MET,cellchat,6,0,0.0,1.0,True,False,False,"GC1,GC2,GC3,GC4,GC5,GC6,GC7,GC8,GC9"
KLK3–NTRK1,KLK3,NTRK1,cellchat,0,0,0.0,1.0,False,False,True,
NTF3–NTRK1,NTF3,NTRK1,cellchat,0,0,0.0,1.0,False,False,True,
NTF3–NTRK2,NTF3,NTRK2,cellchat,0,0,0.0,1.0,False,False,True,
NTF3–NTRK3,NTF3,NTRK3,cellchat,0,0,0.0,1.0,False,False,True,
NTF4–NTRK2,NTF4,NTRK2,cellchat,0,0,0.0,1.0,False,False,True,
SEMA3E–PLXND1,SEMA3E,PLXND1,cellchat,2,0,0.0,1.0,False,False,True,
ADM–CALCR,ADM,CALCR,cellchat,0,0,0.0,1.0,False,False,True,
ADM–CALCRL,ADM,CALCRL,cellchat,9,0,0.0,1.0,True,False,False,"GC1,GC2,GC3,GC4,GC5,GC6,GC7,GC8,GC9"
AGT–MAS1,AGT,MAS1,cellchat,0,0,0.0,1.0,False,False,True,
ANXA1–FPR2,ANXA1,FPR2,cellchat,1,0,0.0,1.0,False,False,True,
ANXA1–FPR1,ANXA1,FPR1,cellchat,9,0,0.0,1.0,True,False,False,"GC1,GC2,GC3,GC4,GC5,GC6,GC7,GC8,GC9"
APELA–APLNR,APELA,APLNR,cellchat,0,0,0.0,1.0,False,False,True,
CALCA–CALCR,CALCA,CALCR,cellchat,0,0,0.0,1.0,False,False,True,
CALCA–CALCRL,CALCA,CALCRL,cellchat,0,0,0.0,1.0,False,False,True,
CALCB–CALCR,CALCB,CALCR,cellchat,0,0,0.0,1.0,False,False,True,
CALCB–CALCRL,CALCB,CALCRL,cellchat,0,0,0.0,1.0,False,False,True,
CRH–CRHR1,CRH,CRHR1,cellchat,0,0,0.0,1.0,False,False,True,
CRH–CRHR2,CRH,CRHR2,cellchat,0,0,0.0,1.0,False,False,True,
ENHO–GPR19,ENHO,GPR19,cellchat,1,0,0.0,1.0,False,False,True,
GAS6–MERTK,GAS6,MERTK,cellchat,8,0,0.0,1.0,True,False,False,"GC1,GC2,GC3,GC4,GC5,GC6,GC7,GC8,GC9"
GAS6–TYRO3,GAS6,TYRO3,cellchat,6,0,0.0,1.0,True,False,False,"GC1,GC2,GC3,GC4,GC5,GC6,GC7,GC8,GC9"
GCG–GCGR,GCG,GCGR,cellchat,0,0,0.0,1.0,False,False,True,
GCG–GLP1R,GCG,GLP1R,cellchat,0,0,0.0,1.0,False,False,True,
GCG–GLP2R,GCG,GLP2R,cellchat,0,0,0.0,1.0,False,False,True,
GH1–PRLR,GH1,PRLR,cellchat,0,0,0.0,1.0,False,False,True,
GHRH–VIPR1,GHRH,VIPR1,cellchat,0,0,0.0,1.0,False,False,True,
GHRH–VIPR2,GHRH,VIPR2,cellchat,0,0,0.0,1.0,False,False,True,
GHRH–GHSR,GHRH,GHSR,cellchat,0,0,0.0,1.0,False,False,True,
GHRH–GHRHR,GHRH,GHRHR,cellchat,0,0,0.0,1.0,False,False,True,
GNRH1–GNRHR,GNRH1,GNRHR,cellchat,0,0,0.0,1.0,False,False,True,
GUCA2A–GUCY2C,GUCA2A,GUCY2C,cellchat,2,0,0.0,1.0,False,False,True,
GUCA2B–GUCY2C,GUCA2B,GUCY2C,cellchat,0,0,0.0,1.0,False,False,True,
IAPP–CALCR,IAPP,CALCR,cellchat,0,0,0.0,1.0,False,False,True,
IAPP–CALCRL,IAPP,CALCRL,cellchat,0,0,0.0,1.0,False,False,True,
INSL3–RXFP2,INSL3,RXFP2,cellchat,0,0,0.0,1.0,False,False,True,
INSL3–RXFP1,INSL3,RXFP1,cellchat,0,0,0.0,1.0,False,False,True,
INSL3–RXFP4,INSL3,RXFP4,cellchat,0,0,0.0,1.0,False,False,True,
INSL3–RXFP3,INSL3,RXFP3,cellchat,0,0,0.0,1.0,False,False,True,
INSL5–RXFP4,INSL5,RXFP4,cellchat,0,0,0.0,1.0,False,False,True,
INSL5–RXFP3,INSL5,RXFP3,cellchat,0,0,0.0,1.0,False,False,True,
INSL5–RXFP2,INSL5,RXFP2,cellchat,0,0,0.0,1.0,False,False,True,
INSL5–RXFP1,INSL5,RXFP1,cellchat,0,0,0.0,1.0,False,False,True,
LEP–LEPR,LEP,LEPR,cellchat,0,0,0.0,1.0,False,False,True,
NPS–NPSR1,NPS,NPSR1,cellchat,0,0,0.0,1.0,False,False,True,
NPVF–NPFFR1,NPVF,NPFFR1,cellchat,0,0,0.0,1.0,False,False,True,
NPVF–NPFFR2,NPVF,NPFFR2,cellchat,0,0,0.0,1.0,False,False,True,
OSTN–NPR3,OSTN,NPR3,cellchat,0,0,0.0,1.0,False,False,True,
PMCH–MERTK,PMCH,MERTK,cellchat,0,0,0.0,1.0,False,False,True,
PROS1–AXL,PROS1,AXL,cellchat,8,0,0.0,1.0,True,False,False,"GC1,GC2,GC3,GC4,GC5,GC6,GC7,GC8,GC9"
PROS1–TYRO3,PROS1,TYRO3,cellchat,6,0,0.0,1.0,True,False,False,"GC1,GC2,GC3,GC4,GC5,GC6,GC7,GC8,GC9"
PSAP–GPR37L1,PSAP,GPR37L1,cellchat,0,0,0.0,1.0,False,False,True,
PSAP–GPR37,PSAP,GPR37,cellchat,2,0,0.0,1.0,False,False,True,
PTH–PTH1R,PTH,PTH1R,cellchat,0,0,0.0,1.0,False,False,True,
PTH–PTH2R,PTH,PTH2R,cellchat,0,0,0.0,1.0,False,False,True,
PTH2–PTH1R,PTH2,PTH1R,cellchat,0,0,0.0,1.0,False,False,True,
PTH2–PTH2R,PTH2,PTH2R,cellchat,0,0,0.0,1.0,False,False,True,
PTHLH–PTH1R,PTHLH,PTH1R,cellchat,0,0,0.0,1.0,False,False,True,
QRFP–QRFPR,QRFP,QRFPR,cellchat,0,0,0.0,1.0,False,False,True,
RARRES2–GPR1,RARRES2,GPR1,cellchat,0,0,0.0,1.0,False,False,True,
RLN1–RXFP2,RLN1,RXFP2,cellchat,0,0,0.0,1.0,False,False,True,
RLN1–RXFP1,RLN1,RXFP1,cellchat,0,0,0.0,1.0,False,False,True,
RLN1–RXFP3,RLN1,RXFP3,cellchat,0,0,0.0,1.0,False,False,True,
RLN1–RXFP4,RLN1,RXFP4,cellchat,0,0,0.0,1.0,False,False,True,
RLN3–RXFP3,RLN3,RXFP3,cellchat,0,0,0.0,1.0,False,False,True,
RLN3–RXFP1,RLN3,RXFP1,cellchat,0,0,0.0,1.0,False,False,True,
RLN3–RXFP4,RLN3,RXFP4,cellchat,0,0,0.0,1.0,False,False,True,
RLN3–RXFP2,RLN3,RXFP2,cellchat,0,0,0.0,1.0,False,False,True,
SAA1–FPR2,SAA1,FPR2,cellchat,1,0,0.0,1.0,False,False,True,
SCGB3A2–MARCO,SCGB3A2,MARCO,cellchat,0,0,0.0,1.0,False,False,True,
SCT–SCTR,SCT,SCTR,cellchat,0,0,0.0,1.0,False,False,True,
SLURP1–CHRNB1,SLURP1,CHRNB1,cellchat,0,0,0.0,1.0,False,False,True,
SLURP1–CHRNB2,SLURP1,CHRNB2,cellchat,0,0,0.0,1.0,False,False,True,
SLURP1–CHRNB3,SLURP1,CHRNB3,cellchat,0,0,0.0,1.0,False,False,True,
SLURP1–CHRNB4,SLURP1,CHRNB4,cellchat,0,0,0.0,1.0,False,False,True,
SLURP1–CHRNA1,SLURP1,CHRNA1,cellchat,0,0,0.0,1.0,False,False,True,
SLURP1–CHRNA2,SLURP1,CHRNA2,cellchat,0,0,0.0,1.0,False,False,True,
SLURP1–CHRNA3,SLURP1,CHRNA3,cellchat,0,0,0.0,1.0,False,False,True,
SLURP1–CHRNA4,SLURP1,CHRNA4,cellchat,0,0,0.0,1.0,False,False,True,
SLURP1–CHRNA5,SLURP1,CHRNA5,cellchat,0,0,0.0,1.0,False,False,True,
SLURP1–CHRNA6,SLURP1,CHRNA6,cellchat,0,0,0.0,1.0,False,False,True,
SLURP1–CHRNA9,SLURP1,CHRNA9,cellchat,0,0,0.0,1.0,False,False,True,
SLURP1–CHRNA10,SLURP1,CHRNA10,cellchat,0,0,0.0,1.0,False,False,True,
SLURP1–CHRND,SLURP1,CHRND,cellchat,0,0,0.0,1.0,False,False,True,
SLURP1–CHRNE,SLURP1,CHRNE,cellchat,0,0,0.0,1.0,False,False,True,
SLURP1–CHRNG,SLURP1,CHRNG,cellchat,0,0,0.0,1.0,False,False,True,
SLURP1–CHRNA7,SLURP1,CHRNA7,cellchat,0,0,0.0,1.0,False,False,True,
SLURP2–CHRNB1,SLURP2,CHRNB1,cellchat,0,0,0.0,1.0,False,False,True,
SLURP2–CHRNB2,SLURP2,CHRNB2,cellchat,0,0,0.0,1.0,False,False,True,
SLURP2–CHRNB3,SLURP2,CHRNB3,cellchat,0,0,0.0,1.0,False,False,True,
SLURP2–CHRNB4,SLURP2,CHRNB4,cellchat,0,0,0.0,1.0,False,False,True,
SLURP2–CHRNA1,SLURP2,CHRNA1,cellchat,0,0,0.0,1.0,False,False,True,
SLURP2–CHRNA2,SLURP2,CHRNA2,cellchat,0,0,0.0,1.0,False,False,True,
SLURP2–CHRNA3,SLURP2,CHRNA3,cellchat,0,0,0.0,1.0,False,False,True,
SLURP2–CHRNA4,SLURP2,CHRNA4,cellchat,0,0,0.0,1.0,False,False,True,
SLURP2–CHRNA5,SLURP2,CHRNA5,cellchat,0,0,0.0,1.0,False,False,True,
SLURP2–CHRNA6,SLURP2,CHRNA6,cellchat,0,0,0.0,1.0,False,False,True,
SLURP2–CHRNA7,SLURP2,CHRNA7,cellchat,0,0,0.0,1.0,False,False,True,
SLURP2–CHRNA9,SLURP2,CHRNA9,cellchat,0,0,0.0,1.0,False,False,True,
SLURP2–CHRNA10,SLURP2,CHRNA10,cellchat,0,0,0.0,1.0,False,False,True,
SLURP2–CHRND,SLURP2,CHRND,cellchat,0,0,0.0,1.0,False,False,True,
SLURP2–CHRNE,SLURP2,CHRNE,cellchat,0,0,0.0,1.0,False,False,True,
SLURP2–CHRNG,SLURP2,CHRNG,cellchat,0,0,0.0,1.0,False,False,True,
BTLA–TNFRSF14,BTLA,TNFRSF14,cellchat,1,0,0.0,1.0,False,False,True,
TRH–TRHR,TRH,TRHR,cellchat,0,0,0.0,1.0,False,False,True,
UCN–CRHR1,UCN,CRHR1,cellchat,0,0,0.0,1.0,False,False,True,
UCN–CRHR2,UCN,CRHR2,cellchat,0,0,0.0,1.0,False,False,True,
UCN2–CRHR1,UCN2,CRHR1,cellchat,0,0,0.0,1.0,False,False,True,
UCN2–CRHR2,UCN2,CRHR2,cellchat,0,0,0.0,1.0,False,False,True,
UCN3–CRHR1,UCN3,CRHR1,cellchat,0,0,0.0,1.0,False,False,True,
UCN3–CRHR2,UCN3,CRHR2,cellchat,0,0,0.0,1.0,False,False,True,
UTS2B–UTS2R,UTS2B,UTS2R,cellchat,0,0,0.0,1.0,False,False,True,
UTS2B–SSTR5,UTS2B,SSTR5,cellchat,0,0,0.0,1.0,False,False,True,
BAG6–NCR3,BAG6,NCR3,cellchat,1,0,0.0,1.0,False,False,True,
COL2A1–CD44,COL2A1,CD44,cellchat,2,0,0.0,1.0,False,False,True,
COL4A3–CD44,COL4A3,CD44,cellchat,2,0,0.0,1.0,False,False,True,
COL4A5–CD44,COL4A5,CD44,cellchat,6,0,0.0,1.0,True,False,False,"GC1,GC2,GC3,GC4,GC5,GC6,GC7,GC8,GC9"
COL4A6–CD44,COL4A6,CD44,cellchat,3,0,0.0,1.0,False,False,True,
COL6A5–CD44,COL6A5,CD44,cellchat,1,0,0.0,1.0,False,False,True,
COL9A1–CD44,COL9A1,CD44,cellchat,4,0,0.0,1.0,False,False,True,
COL9A3–CD44,COL9A3,CD44,cellchat,4,0,0.0,1.0,False,False,True,
LAMA1–CD44,LAMA1,CD44,cellchat,2,0,0.0,1.0,False,False,True,
LAMC3–CD44,LAMC3,CD44,cellchat,4,0,0.0,1.0,False,False,True,
COL2A1–SDC1,COL2A1,SDC1,cellchat,2,0,0.0,1.0,False,False,True,
COL4A3–SDC1,COL4A3,SDC1,cellchat,2,0,0.0,1.0,False,False,True,
COL4A5–SDC1,COL4A5,SDC1,cellchat,6,0,0.0,1.0,True,False,False,"GC1,GC2,GC3,GC4,GC5,GC6,GC7,GC8,GC9"
COL4A6–SDC1,COL4A6,SDC1,cellchat,3,0,0.0,1.0,False,False,True,
COL6A5–SDC1,COL6A5,SDC1,cellchat,1,0,0.0,1.0,False,False,True,
COL9A1–SDC1,COL9A1,SDC1,cellchat,4,0,0.0,1.0,False,False,True,
COL9A3–SDC1,COL9A3,SDC1,cellchat,4,0,0.0,1.0,False,False,True,
TNR–SDC1,TNR,SDC1,cellchat,0,0,0.0,1.0,False,False,True,
TNN–SDC1,TNN,SDC1,cellchat,1,0,0.0,1.0,False,False,True,
THBS4–SDC1,THBS4,SDC1,cellchat,8,0,0.0,1.0,True,False,False,"GC1,GC2,GC3,GC4,GC5,GC6,GC7,GC8,GC9"
COMP–SDC1,COMP,SDC1,cellchat,6,0,0.0,1.0,True,False,False,"GC1,GC2,GC3,GC4,GC5,GC6,GC7,GC8,GC9"
COL2A1–SDC4,COL2A1,SDC4,cellchat,2,0,0.0,1.0,False,False,True,
COL4A3–SDC4,COL4A3,SDC4,cellchat,2,0,0.0,1.0,False,False,True,
COL4A5–SDC4,COL4A5,SDC4,cellchat,6,0,0.0,1.0,True,False,False,"GC1,GC2,GC3,GC4,GC5,GC6,GC7,GC8,GC9"
COL4A6–SDC4,COL4A6,SDC4,cellchat,3,0,0.0,1.0,False,False,True,
COL6A5–SDC4,COL6A5,SDC4,cellchat,1,0,0.0,1.0,False,False,True,
COL9A1–SDC4,COL9A1,SDC4,cellchat,4,0,0.0,1.0,False,False,True,
COL9A2–SDC4,COL9A2,SDC4,cellchat,9,0,0.0,1.0,True,False,False,"GC1,GC2,GC3,GC4,GC5,GC6,GC7,GC8,GC9"
COL9A3–SDC4,COL9A3,SDC4,cellchat,4,0,0.0,1.0,False,False,True,
TNR–SDC4,TNR,SDC4,cellchat,0,0,0.0,1.0,False,False,True,
TNN–SDC4,TNN,SDC4,cellchat,1,0,0.0,1.0,False,False,True,
THBS4–SDC4,THBS4,SDC4,cellchat,8,0,0.0,1.0,True,False,False,"GC1,GC2,GC3,GC4,GC5,GC6,GC7,GC8,GC9"
COMP–SDC4,COMP,SDC4,cellchat,6,0,0.0,1.0,True,False,False,"GC1,GC2,GC3,GC4,GC5,GC6,GC7,GC8,GC9"
LAMA1–SV2A,LAMA1,SV2A,cellchat,2,0,0.0,1.0,False,False,True,
LAMA2–SV2A,LAMA2,SV2A,cellchat,4,0,0.0,1.0,False,False,True,
LAMA3–SV2A,LAMA3,SV2A,cellchat,4,0,0.0,1.0,False,False,True,
LAMA4–SV2A,LAMA4,SV2A,cellchat,4,0,0.0,1.0,False,False,True,
LAMA5–SV2A,LAMA5,SV2A,cellchat,4,0,0.0,1.0,False,False,True,
LAMB1–SV2A,LAMB1,SV2A,cellchat,4,0,0.0,1.0,False,False,True,
LAMB2–SV2A,LAMB2,SV2A,cellchat,4,0,0.0,1.0,False,False,True,
LAMB3–SV2A,LAMB3,SV2A,cellchat,4,0,0.0,1.0,False,False,True,
LAMC1–SV2A,LAMC1,SV2A,cellchat,4,0,0.0,1.0,False,False,True,
LAMC2–SV2A,LAMC2,SV2A,cellchat,4,0,0.0,1.0,False,False,True,
LAMC3–SV2A,LAMC3,SV2A,cellchat,3,0,0.0,1.0,False,False,True,
LAMA1–SV2B,LAMA1,SV2B,cellchat,0,0,0.0,1.0,False,False,True,
LAMA2–SV2B,LAMA2,SV2B,cellchat,0,0,0.0,1.0,False,False,True,
LAMA3–SV2B,LAMA3,SV2B,cellchat,0,0,0.0,1.0,False,False,True,
LAMA4–SV2B,LAMA4,SV2B,cellchat,0,0,0.0,1.0,False,False,True,
LAMA5–SV2B,LAMA5,SV2B,cellchat,0,0,0.0,1.0,False,False,True,
LAMB1–SV2B,LAMB1,SV2B,cellchat,0,0,0.0,1.0,False,False,True,
LAMB2–SV2B,LAMB2,SV2B,cellchat,0,0,0.0,1.0,False,False,True,
LAMB3–SV2B,LAMB3,SV2B,cellchat,0,0,0.0,1.0,False,False,True,
LAMC1–SV2B,LAMC1,SV2B,cellchat,0,0,0.0,1.0,False,False,True,
LAMC2–SV2B,LAMC2,SV2B,cellchat,0,0,0.0,1.0,False,False,True,
LAMC3–SV2B,LAMC3,SV2B,cellchat,0,0,0.0,1.0,False,False,True,
LAMA1–SV2C,LAMA1,SV2C,cellchat,0,0,0.0,1.0,False,False,True,
LAMA2–SV2C,LAMA2,SV2C,cellchat,0,0,0.0,1.0,False,False,True,
LAMA3–SV2C,LAMA3,SV2C,cellchat,0,0,0.0,1.0,False,False,True,
LAMA4–SV2C,LAMA4,SV2C,cellchat,0,0,0.0,1.0,False,False,True,
LAMA5–SV2C,LAMA5,SV2C,cellchat,0,0,0.0,1.0,False,False,True,
LAMB1–SV2C,LAMB1,SV2C,cellchat,0,0,0.0,1.0,False,False,True,
LAMB2–SV2C,LAMB2,SV2C,cellchat,0,0,0.0,1.0,False,False,True,
LAMB3–SV2C,LAMB3,SV2C,cellchat,0,0,0.0,1.0,False,False,True,
LAMC1–SV2C,LAMC1,SV2C,cellchat,0,0,0.0,1.0,False,False,True,
LAMC2–SV2C,LAMC2,SV2C,cellchat,0,0,0.0,1.0,False,False,True,
LAMC3–SV2C,LAMC3,SV2C,cellchat,0,0,0.0,1.0,False,False,True,
THBS1–CD36,THBS1,CD36,cellchat,8,0,0.0,1.0,True,False,False,"GC1,GC2,GC3,GC4,GC5,GC6,GC7,GC8,GC9"
THBS2–CD36,THBS2,CD36,cellchat,8,0,0.0,1.0,True,False,False,"GC1,GC2,GC3,GC4,GC5,GC6,GC7,GC8,GC9"
THBS3–CD36,THBS3,CD36,cellchat,8,0,0.0,1.0,True,False,False,"GC1,GC2,GC3,GC4,GC5,GC6,GC7,GC8,GC9"
THBS4–CD36,THBS4,CD36,cellchat,8,0,0.0,1.0,True,False,False,"GC1,GC2,GC3,GC4,GC5,GC6,GC7,GC8,GC9"
COMP–CD36,COMP,CD36,cellchat,6,0,0.0,1.0,True,False,False,"GC1,GC2,GC3,GC4,GC5,GC6,GC7,GC8,GC9"
COL1A1–GP6,COL1A1,GP6,cellchat,0,0,0.0,1.0,False,False,True,
COL1A2–GP6,COL1A2,GP6,cellchat,0,0,0.0,1.0,False,False,True,
COL2A1–GP6,COL2A1,GP6,cellchat,0,0,0.0,1.0,False,False,True,
COL4A1–GP6,COL4A1,GP6,cellchat,0,0,0.0,1.0,False,False,True,
COL4A2–GP6,COL4A2,GP6,cellchat,0,0,0.0,1.0,False,False,True,
COL4A3–GP6,COL4A3,GP6,cellchat,0,0,0.0,1.0,False,False,True,
COL4A4–GP6,COL4A4,GP6,cellchat,0,0,0.0,1.0,False,False,True,
COL4A5–GP6,COL4A5,GP6,cellchat,0,0,0.0,1.0,False,False,True,
COL4A6–GP6,COL4A6,GP6,cellchat,0,0,0.0,1.0,False,False,True,
COL6A1–GP6,COL6A1,GP6,cellchat,0,0,0.0,1.0,False,False,True,
COL6A2–GP6,COL6A2,GP6,cellchat,0,0,0.0,1.0,False,False,True,
COL6A3–GP6,COL6A3,GP6,cellchat,0,0,0.0,1.0,False,False,True,
COL6A5–GP6,COL6A5,GP6,cellchat,0,0,0.0,1.0,False,False,True,
COL6A6–GP6,COL6A6,GP6,cellchat,0,0,0.0,1.0,False,False,True,
COL9A1–GP6,COL9A1,GP6,cellchat,0,0,0.0,1.0,False,False,True,
COL9A2–GP6,COL9A2,GP6,cellchat,0,0,0.0,1.0,False,False,True,
COL9A3–GP6,COL9A3,GP6,cellchat,0,0,0.0,1.0,False,False,True,
THBS2–CD47,THBS2,CD47,cellchat,9,0,0.0,1.0,True,False,False,"GC1,GC2,GC3,GC4,GC5,GC6,GC7,GC8,GC9"
THBS4–CD47,THBS4,CD47,cellchat,8,0,0.0,1.0,True,False,False,"GC1,GC2,GC3,GC4,GC5,GC6,GC7,GC8,GC9"
COMP–CD47,COMP,CD47,cellchat,6,0,0.0,1.0,True,False,False,"GC1,GC2,GC3,GC4,GC5,GC6,GC7,GC8,GC9"
LAMA1–DAG1,LAMA1,DAG1,cellchat,2,0,0.0,1.0,False,False,True,
LAMC3–DAG1,LAMC3,DAG1,cellchat,4,0,0.0,1.0,False,False,True,
CADM3–CADM3,CADM3,CADM3,cellchat,1,0,0.0,1.0,False,False,True,
CD226–NECTIN2,CD226,NECTIN2,cellchat,4,0,0.0,1.0,False,False,True,
CD226–PVR,CD226,PVR,cellchat,4,0,0.0,1.0,False,False,True,
FCER2–CR2,FCER2,CR2,cellchat,1,0,0.0,1.0,False,False,True,
CD34–SELP,CD34,SELP,cellchat,6,0,0.0,1.0,True,False,False,"GC1,GC2,GC3,GC4,GC5,GC6,GC7,GC8,GC9"
ENTPD1–ADORA1,ENTPD1,ADORA1,cellchat,3,0,0.0,1.0,False,False,True,
ENTPD1–ADORA2A,ENTPD1,ADORA2A,cellchat,7,0,0.0,1.0,True,False,False,"GC1,GC2,GC3,GC4,GC5,GC6,GC7,GC8,GC9"
ENTPD1–ADORA2B,ENTPD1,ADORA2B,cellchat,1,0,0.0,1.0,False,False,True,
ENTPD1–TMIGD3,ENTPD1,TMIGD3,cellchat,2,0,0.0,1.0,False,False,True,
CD40LG–CD40,CD40LG,CD40,cellchat,1,0,0.0,1.0,False,False,True,
PTPRC–CD22,PTPRC,CD22,cellchat,5,0,0.0,1.0,False,False,True,
CD48–CD244,CD48,CD244,cellchat,4,0,0.0,1.0,False,False,True,
CD6–ALCAM,CD6,ALCAM,cellchat,9,0,0.0,1.0,True,False,False,"GC1,GC2,GC3,GC4,GC5,GC6,GC7,GC8,GC9"
CD80–CD274,CD80,CD274,cellchat,1,0,0.0,1.0,False,False,True,
CD80–CD28,CD80,CD28,cellchat,1,0,0.0,1.0,False,False,True,
CD80–CTLA4,CD80,CTLA4,cellchat,1,0,0.0,1.0,False,False,True,
CD86–CD28,CD86,CD28,cellchat,4,0,0.0,1.0,False,False,True,
CD86–CTLA4,CD86,CTLA4,cellchat,7,0,0.0,1.0,True,False,False,"GC1,GC2,GC3,GC4,GC5,GC6,GC7,GC8,GC9"
CD96–NECTIN1,CD96,NECTIN1,cellchat,5,0,0.0,1.0,False,False,True,
CD96–PVR,CD96,PVR,cellchat,5,0,0.0,1.0,False,False,True,
CD99–PILRA,CD99,PILRA,cellchat,8,0,0.0,1.0,True,False,False,"GC1,GC2,GC3,GC4,GC5,GC6,GC7,GC8,GC9"
CD99–CD99L2,CD99,CD99L2,cellchat,9,0,0.0,1.0,True,False,False,"GC1,GC2,GC3,GC4,GC5,GC6,GC7,GC8,GC9"
CDH15–CDH15,CDH15,CDH15,cellchat,0,0,0.0,1.0,False,False,True,
CDH4–CDH4,CDH4,CDH4,cellchat,0,0,0.0,1.0,False,False,True,
CDH2–CDH2,CDH2,CDH2,cellchat,0,0,0.0,1.0,False,False,True,
CDH1–KLRG1,CDH1,KLRG1,cellchat,2,0,0.0,1.0,False,False,True,
CDH5–CDH5,CDH5,CDH5,cellchat,9,0,0.0,1.0,True,False,False,"GC1,GC2,GC3,GC4,GC5,GC6,GC7,GC8,GC9"
CD1D–CEACAM5,CD1D,CEACAM5,cellchat,4,0,0.0,1.0,False,False,True,
CD209–CEACAM1,CD209,CEACAM1,cellchat,8,0,0.0,1.0,True,False,False,"GC1,GC2,GC3,GC4,GC5,GC6,GC7,GC8,GC9"
CD8A–CEACAM5,CD8A,CEACAM5,cellchat,7,0,0.0,1.0,True,False,False,"GC1,GC2,GC3,GC4,GC5,GC6,GC7,GC8,GC9"
CEACAM1–CEACAM5,CEACAM1,CEACAM5,cellchat,8,0,0.0,1.0,True,False,False,"GC1,GC2,GC3,GC4,GC5,GC6,GC7,GC8,GC9"
SELE–CEACAM1,SELE,CEACAM1,cellchat,3,0,0.0,1.0,False,False,True,
CLDN11–CLDN11,CLDN11,CLDN11,cellchat,6,0,0.0,1.0,True,False,False,"GC1,GC2,GC3,GC4,GC5,GC6,GC7,GC8,GC9"
CLEC2D–KLRB1,CLEC2D,KLRB1,cellchat,6,0,0.0,1.0,True,False,False,"GC1,GC2,GC3,GC4,GC5,GC6,GC7,GC8,GC9"
CLEC2A–KLRB1,CLEC2A,KLRB1,cellchat,0,0,0.0,1.0,False,False,True,
CLEC2B–KLRB1,CLEC2B,KLRB1,cellchat,6,0,0.0,1.0,True,False,False,"GC1,GC2,GC3,GC4,GC5,GC6,GC7,GC8,GC9"
CD69–KLRB1,CD69,KLRB1,cellchat,5,0,0.0,1.0,False,False,True,
CLEC2L–KLRB1,CLEC2L,KLRB1,cellchat,1,0,0.0,1.0,False,False,True,
CLEC1B–KLRB1,CLEC1B,KLRB1,cellchat,0,0,0.0,1.0,False,False,True,
CNTN2–L1CAM,CNTN2,L1CAM,cellchat,0,0,0.0,1.0,False,False,True,
CNTN2–CNTN2,CNTN2,CNTN2,cellchat,0,0,0.0,1.0,False,False,True,
CNTN1–NRCAM,CNTN1,NRCAM,cellchat,0,0,0.0,1.0,False,False,True,
DSC1–DSG1,DSC1,DSG1,cellchat,0,0,0.0,1.0,False,False,True,
DSC1–DSG2,DSC1,DSG2,cellchat,0,0,0.0,1.0,False,False,True,
DSC2–DSG1,DSC2,DSG1,cellchat,0,0,0.0,1.0,False,False,True,
DSC2–DSG2,DSC2,DSG2,cellchat,8,0,0.0,1.0,True,False,False,"GC1,GC2,GC3,GC4,GC5,GC6,GC7,GC8,GC9"
DSG1–DSC3,DSG1,DSC3,cellchat,0,0,0.0,1.0,False,False,True,
DSG2–DSC3,DSG2,DSC3,cellchat,1,0,0.0,1.0,False,False,True,
EPGN–EGFR,EPGN,EGFR,cellchat,0,0,0.0,1.0,False,False,True,
EFNA1–EPHA1,EFNA1,EPHA1,cellchat,9,0,0.0,1.0,True,False,False,"GC1,GC2,GC3,GC4,GC5,GC6,GC7,GC8,GC9"
EFNA1–EPHA2,EFNA1,EPHA2,cellchat,9,0,0.0,1.0,True,False,False,"GC1,GC2,GC3,GC4,GC5,GC6,GC7,GC8,GC9"
EFNA1–EPHA3,EFNA1,EPHA3,cellchat,7,0,0.0,1.0,True,False,False,"GC1,GC2,GC3,GC4,GC5,GC6,GC7,GC8,GC9"
EFNA1–EPHA4,EFNA1,EPHA4,cellchat,5,0,0.0,1.0,False,False,True,
EFNA1–EPHA5,EFNA1,EPHA5,cellchat,0,0,0.0,1.0,False,False,True,
EFNA1–EPHA7,EFNA1,EPHA7,cellchat,3,0,0.0,1.0,False,False,True,
EFNA1–EPHA8,EFNA1,EPHA8,cellchat,0,0,0.0,1.0,False,False,True,
EFNA2–EPHA1,EFNA2,EPHA1,cellchat,7,0,0.0,1.0,True,False,False,"GC1,GC2,GC3,GC4,GC5,GC6,GC7,GC8,GC9"
EFNA2–EPHA2,EFNA2,EPHA2,cellchat,7,0,0.0,1.0,True,False,False,"GC1,GC2,GC3,GC4,GC5,GC6,GC7,GC8,GC9"
EFNA2–EPHA3,EFNA2,EPHA3,cellchat,5,0,0.0,1.0,False,False,True,
EFNA2–EPHA4,EFNA2,EPHA4,cellchat,3,0,0.0,1.0,False,False,True,
EFNA2–EPHA5,EFNA2,EPHA5,cellchat,0,0,0.0,1.0,False,False,True,
EFNA2–EPHA7,EFNA2,EPHA7,cellchat,2,0,0.0,1.0,False,False,True,
EFNA2–EPHA8,EFNA2,EPHA8,cellchat,0,0,0.0,1.0,False,False,True,
EFNA3–EPHA1,EFNA3,EPHA1,cellchat,4,0,0.0,1.0,False,False,True,
EFNA3–EPHA2,EFNA3,EPHA2,cellchat,4,0,0.0,1.0,False,False,True,
EFNA3–EPHA3,EFNA3,EPHA3,cellchat,3,0,0.0,1.0,False,False,True,
EFNA3–EPHA4,EFNA3,EPHA4,cellchat,2,0,0.0,1.0,False,False,True,
EFNA3–EPHA5,EFNA3,EPHA5,cellchat,0,0,0.0,1.0,False,False,True,
EFNA3–EPHA7,EFNA3,EPHA7,cellchat,2,0,0.0,1.0,False,False,True,
EFNA3–EPHA8,EFNA3,EPHA8,cellchat,0,0,0.0,1.0,False,False,True,
EFNA4–EPHA1,EFNA4,EPHA1,cellchat,9,0,0.0,1.0,True,False,False,"GC1,GC2,GC3,GC4,GC5,GC6,GC7,GC8,GC9"
EFNA4–EPHA2,EFNA4,EPHA2,cellchat,9,0,0.0,1.0,True,False,False,"GC1,GC2,GC3,GC4,GC5,GC6,GC7,GC8,GC9"
EFNA4–EPHA3,EFNA4,EPHA3,cellchat,7,0,0.0,1.0,True,False,False,"GC1,GC2,GC3,GC4,GC5,GC6,GC7,GC8,GC9"
EFNA4–EPHA4,EFNA4,EPHA4,cellchat,5,0,0.0,1.0,False,False,True,
EFNA4–EPHA5,EFNA4,EPHA5,cellchat,0,0,0.0,1.0,False,False,True,
EFNA4–EPHA7,EFNA4,EPHA7,cellchat,3,0,0.0,1.0,False,False,True,
EFNA4–EPHA8,EFNA4,EPHA8,cellchat,0,0,0.0,1.0,False,False,True,
EFNA5–EPHA1,EFNA5,EPHA1,cellchat,6,0,0.0,1.0,True,False,False,"GC1,GC2,GC3,GC4,GC5,GC6,GC7,GC8,GC9"
EFNA5–EPHA2,EFNA5,EPHA2,cellchat,6,0,0.0,1.0,True,False,False,"GC1,GC2,GC3,GC4,GC5,GC6,GC7,GC8,GC9"
EFNA5–EPHA3,EFNA5,EPHA3,cellchat,6,0,0.0,1.0,True,False,False,"GC1,GC2,GC3,GC4,GC5,GC6,GC7,GC8,GC9"
EFNA5–EPHA4,EFNA5,EPHA4,cellchat,4,0,0.0,1.0,False,False,True,
EFNA5–EPHA5,EFNA5,EPHA5,cellchat,0,0,0.0,1.0,False,False,True,
EFNA5–EPHA7,EFNA5,EPHA7,cellchat,2,0,0.0,1.0,False,False,True,
EFNA5–EPHA8,EFNA5,EPHA8,cellchat,0,0,0.0,1.0,False,False,True,
EFNA5–EPHB2,EFNA5,EPHB2,cellchat,6,0,0.0,1.0,True,False,False,"GC1,GC2,GC3,GC4,GC5,GC6,GC7,GC8,GC9"
EFNB1–EPHA4,EFNB1,EPHA4,cellchat,5,0,0.0,1.0,False,False,True,
EFNB1–EPHB1,EFNB1,EPHB1,cellchat,1,0,0.0,1.0,False,False,True,
EFNB1–EPHB3,EFNB1,EPHB3,cellchat,9,0,0.0,1.0,True,False,False,"GC1,GC2,GC3,GC4,GC5,GC6,GC7,GC8,GC9"
EFNB1–EPHB4,EFNB1,EPHB4,cellchat,9,0,0.0,1.0,True,False,False,"GC1,GC2,GC3,GC4,GC5,GC6,GC7,GC8,GC9"
EFNB2–EPHA4,EFNB2,EPHA4,cellchat,5,0,0.0,1.0,False,False,True,
EFNB2–EPHB1,EFNB2,EPHB1,cellchat,1,0,0.0,1.0,False,False,True,
EFNB2–EPHB3,EFNB2,EPHB3,cellchat,9,0,0.0,1.0,True,False,False,"GC1,GC2,GC3,GC4,GC5,GC6,GC7,GC8,GC9"
EFNB2–EPHB4,EFNB2,EPHB4,cellchat,9,0,0.0,1.0,True,False,False,"GC1,GC2,GC3,GC4,GC5,GC6,GC7,GC8,GC9"
EFNB3–EPHA4,EFNB3,EPHA4,cellchat,1,0,0.0,1.0,False,False,True,
EFNB3–EPHB1,EFNB3,EPHB1,cellchat,0,0,0.0,1.0,False,False,True,
EFNB3–EPHB2,EFNB3,EPHB2,cellchat,1,0,0.0,1.0,False,False,True,
EFNB3–EPHB3,EFNB3,EPHB3,cellchat,1,0,0.0,1.0,False,False,True,
EFNB3–EPHB4,EFNB3,EPHB4,cellchat,1,0,0.0,1.0,False,False,True,
EFNB3–EPHB6,EFNB3,EPHB6,cellchat,1,0,0.0,1.0,False,False,True,
ESAM–ESAM,ESAM,ESAM,cellchat,9,0,0.0,1.0,True,False,False,"GC1,GC2,GC3,GC4,GC5,GC6,GC7,GC8,GC9"
ICAM5–CD209,ICAM5,CD209,cellchat,0,0,0.0,1.0,False,False,True,
ICOSLG–ICOS,ICOSLG,ICOS,cellchat,3,0,0.0,1.0,False,False,True,
ICOSLG–CD28,ICOSLG,CD28,cellchat,4,0,0.0,1.0,False,False,True,
ICOSLG–CTLA4,ICOSLG,CTLA4,cellchat,6,0,0.0,1.0,True,False,False,"GC1,GC2,GC3,GC4,GC5,GC6,GC7,GC8,GC9"
ITGB2–CD226,ITGB2,CD226,cellchat,4,0,0.0,1.0,False,False,True,
ITGB2–ICAM2,ITGB2,ICAM2,cellchat,9,0,0.0,1.0,True,False,False,"GC1,GC2,GC3,GC4,GC5,GC6,GC7,GC8,GC9"
JAM2–JAM3,JAM2,JAM3,cellchat,7,0,0.0,1.0,True,False,False,"GC1,GC2,GC3,GC4,GC5,GC6,GC7,GC8,GC9"
F11R–F11R,F11R,F11R,cellchat,9,0,0.0,1.0,True,False,False,"GC1,GC2,GC3,GC4,GC5,GC6,GC7,GC8,GC9"
F11R–JAM2,F11R,JAM2,cellchat,6,0,0.0,1.0,True,False,False,"GC1,GC2,GC3,GC4,GC5,GC6,GC7,GC8,GC9"
F11R–JAM3,F11R,JAM3,cellchat,9,0,0.0,1.0,True,False,False,"GC1,GC2,GC3,GC4,GC5,GC6,GC7,GC8,GC9"
JAM2–F11R,JAM2,F11R,cellchat,7,0,0.0,1.0,True,False,False,"GC1,GC2,GC3,GC4,GC5,GC6,GC7,GC8,GC9"
JAM2–JAM2,JAM2,JAM2,cellchat,6,0,0.0,1.0,True,False,False,"GC1,GC2,GC3,GC4,GC5,GC6,GC7,GC8,GC9"
JAM3–JAM2,JAM3,JAM2,cellchat,6,0,0.0,1.0,True,False,False,"GC1,GC2,GC3,GC4,GC5,GC6,GC7,GC8,GC9"
JAM3–JAM3,JAM3,JAM3,cellchat,8,0,0.0,1.0,True,False,False,"GC1,GC2,GC3,GC4,GC5,GC6,GC7,GC8,GC9"
L1CAM–L1CAM,L1CAM,L1CAM,cellchat,4,0,0.0,1.0,False,False,True,
MAG–MAG,MAG,MAG,cellchat,0,0,0.0,1.0,False,False,True,
HLA-G–CD8A,HLA-G,CD8A,cellchat,2,0,0.0,1.0,False,False,True,
HLA-A–CD8B,HLA-A,CD8B,cellchat,6,0,0.0,1.0,True,False,False,"GC1,GC2,GC3,GC4,GC5,GC6,GC7,GC8,GC9"
HLA-B–CD8B,HLA-B,CD8B,cellchat,6,0,0.0,1.0,True,False,False,"GC1,GC2,GC3,GC4,GC5,GC6,GC7,GC8,GC9"
HLA-C–CD8B,HLA-C,CD8B,cellchat,6,0,0.0,1.0,True,False,False,"GC1,GC2,GC3,GC4,GC5,GC6,GC7,GC8,GC9"
HLA-F–CD8B,HLA-F,CD8B,cellchat,6,0,0.0,1.0,True,False,False,"GC1,GC2,GC3,GC4,GC5,GC6,GC7,GC8,GC9"
HLA-G–CD8B,HLA-G,CD8B,cellchat,2,0,0.0,1.0,False,False,True,
HLA-A–CD8B2,HLA-A,CD8B2,cellchat,1,0,0.0,1.0,False,False,True,
HLA-B–CD8B2,HLA-B,CD8B2,cellchat,1,0,0.0,1.0,False,False,True,
HLA-C–CD8B2,HLA-C,CD8B2,cellchat,1,0,0.0,1.0,False,False,True,
HLA-E–CD8B2,HLA-E,CD8B2,cellchat,1,0,0.0,1.0,False,False,True,
HLA-F–CD8B2,HLA-F,CD8B2,cellchat,1,0,0.0,1.0,False,False,True,
HLA-G–CD8B2,HLA-G,CD8B2,cellchat,1,0,0.0,1.0,False,False,True,
HLA-C–KIR2DL1,HLA-C,KIR2DL1,cellchat,0,0,0.0,1.0,False,False,True,
HLA-C–KIR2DL3,HLA-C,KIR2DL3,cellchat,0,0,0.0,1.0,False,False,True,
HLA-G–LILRB1,HLA-G,LILRB1,cellchat,1,0,0.0,1.0,False,False,True,
HLA-G–LILRB2,HLA-G,LILRB2,cellchat,2,0,0.0,1.0,False,False,True,
HLA-F–KIR3DL1,HLA-F,KIR3DL1,cellchat,0,0,0.0,1.0,False,False,True,
HLA-F–KIR3DL2,HLA-F,KIR3DL2,cellchat,0,0,0.0,1.0,False,False,True,
HLA-B–KIR3DL2,HLA-B,KIR3DL2,cellchat,0,0,0.0,1.0,False,False,True,
HLA-C–KIR3DL3,HLA-C,KIR3DL3,cellchat,0,0,0.0,1.0,False,False,True,
HLA-E–KLRC1,HLA-E,KLRC1,cellchat,1,0,0.0,1.0,False,False,True,
HLA-E–KLRC2,HLA-E,KLRC2,cellchat,1,0,0.0,1.0,False,False,True,
HLA-A–KIR3DL1,HLA-A,KIR3DL1,cellchat,0,0,0.0,1.0,False,False,True,
HLA-F–LILRB1,HLA-F,LILRB1,cellchat,1,0,0.0,1.0,False,False,True,
ULBP1–KLRK1,ULBP1,KLRK1,cellchat,0,0,0.0,1.0,False,False,True,
RAET1E–KLRK1,RAET1E,KLRK1,cellchat,0,0,0.0,1.0,False,False,True,
RAET1G–KLRK1,RAET1G,KLRK1,cellchat,0,0,0.0,1.0,False,False,True,
MPZ–MPZL1,MPZ,MPZL1,cellchat,1,0,0.0,1.0,False,False,True,
MPZ–MPZ,MPZ,MPZ,cellchat,1,0,0.0,1.0,False,False,True,
NCAM1–FGFR1,NCAM1,FGFR1,cellchat,2,0,0.0,1.0,False,False,True,
NCAM1–NCAM1,NCAM1,NCAM1,cellchat,2,0,0.0,1.0,False,False,True,
NCAM1–NCAM2,NCAM1,NCAM2,cellchat,0,0,0.0,1.0,False,False,True,
NCAM1–L1CAM,NCAM1,L1CAM,cellchat,1,0,0.0,1.0,False,False,True,
NCAM2–L1CAM,NCAM2,L1CAM,cellchat,0,0,0.0,1.0,False,False,True,
NECTIN1–CADM3,NECTIN1,CADM3,cellchat,2,0,0.0,1.0,False,False,True,
NECTIN1–CD96,NECTIN1,CD96,cellchat,5,0,0.0,1.0,False,False,True,
NECTIN1–NECTIN4,NECTIN1,NECTIN4,cellchat,5,0,0.0,1.0,False,False,True,
NECTIN3–NECTIN1,NECTIN3,NECTIN1,cellchat,7,0,0.0,1.0,True,False,False,"GC1,GC2,GC3,GC4,GC5,GC6,GC7,GC8,GC9"
NECTIN3–PVR,NECTIN3,PVR,cellchat,7,0,0.0,1.0,True,False,False,"GC1,GC2,GC3,GC4,GC5,GC6,GC7,GC8,GC9"
NECTIN3–TIGIT,NECTIN3,TIGIT,cellchat,6,0,0.0,1.0,True,False,False,"GC1,GC2,GC3,GC4,GC5,GC6,GC7,GC8,GC9"
NECTIN2–CD226,NECTIN2,CD226,cellchat,4,0,0.0,1.0,False,False,True,
NECTIN2–TIGIT,NECTIN2,TIGIT,cellchat,8,0,0.0,1.0,True,False,False,"GC1,GC2,GC3,GC4,GC5,GC6,GC7,GC8,GC9"
NECTIN1–NECTIN3,NECTIN1,NECTIN3,cellchat,7,0,0.0,1.0,True,False,False,"GC1,GC2,GC3,GC4,GC5,GC6,GC7,GC8,GC9"
NEGR1–NEGR1,NEGR1,NEGR1,cellchat,6,0,0.0,1.0,True,False,False,"GC1,GC2,GC3,GC4,GC5,GC6,GC7,GC8,GC9"
LRRC4C–NTNG1,LRRC4C,NTNG1,cellchat,0,0,0.0,1.0,False,False,True,
LRRC4–NTNG2,LRRC4,NTNG2,cellchat,0,0,0.0,1.0,False,False,True,
LRRC4B–PTPRF,LRRC4B,PTPRF,cellchat,0,0,0.0,1.0,False,False,True,
DLK1–NOTCH1,DLK1,NOTCH1,cellchat,0,0,0.0,1.0,False,False,True,
DLK1–NOTCH2,DLK1,NOTCH2,cellchat,0,0,0.0,1.0,False,False,True,
DLK1–NOTCH3,DLK1,NOTCH3,cellchat,0,0,0.0,1.0,False,False,True,
DLK1–NOTCH4,DLK1,NOTCH4,cellchat,0,0,0.0,1.0,False,False,True,
DLL1–NOTCH4,DLL1,NOTCH4,cellchat,9,0,0.0,1.0,True,False,False,"GC1,GC2,GC3,GC4,GC5,GC6,GC7,GC8,GC9"
DLL3–NOTCH1,DLL3,NOTCH1,cellchat,2,0,0.0,1.0,False,False,True,
DLL3–NOTCH2,DLL3,NOTCH2,cellchat,2,0,0.0,1.0,False,False,True,
DLL3–NOTCH3,DLL3,NOTCH3,cellchat,2,0,0.0,1.0,False,False,True,
DLL3–NOTCH4,DLL3,NOTCH4,cellchat,2,0,0.0,1.0,False,False,True,
DLL4–NOTCH2,DLL4,NOTCH2,cellchat,9,0,0.0,1.0,True,False,False,"GC1,GC2,GC3,GC4,GC5,GC6,GC7,GC8,GC9"
DLL4–NOTCH3,DLL4,NOTCH3,cellchat,9,0,0.0,1.0,True,False,False,"GC1,GC2,GC3,GC4,GC5,GC6,GC7,GC8,GC9"
DLL4–NOTCH4,DLL4,NOTCH4,cellchat,9,0,0.0,1.0,True,False,False,"GC1,GC2,GC3,GC4,GC5,GC6,GC7,GC8,GC9"
JAG1–NOTCH4,JAG1,NOTCH4,cellchat,9,0,0.0,1.0,True,False,False,"GC1,GC2,GC3,GC4,GC5,GC6,GC7,GC8,GC9"
JAG2–NOTCH2,JAG2,NOTCH2,cellchat,9,0,0.0,1.0,True,False,False,"GC1,GC2,GC3,GC4,GC5,GC6,GC7,GC8,GC9"
JAG2–NOTCH4,JAG2,NOTCH4,cellchat,9,0,0.0,1.0,True,False,False,"GC1,GC2,GC3,GC4,GC5,GC6,GC7,GC8,GC9"
DLL1–NOTCH2,DLL1,NOTCH2,cellchat,9,0,0.0,1.0,True,False,False,"GC1,GC2,GC3,GC4,GC5,GC6,GC7,GC8,GC9"
NRXN1–NLGN1,NRXN1,NLGN1,cellchat,0,0,0.0,1.0,False,False,True,
NRXN1–NLGN2,NRXN1,NLGN2,cellchat,0,0,0.0,1.0,False,False,True,
NRXN1–NLGN3,NRXN1,NLGN3,cellchat,0,0,0.0,1.0,False,False,True,
NRXN2–NLGN1,NRXN2,NLGN1,cellchat,0,0,0.0,1.0,False,False,True,
NRXN2–NLGN2,NRXN2,NLGN2,cellchat,2,0,0.0,1.0,False,False,True,
NRXN2–NLGN3,NRXN2,NLGN3,cellchat,0,0,0.0,1.0,False,False,True,
NRXN3–NLGN1,NRXN3,NLGN1,cellchat,0,0,0.0,1.0,False,False,True,
NRXN3–NLGN2,NRXN3,NLGN2,cellchat,3,0,0.0,1.0,False,False,True,
NRXN3–NLGN3,NRXN3,NLGN3,cellchat,0,0,0.0,1.0,False,False,True,
OCLN–OCLN,OCLN,OCLN,cellchat,9,0,0.0,1.0,True,False,False,"GC1,GC2,GC3,GC4,GC5,GC6,GC7,GC8,GC9"
CD274–PDCD1,CD274,PDCD1,cellchat,5,0,0.0,1.0,False,False,True,
PDCD1LG2–PDCD1,PDCD1LG2,PDCD1,cellchat,4,0,0.0,1.0,False,False,True,
PTPRM–PTPRM,PTPRM,PTPRM,cellchat,9,0,0.0,1.0,True,False,False,"GC1,GC2,GC3,GC4,GC5,GC6,GC7,GC8,GC9"
PVR–CD226,PVR,CD226,cellchat,4,0,0.0,1.0,False,False,True,
PVR–TIGIT,PVR,TIGIT,cellchat,8,0,0.0,1.0,True,False,False,"GC1,GC2,GC3,GC4,GC5,GC6,GC7,GC8,GC9"
SELE–CD44,SELE,CD44,cellchat,3,0,0.0,1.0,False,False,True,
SELE–GLG1,SELE,GLG1,cellchat,3,0,0.0,1.0,False,False,True,
SELL–CD34,SELL,CD34,cellchat,8,0,0.0,1.0,True,False,False,"GC1,GC2,GC3,GC4,GC5,GC6,GC7,GC8,GC9"
SELL–MADCAM1,SELL,MADCAM1,cellchat,2,0,0.0,1.0,False,False,True,
SELPLG–SELE,SELPLG,SELE,cellchat,2,0,0.0,1.0,False,False,True,
SELPLG–SELL,SELPLG,SELL,cellchat,8,0,0.0,1.0,True,False,False,"GC1,GC2,GC3,GC4,GC5,GC6,GC7,GC8,GC9"
SELPLG–SELP,SELPLG,SELP,cellchat,6,0,0.0,1.0,True,False,False,"GC1,GC2,GC3,GC4,GC5,GC6,GC7,GC8,GC9"
SEMA4A–PLXNB3,SEMA4A,PLXNB3,cellchat,0,0,0.0,1.0,False,False,True,
SEMA4D–PLXNB3,SEMA4D,PLXNB3,cellchat,0,0,0.0,1.0,False,False,True,
SEMA4G–PLXNB2,SEMA4G,PLXNB2,cellchat,9,0,0.0,1.0,True,False,False,"GC1,GC2,GC3,GC4,GC5,GC6,GC7,GC8,GC9"
SEMA4D–CD72,SEMA4D,CD72,cellchat,8,0,0.0,1.0,True,False,False,"GC1,GC2,GC3,GC4,GC5,GC6,GC7,GC8,GC9"
SEMA5A–PLXNA1,SEMA5A,PLXNA1,cellchat,6,0,0.0,1.0,True,False,False,"GC1,GC2,GC3,GC4,GC5,GC6,GC7,GC8,GC9"
SEMA5B–PLXNA1,SEMA5B,PLXNA1,cellchat,3,0,0.0,1.0,False,False,True,
SEMA5A–PLXNA3,SEMA5A,PLXNA3,cellchat,6,0,0.0,1.0,True,False,False,"GC1,GC2,GC3,GC4,GC5,GC6,GC7,GC8,GC9"
SEMA5B–PLXNA3,SEMA5B,PLXNA3,cellchat,3,0,0.0,1.0,False,False,True,
SEMA5A–PLXNB3,SEMA5A,PLXNB3,cellchat,0,0,0.0,1.0,False,False,True,
SEMA6D–PLXNA1,SEMA6D,PLXNA1,cellchat,2,0,0.0,1.0,False,False,True,
SEMA6A–PLXNA2,SEMA6A,PLXNA2,cellchat,4,0,0.0,1.0,False,False,True,
SEMA6B–PLXNA2,SEMA6B,PLXNA2,cellchat,7,0,0.0,1.0,True,False,False,"GC1,GC2,GC3,GC4,GC5,GC6,GC7,GC8,GC9"
SEMA6A–PLXNA4,SEMA6A,PLXNA4,cellchat,2,0,0.0,1.0,False,False,True,
SEMA6B–PLXNA4,SEMA6B,PLXNA4,cellchat,2,0,0.0,1.0,False,False,True,
SEMA7A–PLXNC1,SEMA7A,PLXNC1,cellchat,7,0,0.0,1.0,True,False,False,"GC1,GC2,GC3,GC4,GC5,GC6,GC7,GC8,GC9"
SIGLEC1–SPN,SIGLEC1,SPN,cellchat,9,0,0.0,1.0,True,False,False,"GC1,GC2,GC3,GC4,GC5,GC6,GC7,GC8,GC9"
TIGIT–PVR,TIGIT,PVR,cellchat,7,0,0.0,1.0,True,False,False,"GC1,GC2,GC3,GC4,GC5,GC6,GC7,GC8,GC9"
VSIR–IGSF11,VSIR,IGSF11,cellchat,0,0,0.0,1.0,False,False,True,
