measure,n,median,min,max
C3_fib_C3AR1_mac,13,1.8900898881765753,0.693826820619654,3.7963924886792517
C3_epi_C3AR1_mac,28,0.6277441481238911,0.025814756456150785,3.322685822245393
SPP1_mac_CD44_mac,28,0.9801455078680554,0.1694706041360263,6.042079137207176
SPP1_mac_CD44_t,28,0.7255533122378075,0.07055728444284406,4.709760041004651
CCL2_epi_CCR2_t,28,0.002436717767421625,0.0,0.04623255951810756
CCL2_fib_CCR2_mac,13,0.014411834344613017,0.002413237155517953,0.10768009789278485
TGFB1_t_TGFBR2_mac,28,0.16974103220824915,0.0012818886624842204,0.4461677317142136
C3__fib,13,2.4261357086812763,1.167750294221387,3.7760449437473413
C3__mac,28,0.18999780112839249,0.023992924803445635,0.4907638389520616
C3__epi,28,0.9240533323181201,0.037456216683155324,3.0392183679108538
C3__t,28,0.017370262246243814,0.0,0.22494975893701596
C3AR1__fib,13,0.04112046832249276,0.0,0.1700356598482022
C3AR1__mac,28,0.8292917779672825,0.4019609717056647,1.152896712109663
C3AR1__epi,28,0.04554704766988657,0.0,0.14553530148228996
C3AR1__t,28,0.06820945322731069,0.020424902001193238,0.362595318086484
SPP1__fib,13,0.32217163210895466,0.0,2.3810093066286075
SPP1__mac,28,0.923199919799028,0.11550698269006751,4.2290349719554365
SPP1__epi,28,0.1452295715234772,0.0,1.9992186734239121
SPP1__t,28,0.16608022851837362,0.001900708653344053,3.554792557535086
CD44__fib,13,0.6817078496330734,0.0,1.2334791368815126
CD44__mac,28,1.2114544341096525,0.5952166946783105,1.5448539592380615
CD44__epi,28,0.5394874603904716,0.07501898940547079,2.5560474914495805
CD44__t,28,0.827256494016528,0.5318494613552776,1.3810624605400583
CCL2__fib,13,0.23961652145503132,0.04675885976527536,0.9865245846456304
CCL2__mac,28,0.22928387913095416,0.045548554631351997,2.7332983176613115
CCL2__epi,28,0.0954642033351513,0.0,0.9732632881961633
CCL2__t,28,0.021252574102263395,0.0,1.3679094067973854
CCR2__fib,13,0.0,0.0,0.09002068526888854
CCR2__mac,28,0.06975491280914524,0.006678588173334714,0.19240898083446978
CCR2__epi,28,0.006065975286348049,0.0,0.08183340134117177
CCR2__t,28,0.04847949447899615,0.006939355093374275,0.0994079902528475
STAT3__fib,13,0.9058835546192505,0.3490463257748505,1.3808504396152637
STAT3__mac,28,0.5730003466840354,0.19765266916967122,0.8139165205464142
STAT3__epi,28,0.5075361659434667,0.0698359049817728,1.1465035649464128
STAT3__t,28,0.55615109294581,0.1506707097231266,0.8593437606719052
SOCS3__fib,13,0.3738584119227207,0.013553070825949429,0.6494622601602963
SOCS3__mac,28,0.18959753401692694,0.021463889692993995,0.612021357076993
SOCS3__epi,28,0.1509710981757178,0.020013317359834214,0.4983918317880811
SOCS3__t,28,0.12419593924383285,0.024079986296054366,0.4250229447287497
