sample,gsm,group,contact_fraction,n_contact,n_mac_high,null_p95,above_null
GC1,GSM7990473,primary,0.8854296388542964,711,803,0.9477584059775841,False
GC2,GSM7990474,primary,0.856203007518797,911,1064,0.9689849624060151,False
GC3,GSM7990475,primary,0.9172141918528253,698,761,0.9698423127463863,False
GC4,GSM7990476,primary,0.8171536286522149,867,1061,0.9679547596606974,False
GC5,GSM7990477,primary,0.9363128491620112,838,895,0.9643016759776536,False
GC6,GSM7990478,primary,0.8925619834710744,540,605,0.9703305785123967,False
GC6-PM,GSM7990479,metastasis_site_unspecified,0.8078175895765473,496,614,0.9706840390879479,False
GC7,GSM7990480,primary,0.9184549356223176,428,466,0.9635193133047211,False
GC8,GSM7990481,primary,0.9233817701453104,699,757,0.9696169088507266,False
GC9,GSM7990482,primary,0.8165137614678899,712,872,0.9713302752293578,False
