n_before,n_after,min_genes,max_pct_mt,median_counts,median_pct_mt,sample,gsm,group,n_fib_high,n_mac_high,fib_genes,mac_genes
3834,3212,200,25.0,1023.0,0.4604427218437195,GC1,GSM7990473,primary,803,803,"DCN,LUM,COL1A1,FAP","CD68,CSF1R,C1QA,C1QB"
4274,4256,200,25.0,10568.0,1.0598528385162354,GC2,GSM7990474,primary,1064,1064,"DCN,LUM,COL1A1,FAP","CD68,CSF1R,C1QA,C1QB"
3043,3042,200,25.0,15365.0,1.528035283088684,GC3,GSM7990475,primary,761,761,"DCN,LUM,COL1A1,FAP","CD68,CSF1R,C1QA,C1QB"
4244,4243,200,25.0,15127.5,0.7557864785194397,GC4,GSM7990476,primary,1061,1061,"DCN,LUM,COL1A1,FAP","CD68,CSF1R,C1QA,C1QB"
3577,3577,200,25.0,20718.0,1.5477997064590454,GC5,GSM7990477,primary,895,895,"DCN,LUM,COL1A1,FAP","CD68,CSF1R,C1QA,C1QB"
2426,2420,200,25.0,5069.0,0.9784603118896484,GC6,GSM7990478,primary,605,605,"DCN,LUM,COL1A1,FAP","CD68,CSF1R,C1QA,C1QB"
2483,2456,200,25.0,2376.0,3.565640449523926,GC6-PM,GSM7990479,metastasis_site_unspecified,614,614,"DCN,LUM,COL1A1,FAP","CD68,CSF1R,C1QA,C1QB"
1882,1864,200,25.0,5529.0,2.2575206756591797,GC7,GSM7990480,primary,466,466,"DCN,LUM,COL1A1,FAP","CD68,CSF1R,C1QA,C1QB"
3037,3028,200,25.0,1655.0,1.6038143634796143,GC8,GSM7990481,primary,757,757,"DCN,LUM,COL1A1,FAP","CD68,CSF1R,C1QA,C1QB"
3491,3488,200,25.0,6544.0,2.0712509155273438,GC9,GSM7990482,primary,872,872,"DCN,LUM,COL1A1,FAP","CD68,CSF1R,C1QA,C1QB"
