gene,cell_class,pm_n,primary_n,pm_median,primary_median
C3,fib,3,25,2.0323855312207595,0.3741834990582382
C3,mac,3,26,0.8343819124688668,0.08462259777351971
C3,epi,3,25,0.9584338479311879,0.03140481985076452
C3,t,3,26,0.08720455123347863,0.00256407482367743
SPP1,fib,3,25,0.06763005348586135,0.052670203035894904
SPP1,mac,3,26,0.7293182416255424,0.2112873874905063
SPP1,epi,3,25,0.06533187126151263,0.01793459578358911
SPP1,t,3,26,0.019848005640322474,0.009086283356297669
CCL2,fib,3,25,0.4217017221571083,1.0835655351648865
CCL2,mac,3,26,0.21745660480946213,0.28986043445464316
CCL2,epi,3,25,0.2503463306193509,0.053790619231093066
CCL2,t,3,26,0.02092662644073417,0.008205284069884217
TGFB1,fib,3,25,0.22630876559548369,0.44330742634525333
TGFB1,mac,3,26,0.4799885851259153,0.5347550046058602
TGFB1,epi,3,25,0.3274552388443173,0.22987040927802663
TGFB1,t,3,26,0.8024819235416039,0.5653687660760998
CCR2,fib,3,25,0.0033141347954043793,0.0010499949293620754
CCR2,mac,3,26,0.04543154690853505,0.016939994232702656
CCR2,epi,3,25,0.0029791771013525058,0.005642577542880852
CCR2,t,3,26,0.08523288488581597,0.014460065256259423
C3AR1,fib,3,25,0.003937088741691128,0.005579283532072543
C3AR1,mac,3,26,0.5656970823806097,0.34193287937507033
C3AR1,epi,3,25,0.0032653980978736455,0.01097981514268976
C3AR1,t,3,26,0.053269876225842526,0.04702948523717494
CD44,fib,3,25,0.5440414926580338,0.8724098455475762
CD44,mac,3,26,1.0756235549670434,1.2513976201749806
CD44,epi,3,25,0.24549765834909526,0.48023107441954654
CD44,t,3,26,1.327356434045425,1.1226659055334964
TGFBR1,fib,3,25,0.09385020079786192,0.1036691105519738
TGFBR1,mac,3,26,0.15091013548394602,0.11633332637944951
TGFBR1,epi,3,25,0.04784376451356119,0.04793293093637127
TGFBR1,t,3,26,0.05859490925495309,0.06037706330698202
TGFBR2,fib,3,25,0.8492615795698698,0.5660288705220656
TGFBR2,mac,3,26,0.4368805623129637,0.24577149170867568
TGFBR2,epi,3,25,0.6732263186747581,0.1963211004032767
TGFBR2,t,3,26,0.3647867117004641,0.27197229359588526
