sample,gsm,group,radius_um,pair,panel,score,null_p95,perm_p,excess,zero_weight_fraction,weight_sum,shift_match,n_spots
GC1,GSM7990473,primary,100.0,CCL2–CCR2,prespec,0.011916857444225855,0.010766869840312537,0.024875621890547265,0.0011499876039133185,0.982466821934226,106.84123569488422,0.8479202988792031,3212
GC1,GSM7990473,primary,100.0,C3–C3AR1,prespec,0.17603064568936158,0.16493027911341507,0.004975124378109453,0.011100366575946513,0.8694905924737663,106.84123569488422,0.8479202988792031,3212
GC1,GSM7990473,primary,100.0,SPP1–CD44,prespec,0.0497027526580263,0.06887235451580534,0.572139303482587,-0.019169601857779037,0.8119282242713316,106.84123569488422,0.8479202988792031,3212
GC1,GSM7990473,primary,100.0,TGFB1–TGFBR1,prespec,0.06274772300989277,0.06253494308184729,0.05472636815920398,0.00021277992804548396,0.8669964580927786,106.84123569488422,0.8479202988792031,3212
GC1,GSM7990473,primary,100.0,TGFB1–TGFBR2,prespec,0.11124380867960973,0.10481772102302211,0.009950248756218905,0.006426087656587615,0.7992071302134438,106.84123569488422,0.8479202988792031,3212
GC1,GSM7990473,primary,100.0,APP–CD74,borderline,2.668058577260472,2.638902535268595,0.029850746268656716,0.029156041991877046,0.1620099690706907,106.84123569488422,0.8479202988792031,3212
GC1,GSM7990473,primary,100.0,CD99–CD99,borderline,7.227506100645079,7.659613945018163,0.6069651741293532,-0.4321078443730837,0.06850886620401979,106.84123569488422,0.8479202988792031,3212
GC1,GSM7990473,primary,100.0,SEMA4D–PLXNB2,borderline,0.28126419108307127,0.2773634142693356,0.03980099502487562,0.0039007768137356846,0.5575780986947314,106.84123569488422,0.8479202988792031,3212
GC1,GSM7990473,primary,100.0,TGFB1–TGFBR_MIN,complex,0.02731872485005391,0.024642197079383008,0.004975124378109453,0.0026765277706709,0.9315621934752795,106.84123569488422,0.8479202988792031,3212
GC1,GSM7990473,primary,150.0,CCL2–CCR2,prespec,0.011527322847551426,0.010079523679576291,0.029850746268656716,0.0014477991679751352,0.9810330306052066,106.84123569488422,0.8479202988792031,3212
GC1,GSM7990473,primary,150.0,C3–C3AR1,prespec,0.16888002821940135,0.16131647668511187,0.004975124378109453,0.0075635515342894755,0.8686378141726725,106.84123569488422,0.8479202988792031,3212
GC1,GSM7990473,primary,150.0,SPP1–CD44,prespec,0.04960122950964686,0.06716714355031794,0.5572139303482587,-0.01756591404067108,0.7355874433086653,106.84123569488422,0.8479202988792031,3212
GC1,GSM7990473,primary,150.0,TGFB1–TGFBR1,prespec,0.06190057436287329,0.06103925961256652,0.04975124378109453,0.00086131475030677,0.8518907183860058,106.84123569488422,0.8479202988792031,3212
GC1,GSM7990473,primary,150.0,TGFB1–TGFBR2,prespec,0.10932030547995229,0.10355261329784661,0.004975124378109453,0.005767692182105683,0.7837574233512382,106.84123569488422,0.8479202988792031,3212
GC1,GSM7990473,primary,150.0,APP–CD74,borderline,2.6254881080296255,2.605628519387755,0.03482587064676617,0.01985958864187065,0.11479772069744279,106.84123569488422,0.8479202988792031,3212
GC1,GSM7990473,primary,150.0,CD99–CD99,borderline,7.241748124133236,7.677440855986774,0.582089552238806,-0.4356927318535373,0.06809367746842437,106.84123569488422,0.8479202988792031,3212
GC1,GSM7990473,primary,150.0,SEMA4D–PLXNB2,borderline,0.2753191777222616,0.27327510860955817,0.014925373134328358,0.0020440691127034394,0.4704366077421011,106.84123569488422,0.8479202988792031,3212
GC1,GSM7990473,primary,150.0,TGFB1–TGFBR_MIN,complex,0.02612945939181834,0.02382983863621918,0.004975124378109453,0.0022996207555991584,0.9290990414119571,106.84123569488422,0.8479202988792031,3212
GC1,GSM7990473,primary,200.0,CCL2–CCR2,prespec,0.010808227850220262,0.009979740437382595,0.014925373134328358,0.0008284874128376678,0.980459392919238,106.84123569488422,0.8479202988792031,3212
GC1,GSM7990473,primary,200.0,C3–C3AR1,prespec,0.16438389465648753,0.15852348441570943,0.004975124378109453,0.005860410240778102,0.868812761861568,106.84123569488422,0.8479202988792031,3212
GC1,GSM7990473,primary,200.0,SPP1–CD44,prespec,0.05329018046901927,0.06658567717069487,0.43283582089552236,-0.013295496701675603,0.6965237859538598,106.84123569488422,0.8479202988792031,3212
GC1,GSM7990473,primary,200.0,TGFB1–TGFBR1,prespec,0.06139437407981485,0.059112961056051745,0.01990049751243781,0.0022814130237631056,0.8459981518533604,106.84123569488422,0.8479202988792031,3212
GC1,GSM7990473,primary,200.0,TGFB1–TGFBR2,prespec,0.10717905203582259,0.10086679041523298,0.009950248756218905,0.006312261620589607,0.7774583843401824,106.84123569488422,0.8479202988792031,3212
GC1,GSM7990473,primary,200.0,APP–CD74,borderline,2.6158949868769255,2.5950883444269186,0.029850746268656716,0.02080664245000685,0.1035550493602727,106.84123569488422,0.8479202988792031,3212
GC1,GSM7990473,primary,200.0,CD99–CD99,borderline,7.226864766564394,7.720936030685477,0.5671641791044776,-0.49407126412108315,0.06800299055250207,106.84123569488422,0.8479202988792031,3212
GC1,GSM7990473,primary,200.0,SEMA4D–PLXNB2,borderline,0.270716069483825,0.27335196419079205,0.0845771144278607,-0.002635894706967068,0.4401710053477599,106.84123569488422,0.8479202988792031,3212
GC1,GSM7990473,primary,200.0,TGFB1–TGFBR_MIN,complex,0.025143280054101366,0.02363527947477393,0.004975124378109453,0.0015080005793274356,0.9281223768297839,106.84123569488422,0.8479202988792031,3212
GC1,GSM7990473,primary,300.0,CCL2–CCR2,prespec,0.009838598017959282,0.009402596491979479,0.01990049751243781,0.0004360015259798032,0.9803159975197278,106.84123569488422,0.8479202988792031,3212
GC1,GSM7990473,primary,300.0,C3–C3AR1,prespec,0.15125204504274237,0.15700589007447177,0.21393034825870647,-0.005753845031729404,0.868812761861568,106.84123569488422,0.8479202988792031,3212
GC1,GSM7990473,primary,300.0,SPP1–CD44,prespec,0.051487270884774984,0.06426690579476524,0.48756218905472637,-0.012779634909990255,0.6387807703266952,106.84123569488422,0.8479202988792031,3212
GC1,GSM7990473,primary,300.0,TGFB1–TGFBR1,prespec,0.05810826751094866,0.056649868292008236,0.01990049751243781,0.0014583992189404205,0.8344630162748623,106.84123569488422,0.8479202988792031,3212
GC1,GSM7990473,primary,300.0,TGFB1–TGFBR2,prespec,0.10177754464069823,0.09782381434532503,0.004975124378109453,0.003953730295373201,0.7669178561191112,106.84123569488422,0.8479202988792031,3212
GC1,GSM7990473,primary,300.0,APP–CD74,borderline,2.5560728270335447,2.579050376498053,0.17412935323383086,-0.02297754946450814,0.0937583660513734,106.84123569488422,0.8479202988792031,3212
GC1,GSM7990473,primary,300.0,CD99–CD99,borderline,7.27342377401486,7.733836458583031,0.48258706467661694,-0.46041268456817086,0.06800299055250207,106.84123569488422,0.8479202988792031,3212
GC1,GSM7990473,primary,300.0,SEMA4D–PLXNB2,borderline,0.2623291187292052,0.2677233221726503,0.263681592039801,-0.0053942034434451,0.4018154317197977,106.84123569488422,0.8479202988792031,3212
GC1,GSM7990473,primary,300.0,TGFB1–TGFBR_MIN,complex,0.023323535816375043,0.02245124543653013,0.004975124378109453,0.0008722903798449137,0.9257404236647485,106.84123569488422,0.8479202988792031,3212
GC2,GSM7990474,primary,100.0,CCL2–CCR2,prespec,0.026891004766949004,0.025321822689603042,0.004975124378109453,0.0015691820773459618,0.8597692581218304,220.32347795968724,0.915717810150376,4256
GC2,GSM7990474,primary,100.0,C3–C3AR1,prespec,0.35472583838667543,0.3573770071730649,0.14427860696517414,-0.0026511687863894906,0.6939289163256969,220.32347795968724,0.915717810150376,4256
GC2,GSM7990474,primary,100.0,SPP1–CD44,prespec,0.08778072774627153,0.0966509941859709,0.6616915422885572,-0.008870266439699362,0.6888904634880353,220.32347795968724,0.915717810150376,4256
GC2,GSM7990474,primary,100.0,TGFB1–TGFBR1,prespec,0.09405805609902966,0.10008453404040558,0.42786069651741293,-0.006026477941375924,0.7187997392956832,220.32347795968724,0.915717810150376,4256
GC2,GSM7990474,primary,100.0,TGFB1–TGFBR2,prespec,0.2733618704781458,0.2807011417735148,0.3333333333333333,-0.007339271295368988,0.39340158491231825,220.32347795968724,0.915717810150376,4256
GC2,GSM7990474,primary,100.0,APP–CD74,borderline,3.408336419192737,3.4903808615528438,0.845771144278607,-0.08204444236010655,0.0033418609011889484,220.32347795968724,0.915717810150376,4256
GC2,GSM7990474,primary,100.0,CD99–CD99,borderline,1.7827702059535213,1.7958185077294633,0.263681592039801,-0.013048301775941962,0.10343237558234929,220.32347795968724,0.915717810150376,4256
GC2,GSM7990474,primary,100.0,SEMA4D–PLXNB2,borderline,0.7178676392553239,0.7432323592638859,0.6965174129353234,-0.025364720008561936,0.08962029105559442,220.32347795968724,0.915717810150376,4256
GC2,GSM7990474,primary,100.0,TGFB1–TGFBR_MIN,complex,0.060398680849200755,0.06216464175614621,0.3333333333333333,-0.0017659609069454532,0.7965053183255094,220.32347795968724,0.915717810150376,4256
GC2,GSM7990474,primary,150.0,CCL2–CCR2,prespec,0.02570827946181348,0.025575394128218732,0.05472636815920398,0.0001328853335947483,0.8483456610077531,220.32347795968724,0.915717810150376,4256
GC2,GSM7990474,primary,150.0,C3–C3AR1,prespec,0.3526053697068344,0.36108156887575177,0.23880597014925373,-0.008476199168917342,0.6940419942737605,220.32347795968724,0.915717810150376,4256
GC2,GSM7990474,primary,150.0,SPP1–CD44,prespec,0.0881019434422278,0.0958859648761899,0.4925373134328358,-0.0077840214339621044,0.5149981017559031,220.32347795968724,0.915717810150376,4256
GC2,GSM7990474,primary,150.0,TGFB1–TGFBR1,prespec,0.09343309295479801,0.09983197810091962,0.4427860696517413,-0.006398885146121608,0.7124924220903356,220.32347795968724,0.915717810150376,4256
GC2,GSM7990474,primary,150.0,TGFB1–TGFBR2,prespec,0.27305717968271276,0.2811443634084134,0.3333333333333333,-0.008087183725700664,0.3798726925216352,220.32347795968724,0.915717810150376,4256
GC2,GSM7990474,primary,150.0,APP–CD74,borderline,3.4190275105254972,3.4967339965167734,0.6467661691542289,-0.07770648599127616,0.0019948964800260895,220.32347795968724,0.915717810150376,4256
GC2,GSM7990474,primary,150.0,CD99–CD99,borderline,1.7802422355582526,1.8015815897069327,0.3333333333333333,-0.021339354148680156,0.10331844517800602,220.32347795968724,0.915717810150376,4256
GC2,GSM7990474,primary,150.0,SEMA4D–PLXNB2,borderline,0.723271272652387,0.7462857807219611,0.44776119402985076,-0.023014508069574058,0.06716436158485725,220.32347795968724,0.915717810150376,4256
GC2,GSM7990474,primary,150.0,TGFB1–TGFBR_MIN,complex,0.060438925268030776,0.06211114775167908,0.31343283582089554,-0.001672222483648303,0.7927653840196068,220.32347795968724,0.915717810150376,4256
GC2,GSM7990474,primary,200.0,CCL2–CCR2,prespec,0.025222930305360224,0.025274975661880538,0.07462686567164178,-5.2045356520313835e-05,0.8461043618094176,220.32347795968724,0.915717810150376,4256
GC2,GSM7990474,primary,200.0,C3–C3AR1,prespec,0.35226702714939967,0.36157510753816324,0.2835820895522388,-0.009308080388763573,0.6940419942737605,220.32347795968724,0.915717810150376,4256
GC2,GSM7990474,primary,200.0,SPP1–CD44,prespec,0.08817890661475584,0.09599714474746208,0.48756218905472637,-0.00781823813270624,0.39920196817048154,220.32347795968724,0.915717810150376,4256
GC2,GSM7990474,primary,200.0,TGFB1–TGFBR1,prespec,0.09402023664027634,0.10041255917335298,0.4079601990049751,-0.006392322533076644,0.7122829605587212,220.32347795968724,0.915717810150376,4256
GC2,GSM7990474,primary,200.0,TGFB1–TGFBR2,prespec,0.2714896811637942,0.2821766004981233,0.35323383084577115,-0.010686919334329137,0.37878631983915595,220.32347795968724,0.915717810150376,4256
GC2,GSM7990474,primary,200.0,APP–CD74,borderline,3.4186663701216795,3.4988322188869567,0.6517412935323383,-0.08016584876527721,0.0019948964800260895,220.32347795968724,0.915717810150376,4256
GC2,GSM7990474,primary,200.0,CD99–CD99,borderline,1.7807936973122709,1.8054630077959188,0.36318407960199006,-0.024669310483647955,0.10331844517800602,220.32347795968724,0.915717810150376,4256
GC2,GSM7990474,primary,200.0,SEMA4D–PLXNB2,borderline,0.7239715381809622,0.7488149176614906,0.4427860696517413,-0.024843379480528394,0.06348703167361809,220.32347795968724,0.915717810150376,4256
GC2,GSM7990474,primary,200.0,TGFB1–TGFBR_MIN,complex,0.06048777157877814,0.06246285895155531,0.2935323383084577,-0.0019750873727771706,0.7927653840196068,220.32347795968724,0.915717810150376,4256
GC2,GSM7990474,primary,300.0,CCL2–CCR2,prespec,0.025048736435574297,0.025050996172547545,0.06467661691542288,-2.2597369732473005e-06,0.844100069651501,220.32347795968724,0.915717810150376,4256
GC2,GSM7990474,primary,300.0,C3–C3AR1,prespec,0.3496512008064627,0.363113158937917,0.32338308457711445,-0.013461958131454288,0.6940419942737605,220.32347795968724,0.915717810150376,4256
GC2,GSM7990474,primary,300.0,SPP1–CD44,prespec,0.0884900989015393,0.09535466185107974,0.5074626865671642,-0.006864562949540437,0.1820415756200183,220.32347795968724,0.915717810150376,4256
GC2,GSM7990474,primary,300.0,TGFB1–TGFBR1,prespec,0.0935593441859853,0.099920574563383,0.4129353233830846,-0.006361230377397706,0.7122829605587212,220.32347795968724,0.915717810150376,4256
GC2,GSM7990474,primary,300.0,TGFB1–TGFBR2,prespec,0.27012617052811316,0.2845920604280284,0.39800995024875624,-0.014465889899915263,0.378567837799067,220.32347795968724,0.915717810150376,4256
GC2,GSM7990474,primary,300.0,APP–CD74,borderline,3.4230364894375462,3.4979246288690566,0.5970149253731343,-0.0748881394315104,0.0019948964800260895,220.32347795968724,0.915717810150376,4256
GC2,GSM7990474,primary,300.0,CD99–CD99,borderline,1.7770953072983173,1.816609226121437,0.42786069651741293,-0.03951391882311972,0.10331844517800602,220.32347795968724,0.915717810150376,4256
GC2,GSM7990474,primary,300.0,SEMA4D–PLXNB2,borderline,0.7253887546592666,0.7523643873670083,0.43781094527363185,-0.026975632707741726,0.06182709803248309,220.32347795968724,0.915717810150376,4256
GC2,GSM7990474,primary,300.0,TGFB1–TGFBR_MIN,complex,0.059634942916742956,0.06248868506046136,0.38308457711442784,-0.0028537421437184046,0.7927653840196068,220.32347795968724,0.915717810150376,4256
GC3,GSM7990475,primary,100.0,CCL2–CCR2,prespec,0.012762396604237431,0.012860830278789466,0.07462686567164178,-9.843367455203422e-05,0.9357044085860041,95.14425077068572,0.9108925049309664,3042
GC3,GSM7990475,primary,100.0,C3–C3AR1,prespec,0.17881692546965205,0.1854068323743432,0.3781094527363184,-0.006589906904691134,0.7293398749297968,95.14425077068572,0.9108925049309664,3042
GC3,GSM7990475,primary,100.0,SPP1–CD44,prespec,0.08075570846945071,0.10501453220760373,0.5223880597014925,-0.024258823738153024,0.49951709190557386,95.14425077068572,0.9108925049309664,3042
GC3,GSM7990475,primary,100.0,TGFB1–TGFBR1,prespec,0.10450313736828225,0.10152073135219077,0.004975124378109453,0.0029824060160914823,0.45419709432192873,95.14425077068572,0.9108925049309664,3042
GC3,GSM7990475,primary,100.0,TGFB1–TGFBR2,prespec,0.12615521578094796,0.12443659287740881,0.024875621890547265,0.0017186229035391493,0.35756915369173614,95.14425077068572,0.9108925049309664,3042
GC3,GSM7990475,primary,100.0,APP–CD74,borderline,1.523811673308775,1.6291874167719886,0.8855721393034826,-0.10537574346321366,0.01733487631631098,95.14425077068572,0.9108925049309664,3042
GC3,GSM7990475,primary,100.0,CD99–CD99,borderline,1.8983858090823362,1.9323659363956034,0.8955223880597015,-0.03398012731326716,0.05868049901819468,95.14425077068572,0.9108925049309664,3042
GC3,GSM7990475,primary,100.0,SEMA4D–PLXNB2,borderline,0.35298252988506684,0.35877820083161427,0.2885572139303483,-0.0057956709465474265,0.11390757396644981,95.14425077068572,0.9108925049309664,3042
GC3,GSM7990475,primary,100.0,TGFB1–TGFBR_MIN,complex,0.06519687104572924,0.06348993299620127,0.004975124378109453,0.0017069380495279701,0.554010722789086,95.14425077068572,0.9108925049309664,3042
GC3,GSM7990475,primary,150.0,CCL2–CCR2,prespec,0.012005843682481343,0.012561931062752428,0.19402985074626866,-0.0005560873802710857,0.9284243103314451,95.14425077068572,0.9108925049309664,3042
GC3,GSM7990475,primary,150.0,C3–C3AR1,prespec,0.1776465890688586,0.18289025026209088,0.3333333333333333,-0.005243661193232274,0.7271408102370409,95.14425077068572,0.9108925049309664,3042
GC3,GSM7990475,primary,150.0,SPP1–CD44,prespec,0.07953242371864042,0.11431796564793796,0.5223880597014925,-0.034785541929297545,0.3783751520651927,95.14425077068572,0.9108925049309664,3042
GC3,GSM7990475,primary,150.0,TGFB1–TGFBR1,prespec,0.10254789532113287,0.10071725352712053,0.004975124378109453,0.001830641794012336,0.424324554041535,95.14425077068572,0.9108925049309664,3042
GC3,GSM7990475,primary,150.0,TGFB1–TGFBR2,prespec,0.12378573298067495,0.12396652509953936,0.05970149253731343,-0.0001807921188644035,0.31837897231426915,95.14425077068572,0.9108925049309664,3042
GC3,GSM7990475,primary,150.0,APP–CD74,borderline,1.5199640816266542,1.6107575452418712,0.9203980099502488,-0.09079346361521701,0.010907773964628307,95.14425077068572,0.9108925049309664,3042
GC3,GSM7990475,primary,150.0,CD99–CD99,borderline,1.8972657282035168,1.9288470161967652,0.681592039800995,-0.03158128799324844,0.05785323608150887,95.14425077068572,0.9108925049309664,3042
GC3,GSM7990475,primary,150.0,SEMA4D–PLXNB2,borderline,0.35368795332315445,0.3574901707005914,0.24378109452736318,-0.003802217377436967,0.07947110272661083,95.14425077068572,0.9108925049309664,3042
GC3,GSM7990475,primary,150.0,TGFB1–TGFBR_MIN,complex,0.0639589580588507,0.06324637508855571,0.004975124378109453,0.0007125829702949865,0.5353177819225644,95.14425077068572,0.9108925049309664,3042
GC3,GSM7990475,primary,200.0,CCL2–CCR2,prespec,0.011642902314480067,0.012591415704405315,0.29850746268656714,-0.0009485133899252481,0.9272720646962721,95.14425077068572,0.9108925049309664,3042
GC3,GSM7990475,primary,200.0,C3–C3AR1,prespec,0.1767106676293821,0.18086745215701827,0.3333333333333333,-0.0041567845276361814,0.7269500452353207,95.14425077068572,0.9108925049309664,3042
GC3,GSM7990475,primary,200.0,SPP1–CD44,prespec,0.07956834393368761,0.11313998708304704,0.5223880597014925,-0.033571643149359426,0.32818453415253634,95.14425077068572,0.9108925049309664,3042
GC3,GSM7990475,primary,200.0,TGFB1–TGFBR1,prespec,0.10169973937085416,0.100366934156194,0.004975124378109453,0.001332805214660171,0.41817953456211376,95.14425077068572,0.9108925049309664,3042
GC3,GSM7990475,primary,200.0,TGFB1–TGFBR2,prespec,0.12286093857170514,0.12376585812492741,0.13432835820895522,-0.0009049195532222637,0.30622103932940276,95.14425077068572,0.9108925049309664,3042
GC3,GSM7990475,primary,200.0,APP–CD74,borderline,1.524451271417127,1.6060351682773284,0.8656716417910447,-0.0815838968602014,0.010907773964628307,95.14425077068572,0.9108925049309664,3042
GC3,GSM7990475,primary,200.0,CD99–CD99,borderline,1.898301610607597,1.9286555864853996,0.6567164179104478,-0.03035397587780264,0.05785323608150887,95.14425077068572,0.9108925049309664,3042
GC3,GSM7990475,primary,200.0,SEMA4D–PLXNB2,borderline,0.3521910207232664,0.3579271195319045,0.2885572139303483,-0.005736098808638068,0.07642547518493589,95.14425077068572,0.9108925049309664,3042
GC3,GSM7990475,primary,200.0,TGFB1–TGFBR_MIN,complex,0.06329066526329344,0.06275723102810549,0.004975124378109453,0.0005334342351879517,0.5321705902674722,95.14425077068572,0.9108925049309664,3042
GC3,GSM7990475,primary,300.0,CCL2–CCR2,prespec,0.01177951749671866,0.012474347772348286,0.263681592039801,-0.0006948302756296255,0.9255440023358658,95.14425077068572,0.9108925049309664,3042
GC3,GSM7990475,primary,300.0,C3–C3AR1,prespec,0.1736307839469486,0.17636253584996375,0.4527363184079602,-0.0027317519030151394,0.7270022674732713,95.14425077068572,0.9108925049309664,3042
GC3,GSM7990475,primary,300.0,SPP1–CD44,prespec,0.0795654250010114,0.12024611867929177,0.5223880597014925,-0.04068069367828038,0.25477541748197374,95.14425077068572,0.9108925049309664,3042
GC3,GSM7990475,primary,300.0,TGFB1–TGFBR1,prespec,0.0997296547822371,0.09978724941352404,0.07462686567164178,-5.759463128694742e-05,0.4135983809070876,95.14425077068572,0.9108925049309664,3042
GC3,GSM7990475,primary,300.0,TGFB1–TGFBR2,prespec,0.12102868897855258,0.12308713825331491,0.263681592039801,-0.002058449274762328,0.293697920350704,95.14425077068572,0.9108925049309664,3042
GC3,GSM7990475,primary,300.0,APP–CD74,borderline,1.5311188870097088,1.595488694426299,0.8159203980099502,-0.06436980741659015,0.010905687795568204,95.14425077068572,0.9108925049309664,3042
GC3,GSM7990475,primary,300.0,CD99–CD99,borderline,1.8949780550742366,1.9328504678160832,0.4626865671641791,-0.037872412741846606,0.05784217134625386,95.14425077068572,0.9108925049309664,3042
GC3,GSM7990475,primary,300.0,SEMA4D–PLXNB2,borderline,0.35346582831670403,0.35802298095912,0.27860696517412936,-0.0045571526424159625,0.07506811616369169,95.14425077068572,0.9108925049309664,3042
GC3,GSM7990475,primary,300.0,TGFB1–TGFBR_MIN,complex,0.062187941283368645,0.06204961123550661,0.04477611940298507,0.0001383300478620328,0.529095881856489,95.14425077068572,0.9108925049309664,3042
GC4,GSM7990476,primary,100.0,CCL2–CCR2,prespec,0.05392247091725319,0.05368588465359364,0.029850746268656716,0.0002365862636595495,0.721786389028004,377.75293205491346,0.8930497289653547,4243
GC4,GSM7990476,primary,100.0,C3–C3AR1,prespec,0.5429249290591334,0.5449251349035833,0.08955223880597014,-0.0020002058444499315,0.49771415714253314,377.75293205491346,0.8930497289653547,4243
GC4,GSM7990476,primary,100.0,SPP1–CD44,prespec,0.10065148427943002,0.10426436973937081,0.5223880597014925,-0.00361288545994079,0.48406762515776025,377.75293205491346,0.8930497289653547,4243
GC4,GSM7990476,primary,100.0,TGFB1–TGFBR1,prespec,0.1010444024869128,0.10043823282113418,0.01990049751243781,0.0006061696657786164,0.4664293851569631,377.75293205491346,0.8930497289653547,4243
GC4,GSM7990476,primary,100.0,TGFB1–TGFBR2,prespec,0.2163598992002803,0.21844435046778354,0.18407960199004975,-0.0020844512675032567,0.22022059656580478,377.75293205491346,0.8930497289653547,4243
GC4,GSM7990476,primary,100.0,APP–CD74,borderline,3.2432820590116984,3.378200438784583,0.5024875621890548,-0.13491837977288457,0.007164582025176425,377.75293205491346,0.8930497289653547,4243
GC4,GSM7990476,primary,100.0,CD99–CD99,borderline,1.9856080988940812,2.0047552134590334,0.31840796019900497,-0.019147114564952217,0.04105673936902084,377.75293205491346,0.8930497289653547,4243
GC4,GSM7990476,primary,100.0,SEMA4D–PLXNB2,borderline,0.6176467821731731,0.6444169694507514,0.8606965174129353,-0.026770187277578295,0.11780103362387125,377.75293205491346,0.8930497289653547,4243
GC4,GSM7990476,primary,100.0,TGFB1–TGFBR_MIN,complex,0.0787577663196362,0.07913207816799832,0.11940298507462686,-0.00037431184836211884,0.5341833985704105,377.75293205491346,0.8930497289653547,4243
GC4,GSM7990476,primary,150.0,CCL2–CCR2,prespec,0.0526852889523577,0.05350607552333216,0.30845771144278605,-0.0008207865709744591,0.7169348004550447,377.75293205491346,0.8930497289653547,4243
GC4,GSM7990476,primary,150.0,C3–C3AR1,prespec,0.5400858463266941,0.542191829345639,0.14427860696517414,-0.0021059830189449347,0.49746663432546095,377.75293205491346,0.8930497289653547,4243
GC4,GSM7990476,primary,150.0,SPP1–CD44,prespec,0.10004185719578419,0.10307930688628833,0.47761194029850745,-0.0030374496905041376,0.30293473275421257,377.75293205491346,0.8930497289653547,4243
GC4,GSM7990476,primary,150.0,TGFB1–TGFBR1,prespec,0.1003882324718939,0.10015364770547527,0.04477611940298507,0.0002345847664186329,0.45265767155983283,377.75293205491346,0.8930497289653547,4243
GC4,GSM7990476,primary,150.0,TGFB1–TGFBR2,prespec,0.21654964851436295,0.2169672524457325,0.07462686567164178,-0.00041760393136955343,0.1893718304495582,377.75293205491346,0.8930497289653547,4243
GC4,GSM7990476,primary,150.0,APP–CD74,borderline,3.246364157670916,3.3852396001826524,0.4925373134328358,-0.13887544251173622,0.0013460904778449547,377.75293205491346,0.8930497289653547,4243
GC4,GSM7990476,primary,150.0,CD99–CD99,borderline,1.9862252152291082,2.0090905713994385,0.3681592039800995,-0.022865356170330253,0.04100806599555865,377.75293205491346,0.8930497289653547,4243
GC4,GSM7990476,primary,150.0,SEMA4D–PLXNB2,borderline,0.6206479160517095,0.6447547584393775,0.7313432835820896,-0.024106842387667915,0.11175176929857455,377.75293205491346,0.8930497289653547,4243
GC4,GSM7990476,primary,150.0,TGFB1–TGFBR_MIN,complex,0.07804940436479946,0.0787407355217105,0.12935323383084577,-0.0006913311569110431,0.5233896988730802,377.75293205491346,0.8930497289653547,4243
GC4,GSM7990476,primary,200.0,CCL2–CCR2,prespec,0.05198092417255942,0.05317368736528977,0.48258706467661694,-0.001192763192730345,0.7159854641439829,377.75293205491346,0.8930497289653547,4243
GC4,GSM7990476,primary,200.0,C3–C3AR1,prespec,0.538956318255305,0.5406580823902629,0.12935323383084577,-0.0017017641349579282,0.49746663432546095,377.75293205491346,0.8930497289653547,4243
GC4,GSM7990476,primary,200.0,SPP1–CD44,prespec,0.09996057177004777,0.10309495013855566,0.4427860696517413,-0.003134378368507884,0.21886143405458047,377.75293205491346,0.8930497289653547,4243
GC4,GSM7990476,primary,200.0,TGFB1–TGFBR1,prespec,0.10019820712628158,0.1003880504713296,0.07960199004975124,-0.0001898433450480269,0.45082193883340965,377.75293205491346,0.8930497289653547,4243
GC4,GSM7990476,primary,200.0,TGFB1–TGFBR2,prespec,0.21645678613537078,0.2173551104842858,0.0945273631840796,-0.0008983243489150139,0.18460072922976672,377.75293205491346,0.8930497289653547,4243
GC4,GSM7990476,primary,200.0,APP–CD74,borderline,3.247076645747515,3.384344784358367,0.48756218905472637,-0.1372681386108523,0.00022653013556498823,377.75293205491346,0.8930497289653547,4243
GC4,GSM7990476,primary,200.0,CD99–CD99,borderline,1.984985384305625,2.0129491377195925,0.43781094527363185,-0.027963753413967396,0.04100806599555865,377.75293205491346,0.8930497289653547,4243
GC4,GSM7990476,primary,200.0,SEMA4D–PLXNB2,borderline,0.6216627771080875,0.6435584657199354,0.6915422885572139,-0.021895688611847874,0.11136733725365792,377.75293205491346,0.8930497289653547,4243
GC4,GSM7990476,primary,200.0,TGFB1–TGFBR_MIN,complex,0.07795645681650011,0.07850089098004145,0.11940298507462686,-0.0005444341635413436,0.5229894834052135,377.75293205491346,0.8930497289653547,4243
GC4,GSM7990476,primary,300.0,CCL2–CCR2,prespec,0.05192782003904615,0.05290086903892826,0.40298507462686567,-0.0009730489998821118,0.7157091256929011,377.75293205491346,0.8930497289653547,4243
GC4,GSM7990476,primary,300.0,C3–C3AR1,prespec,0.5360865320996919,0.538611788244793,0.35323383084577115,-0.002525256145101129,0.49746663432546095,377.75293205491346,0.8930497289653547,4243
GC4,GSM7990476,primary,300.0,SPP1–CD44,prespec,0.10027991922350343,0.10343907138519667,0.3482587064676617,-0.0031591521616932405,0.1180129500909505,377.75293205491346,0.8930497289653547,4243
GC4,GSM7990476,primary,300.0,TGFB1–TGFBR1,prespec,0.09895523844264897,0.09949588129150108,0.208955223880597,-0.0005406428488521076,0.4498277815412288,377.75293205491346,0.8930497289653547,4243
GC4,GSM7990476,primary,300.0,TGFB1–TGFBR2,prespec,0.21553241958737515,0.21629638809485385,0.14427860696517414,-0.0007639685074787017,0.18007744675127035,377.75293205491346,0.8930497289653547,4243
GC4,GSM7990476,primary,300.0,APP–CD74,borderline,3.2489758308516894,3.3991279834311365,0.472636815920398,-0.15015215257944714,0.0,377.75293205491346,0.8930497289653547,4243
GC4,GSM7990476,primary,300.0,CD99–CD99,borderline,1.9830408762831284,2.0217709523357184,0.472636815920398,-0.038730076052589935,0.04100806599555865,377.75293205491346,0.8930497289653547,4243
GC4,GSM7990476,primary,300.0,SEMA4D–PLXNB2,borderline,0.6252847675631754,0.6466488669784105,0.5174129353233831,-0.021364099415235094,0.11116878861022639,377.75293205491346,0.8930497289653547,4243
GC4,GSM7990476,primary,300.0,TGFB1–TGFBR_MIN,complex,0.07721734067489605,0.07736221527157436,0.14925373134328357,-0.00014487459667830715,0.52237460513558,377.75293205491346,0.8930497289653547,4243
GC5,GSM7990477,primary,100.0,CCL2–CCR2,prespec,0.004528483045295786,0.004168739917823013,0.009950248756218905,0.00035974312747277283,0.985875708100261,66.55363649537586,0.8908456807380486,3577
GC5,GSM7990477,primary,100.0,C3–C3AR1,prespec,0.20403807780210895,0.21071521006326366,0.21393034825870647,-0.006677132261154711,0.792128079733608,66.55363649537586,0.8908456807380486,3577
GC5,GSM7990477,primary,100.0,SPP1–CD44,prespec,0.753482076528508,0.8160706470766202,0.9950248756218906,-0.06258857054811229,0.35488317353029003,66.55363649537586,0.8908456807380486,3577
GC5,GSM7990477,primary,100.0,TGFB1–TGFBR1,prespec,0.1359388590477989,0.1308160149144592,0.004975124378109453,0.005122844133339688,0.37070164146529117,66.55363649537586,0.8908456807380486,3577
GC5,GSM7990477,primary,100.0,TGFB1–TGFBR2,prespec,0.1360640351963442,0.13401948700955596,0.004975124378109453,0.002044548186788231,0.3459035303426426,66.55363649537586,0.8908456807380486,3577
GC5,GSM7990477,primary,100.0,APP–CD74,borderline,1.42781609993606,1.4471022954732307,0.25870646766169153,-0.019286195537170592,0.022969014780624696,66.55363649537586,0.8908456807380486,3577
GC5,GSM7990477,primary,100.0,CD99–CD99,borderline,2.1441940797390906,2.1035293656653424,0.004975124378109453,0.040664714073748165,0.03806512994990608,66.55363649537586,0.8908456807380486,3577
GC5,GSM7990477,primary,100.0,SEMA4D–PLXNB2,borderline,0.1753129885820952,0.17199148401433859,0.004975124378109453,0.0033215045677566224,0.16854523943059607,66.55363649537586,0.8908456807380486,3577
GC5,GSM7990477,primary,100.0,TGFB1–TGFBR_MIN,complex,0.07477063882518528,0.07316421896849233,0.004975124378109453,0.0016064198566929505,0.5280948983271314,66.55363649537586,0.8908456807380486,3577
GC5,GSM7990477,primary,150.0,CCL2–CCR2,prespec,0.004386644911603122,0.003967873637965231,0.004975124378109453,0.00041877127363789107,0.9840430460307491,66.55363649537586,0.8908456807380486,3577
GC5,GSM7990477,primary,150.0,C3–C3AR1,prespec,0.20401644290259638,0.2078269570719057,0.15422885572139303,-0.0038105141693093314,0.7919409373357994,66.55363649537586,0.8908456807380486,3577
GC5,GSM7990477,primary,150.0,SPP1–CD44,prespec,0.7577117084302216,0.8248937151597537,0.9651741293532339,-0.06718200672953212,0.3540455004916494,66.55363649537586,0.8908456807380486,3577
GC5,GSM7990477,primary,150.0,TGFB1–TGFBR1,prespec,0.13241278877551232,0.13153230551090125,0.03482587064676617,0.0008804832646110705,0.3522626569654702,66.55363649537586,0.8908456807380486,3577
GC5,GSM7990477,primary,150.0,TGFB1–TGFBR2,prespec,0.13344667858822892,0.13374577076213856,0.07462686567164178,-0.0002990921739096375,0.32791695966492446,66.55363649537586,0.8908456807380486,3577
GC5,GSM7990477,primary,150.0,APP–CD74,borderline,1.4148602203947787,1.4480379811913107,0.572139303482587,-0.03317776079653201,0.021458326671229364,66.55363649537586,0.8908456807380486,3577
GC5,GSM7990477,primary,150.0,CD99–CD99,borderline,2.1288243339100026,2.10442422892889,0.004975124378109453,0.02440010498111267,0.03803073520542547,66.55363649537586,0.8908456807380486,3577
GC5,GSM7990477,primary,150.0,SEMA4D–PLXNB2,borderline,0.17415832760967714,0.17084584229531194,0.004975124378109453,0.0033124853143652044,0.09364247494224714,66.55363649537586,0.8908456807380486,3577
GC5,GSM7990477,primary,150.0,TGFB1–TGFBR_MIN,complex,0.07326885561849557,0.0728105535462606,0.024875621890547265,0.0004583020722349618,0.5178217973832198,66.55363649537586,0.8908456807380486,3577
GC5,GSM7990477,primary,200.0,CCL2–CCR2,prespec,0.004034010974715057,0.003835019087021346,0.004975124378109453,0.000198991887693711,0.9819383146981083,66.55363649537586,0.8908456807380486,3577
GC5,GSM7990477,primary,200.0,C3–C3AR1,prespec,0.20328158137041855,0.20648535720943226,0.15422885572139303,-0.0032037758390137117,0.7919718529563465,66.55363649537586,0.8908456807380486,3577
GC5,GSM7990477,primary,200.0,SPP1–CD44,prespec,0.7619394574924944,0.8275317725756798,0.9203980099502488,-0.06559231508318542,0.35387546140893716,66.55363649537586,0.8908456807380486,3577
GC5,GSM7990477,primary,200.0,TGFB1–TGFBR1,prespec,0.13238127699870417,0.1317163634548629,0.014925373134328358,0.0006649135438412668,0.3487874574145194,66.55363649537586,0.8908456807380486,3577
GC5,GSM7990477,primary,200.0,TGFB1–TGFBR2,prespec,0.13216279899502217,0.13406489531947977,0.15920398009950248,-0.0019020963244575917,0.3241062292848189,66.55363649537586,0.8908456807380486,3577
GC5,GSM7990477,primary,200.0,APP–CD74,borderline,1.4087925253653404,1.4476120994716617,0.5771144278606966,-0.03881957410632131,0.02035986291836509,66.55363649537586,0.8908456807380486,3577
GC5,GSM7990477,primary,200.0,CD99–CD99,borderline,2.1207017189423905,2.109886765905594,0.009950248756218905,0.01081495303679647,0.037617041857977644,66.55363649537586,0.8908456807380486,3577
GC5,GSM7990477,primary,200.0,SEMA4D–PLXNB2,borderline,0.17203312564332543,0.17129881581412523,0.03980099502487562,0.000734309829200197,0.08144848394619461,66.55363649537586,0.8908456807380486,3577
GC5,GSM7990477,primary,200.0,TGFB1–TGFBR_MIN,complex,0.07319240202617623,0.07306778854656942,0.04975124378109453,0.00012461347960680824,0.5163905113220081,66.55363649537586,0.8908456807380486,3577
GC5,GSM7990477,primary,300.0,CCL2–CCR2,prespec,0.0036073707706261635,0.0035944068093089884,0.04975124378109453,1.2963961317175119e-05,0.9807726955722893,66.55363649537586,0.8908456807380486,3577
GC5,GSM7990477,primary,300.0,C3–C3AR1,prespec,0.1991975601138053,0.20254982875918148,0.23383084577114427,-0.0033522686453761885,0.7919718529563465,66.55363649537586,0.8908456807380486,3577
GC5,GSM7990477,primary,300.0,SPP1–CD44,prespec,0.7695526613929631,0.8386868182267865,0.6019900497512438,-0.0691341568338234,0.35377803709448585,66.55363649537586,0.8908456807380486,3577
GC5,GSM7990477,primary,300.0,TGFB1–TGFBR1,prespec,0.12927691226661142,0.13150220665060805,0.17412935323383086,-0.002225294383996629,0.343559371657828,66.55363649537586,0.8908456807380486,3577
GC5,GSM7990477,primary,300.0,TGFB1–TGFBR2,prespec,0.13019908057607082,0.13407045801533637,0.22885572139303484,-0.0038713774392655498,0.3178634908984734,66.55363649537586,0.8908456807380486,3577
GC5,GSM7990477,primary,300.0,APP–CD74,borderline,1.403941349146798,1.447326898368806,0.5771144278606966,-0.04338554922200788,0.01945642100735042,66.55363649537586,0.8908456807380486,3577
GC5,GSM7990477,primary,300.0,CD99–CD99,borderline,2.0977589375412253,2.0973477046608164,0.04975124378109453,0.00041123288040889605,0.037617041857977644,66.55363649537586,0.8908456807380486,3577
GC5,GSM7990477,primary,300.0,SEMA4D–PLXNB2,borderline,0.1695342552045216,0.17033287883335427,0.14925373134328357,-0.0007986236288326787,0.07559862155667055,66.55363649537586,0.8908456807380486,3577
GC5,GSM7990477,primary,300.0,TGFB1–TGFBR_MIN,complex,0.07202566722362454,0.07318547193041912,0.17412935323383086,-0.0011598047067945816,0.5121363806436319,66.55363649537586,0.8908456807380486,3577
GC6,GSM7990478,primary,100.0,CCL2–CCR2,prespec,0.016976408964105762,0.021463114326096346,0.23383084577114427,-0.004486705361990584,0.9750905544636046,116.98637538478886,0.8849276859504133,2420
GC6,GSM7990478,primary,100.0,C3–C3AR1,prespec,0.8347928280512462,0.8614941571667857,0.39303482587064675,-0.026701329115539463,0.7350332929761564,116.98637538478886,0.8849276859504133,2420
GC6,GSM7990478,primary,100.0,SPP1–CD44,prespec,0.33506437494775937,0.36032878801842666,0.4626865671641791,-0.02526441307066729,0.47584320211938436,116.98637538478886,0.8849276859504133,2420
GC6,GSM7990478,primary,100.0,TGFB1–TGFBR1,prespec,0.19868733134519245,0.20481264689857331,0.35323383084577115,-0.006125315553380861,0.7163873028449049,116.98637538478886,0.8849276859504133,2420
GC6,GSM7990478,primary,100.0,TGFB1–TGFBR2,prespec,0.25231509832839255,0.2607063682419123,0.3482587064676617,-0.008391269913519739,0.6651252787511239,116.98637538478886,0.8849276859504133,2420
GC6,GSM7990478,primary,100.0,APP–CD74,borderline,3.9933510961076055,4.011967364402496,0.19900497512437812,-0.018616268294890492,0.009733457905437597,116.98637538478886,0.8849276859504133,2420
GC6,GSM7990478,primary,100.0,CD99–CD99,borderline,1.151036331311373,1.1430803367220832,0.029850746268656716,0.00795599458928975,0.30086708388186667,116.98637538478886,0.8849276859504133,2420
GC6,GSM7990478,primary,100.0,SEMA4D–PLXNB2,borderline,0.17700632080879125,0.19295340371432265,0.5621890547263682,-0.0159470829055314,0.5523405514858417,116.98637538478886,0.8849276859504133,2420
GC6,GSM7990478,primary,100.0,TGFB1–TGFBR_MIN,complex,0.07207810949658484,0.07281611954635779,0.0845771144278607,-0.0007380100497729469,0.8905298012658676,116.98637538478886,0.8849276859504133,2420
GC6,GSM7990478,primary,150.0,CCL2–CCR2,prespec,0.017684476139445033,0.02114589776976614,0.24378109452736318,-0.003461421630321107,0.973593487122415,116.98637538478886,0.8849276859504133,2420
GC6,GSM7990478,primary,150.0,C3–C3AR1,prespec,0.8329653022881723,0.8726224276021376,0.4626865671641791,-0.03965712531396526,0.7350332929761564,116.98637538478886,0.8849276859504133,2420
GC6,GSM7990478,primary,150.0,SPP1–CD44,prespec,0.3349642016364379,0.3547890539829006,0.4577114427860697,-0.019824852346462696,0.40287441536818325,116.98637538478886,0.8849276859504133,2420
GC6,GSM7990478,primary,150.0,TGFB1–TGFBR1,prespec,0.1980344373958907,0.20388784330675017,0.3383084577114428,-0.005853405910859477,0.704833243702014,116.98637538478886,0.8849276859504133,2420
GC6,GSM7990478,primary,150.0,TGFB1–TGFBR2,prespec,0.24819447351176635,0.256669537278455,0.472636815920398,-0.008475063766688634,0.6525765424447825,116.98637538478886,0.8849276859504133,2420
GC6,GSM7990478,primary,150.0,APP–CD74,borderline,3.9896373547387483,4.0121344137078845,0.19900497512437812,-0.02249705896913623,0.008427317816919591,116.98637538478886,0.8849276859504133,2420
GC6,GSM7990478,primary,150.0,CD99–CD99,borderline,1.142932588192258,1.153977986620121,0.07960199004975124,-0.011045398427862896,0.2946157734678808,116.98637538478886,0.8849276859504133,2420
GC6,GSM7990478,primary,150.0,SEMA4D–PLXNB2,borderline,0.17827280201958226,0.19424948678915854,0.5024875621890548,-0.015976684769576283,0.4000481895059181,116.98637538478886,0.8849276859504133,2420
GC6,GSM7990478,primary,150.0,TGFB1–TGFBR_MIN,complex,0.06884143824933209,0.07236776244968729,0.30845771144278605,-0.003526324200355202,0.8875080662879441,116.98637538478886,0.8849276859504133,2420
GC6,GSM7990478,primary,200.0,CCL2–CCR2,prespec,0.017825711852240144,0.02078386125785049,0.22388059701492538,-0.0029581494056103476,0.973008491010215,116.98637538478886,0.8849276859504133,2420
GC6,GSM7990478,primary,200.0,C3–C3AR1,prespec,0.8340007907512684,0.8788578442373873,0.4577114427860697,-0.0448570534861189,0.7350332929761564,116.98637538478886,0.8849276859504133,2420
GC6,GSM7990478,primary,200.0,SPP1–CD44,prespec,0.3335274496982163,0.3533090765256123,0.5074626865671642,-0.01978162682739598,0.3819197048963489,116.98637538478886,0.8849276859504133,2420
GC6,GSM7990478,primary,200.0,TGFB1–TGFBR1,prespec,0.19744521708997662,0.20358251617672998,0.373134328358209,-0.006137299086753367,0.7036197785747703,116.98637538478886,0.8849276859504133,2420
GC6,GSM7990478,primary,200.0,TGFB1–TGFBR2,prespec,0.25006022902859276,0.25514329188131357,0.3582089552238806,-0.00508306285272081,0.6504495613739032,116.98637538478886,0.8849276859504133,2420
GC6,GSM7990478,primary,200.0,APP–CD74,borderline,3.9939967024227494,4.011183370366311,0.1890547263681592,-0.017186667943561496,0.00809106711713476,116.98637538478886,0.8849276859504133,2420
GC6,GSM7990478,primary,200.0,CD99–CD99,borderline,1.1394959863998584,1.1707361279269537,0.16417910447761194,-0.03124014152709531,0.2946157734678808,116.98637538478886,0.8849276859504133,2420
GC6,GSM7990478,primary,200.0,SEMA4D–PLXNB2,borderline,0.17592590913845482,0.1942837204333341,0.5223880597014925,-0.01835781129487929,0.3446520199317145,116.98637538478886,0.8849276859504133,2420
GC6,GSM7990478,primary,200.0,TGFB1–TGFBR_MIN,complex,0.0683936724924855,0.0712992812947117,0.3582089552238806,-0.002905608802226206,0.8867565941674744,116.98637538478886,0.8849276859504133,2420
GC6,GSM7990478,primary,300.0,CCL2–CCR2,prespec,0.01670757054102154,0.02045938210627596,0.35323383084577115,-0.003751811565254417,0.9726972712809915,116.98637538478886,0.8849276859504133,2420
GC6,GSM7990478,primary,300.0,C3–C3AR1,prespec,0.8320384035207283,0.8845849753775544,0.4577114427860697,-0.052546571856826096,0.7350332929761564,116.98637538478886,0.8849276859504133,2420
GC6,GSM7990478,primary,300.0,SPP1–CD44,prespec,0.335170340881041,0.3512465261549046,0.5024875621890548,-0.01607618527386362,0.37497314538154997,116.98637538478886,0.8849276859504133,2420
GC6,GSM7990478,primary,300.0,TGFB1–TGFBR1,prespec,0.19673299747940107,0.20251421998191574,0.3283582089552239,-0.005781222502514671,0.7036197785747703,116.98637538478886,0.8849276859504133,2420
GC6,GSM7990478,primary,300.0,TGFB1–TGFBR2,prespec,0.250773085751521,0.2549879131873224,0.208955223880597,-0.0042148274358013715,0.6504495613739032,116.98637538478886,0.8849276859504133,2420
GC6,GSM7990478,primary,300.0,APP–CD74,borderline,3.9880176331906876,4.008101201516878,0.21393034825870647,-0.020083568326190182,0.00809106711713476,116.98637538478886,0.8849276859504133,2420
GC6,GSM7990478,primary,300.0,CD99–CD99,borderline,1.1253149192776961,1.176198806746872,0.3283582089552239,-0.05088388746917594,0.2942083383923113,116.98637538478886,0.8849276859504133,2420
GC6,GSM7990478,primary,300.0,SEMA4D–PLXNB2,borderline,0.17731453201607364,0.19459526528696022,0.44776119402985076,-0.017280733270886584,0.28904441093879896,116.98637538478886,0.8849276859504133,2420
GC6,GSM7990478,primary,300.0,TGFB1–TGFBR_MIN,complex,0.06877931455806202,0.07079297705683407,0.29850746268656714,-0.002013662498772051,0.8867565941674744,116.98637538478886,0.8849276859504133,2420
GC6-PM,GSM7990479,metastasis_site_unspecified,100.0,CCL2–CCR2,prespec,0.05627463171947651,0.058311435195765295,0.14427860696517414,-0.002036803476288783,0.9448964676894044,268.1892059348545,0.8892854234527686,2456
GC6-PM,GSM7990479,metastasis_site_unspecified,100.0,C3–C3AR1,prespec,0.9277077544029326,0.938751063238697,0.13930348258706468,-0.01104330883576432,0.7880724421756766,268.1892059348545,0.8892854234527686,2456
GC6-PM,GSM7990479,metastasis_site_unspecified,100.0,SPP1–CD44,prespec,0.18190156365276738,0.21787177000158084,0.4925373134328358,-0.035970206348813455,0.7142349556226013,268.1892059348545,0.8892854234527686,2456
GC6-PM,GSM7990479,metastasis_site_unspecified,100.0,TGFB1–TGFBR1,prespec,0.0843287012553404,0.08966041856650583,0.38308457711442784,-0.00533171731116544,0.86991721058819,268.1892059348545,0.8892854234527686,2456
GC6-PM,GSM7990479,metastasis_site_unspecified,100.0,TGFB1–TGFBR2,prespec,0.29402950712522047,0.31761679340546706,0.4228855721393035,-0.02358728628024659,0.6418993472472322,268.1892059348545,0.8892854234527686,2456
GC6-PM,GSM7990479,metastasis_site_unspecified,100.0,APP–CD74,borderline,2.941581459882607,3.021819112385887,0.5024875621890548,-0.08023765250328019,0.12072247074686651,268.1892059348545,0.8892854234527686,2456
GC6-PM,GSM7990479,metastasis_site_unspecified,100.0,CD99–CD99,borderline,1.0182348295722043,1.0307991071915854,0.11442786069651742,-0.012564277619381059,0.47085124055201766,268.1892059348545,0.8892854234527686,2456
GC6-PM,GSM7990479,metastasis_site_unspecified,100.0,SEMA4D–PLXNB2,borderline,0.10731840894663333,0.1052456043514559,0.01990049751243781,0.0020728045951774327,0.7676066619481116,268.1892059348545,0.8892854234527686,2456
GC6-PM,GSM7990479,metastasis_site_unspecified,100.0,TGFB1–TGFBR_MIN,complex,0.049250843902122,0.04956036283448028,0.07960199004975124,-0.00030951893235828254,0.9140086430960619,268.1892059348545,0.8892854234527686,2456
GC6-PM,GSM7990479,metastasis_site_unspecified,150.0,CCL2–CCR2,prespec,0.0563960557074289,0.05807191960106864,0.0945273631840796,-0.0016758638936397383,0.9420294285506897,268.1892059348545,0.8892854234527686,2456
GC6-PM,GSM7990479,metastasis_site_unspecified,150.0,C3–C3AR1,prespec,0.9216272402112065,0.9253745082937163,0.13930348258706468,-0.0037472680825098026,0.7880724421756766,268.1892059348545,0.8892854234527686,2456
GC6-PM,GSM7990479,metastasis_site_unspecified,150.0,SPP1–CD44,prespec,0.1820823842477764,0.21658171782553903,0.5124378109452736,-0.034499333577762636,0.6547026608369921,268.1892059348545,0.8892854234527686,2456
GC6-PM,GSM7990479,metastasis_site_unspecified,150.0,TGFB1–TGFBR1,prespec,0.08274914734241848,0.08940724654839237,0.527363184079602,-0.006658099205973891,0.856617662344104,268.1892059348545,0.8892854234527686,2456
GC6-PM,GSM7990479,metastasis_site_unspecified,150.0,TGFB1–TGFBR2,prespec,0.29583446096799,0.31709252399642707,0.373134328358209,-0.02125806302843708,0.5961784756233117,268.1892059348545,0.8892854234527686,2456
GC6-PM,GSM7990479,metastasis_site_unspecified,150.0,APP–CD74,borderline,2.928452596942326,3.0197057717419136,0.4626865671641791,-0.09125317479958772,0.06736032083250285,268.1892059348545,0.8892854234527686,2456
GC6-PM,GSM7990479,metastasis_site_unspecified,150.0,CD99–CD99,borderline,1.0066501250224158,1.025013217914174,0.13432835820895522,-0.018363092891758193,0.45923938829044686,268.1892059348545,0.8892854234527686,2456
GC6-PM,GSM7990479,metastasis_site_unspecified,150.0,SEMA4D–PLXNB2,borderline,0.10496685827764418,0.10286838788326469,0.029850746268656716,0.0020984703943794925,0.7094980747611694,268.1892059348545,0.8892854234527686,2456
GC6-PM,GSM7990479,metastasis_site_unspecified,150.0,TGFB1–TGFBR_MIN,complex,0.04771721575684149,0.0491507112662729,0.14925373134328357,-0.0014334955094314067,0.9078380640933975,268.1892059348545,0.8892854234527686,2456
GC6-PM,GSM7990479,metastasis_site_unspecified,200.0,CCL2–CCR2,prespec,0.05613217769593032,0.0566664579864009,0.05970149253731343,-0.0005342802904705832,0.9412022520122113,268.1892059348545,0.8892854234527686,2456
GC6-PM,GSM7990479,metastasis_site_unspecified,200.0,C3–C3AR1,prespec,0.9229887361076192,0.9228423620902683,0.05472636815920398,0.00014637401735095867,0.7880724421756766,268.1892059348545,0.8892854234527686,2456
GC6-PM,GSM7990479,metastasis_site_unspecified,200.0,SPP1–CD44,prespec,0.18349516140558633,0.21764732726692404,0.47761194029850745,-0.03415216586133771,0.6233560071524316,268.1892059348545,0.8892854234527686,2456
GC6-PM,GSM7990479,metastasis_site_unspecified,200.0,TGFB1–TGFBR1,prespec,0.08283639937904262,0.08846541389059588,0.44776119402985076,-0.00562901451155326,0.8515041315733545,268.1892059348545,0.8892854234527686,2456
GC6-PM,GSM7990479,metastasis_site_unspecified,200.0,TGFB1–TGFBR2,prespec,0.29264752738205024,0.31864804631584376,0.417910447761194,-0.026000518933793515,0.5785677946011485,268.1892059348545,0.8892854234527686,2456
GC6-PM,GSM7990479,metastasis_site_unspecified,200.0,APP–CD74,borderline,2.9185811226763843,3.0187301493599725,0.47761194029850745,-0.10014902668358827,0.049169904721123835,268.1892059348545,0.8892854234527686,2456
GC6-PM,GSM7990479,metastasis_site_unspecified,200.0,CD99–CD99,borderline,1.003120220510156,1.0381400901333855,0.21890547263681592,-0.03501986962322956,0.45714286782562424,268.1892059348545,0.8892854234527686,2456
GC6-PM,GSM7990479,metastasis_site_unspecified,200.0,SEMA4D–PLXNB2,borderline,0.10226546989953397,0.1023070006974555,0.05970149253731343,-4.153079792153236e-05,0.6874942027653091,268.1892059348545,0.8892854234527686,2456
GC6-PM,GSM7990479,metastasis_site_unspecified,200.0,TGFB1–TGFBR_MIN,complex,0.04663041052269168,0.048559090093298715,0.24875621890547264,-0.0019286795706070364,0.9065020946490217,268.1892059348545,0.8892854234527686,2456
GC6-PM,GSM7990479,metastasis_site_unspecified,300.0,CCL2–CCR2,prespec,0.05432379665869382,0.0553394193126955,0.11442786069651742,-0.00101562265400168,0.9412022520122113,268.1892059348545,0.8892854234527686,2456
GC6-PM,GSM7990479,metastasis_site_unspecified,300.0,C3–C3AR1,prespec,0.9168146443445184,0.9200925582732812,0.21393034825870647,-0.0032779139287627546,0.7880724421756766,268.1892059348545,0.8892854234527686,2456
GC6-PM,GSM7990479,metastasis_site_unspecified,300.0,SPP1–CD44,prespec,0.18360243038989507,0.21453154240748673,0.4626865671641791,-0.03092911201759166,0.5933923110581261,268.1892059348545,0.8892854234527686,2456
GC6-PM,GSM7990479,metastasis_site_unspecified,300.0,TGFB1–TGFBR1,prespec,0.08350266674630752,0.0886039555268347,0.38308457711442784,-0.00510128878052718,0.8486244179289836,268.1892059348545,0.8892854234527686,2456
GC6-PM,GSM7990479,metastasis_site_unspecified,300.0,TGFB1–TGFBR2,prespec,0.2889050664635077,0.3171615491549063,0.44776119402985076,-0.028256482691398577,0.565734194037547,268.1892059348545,0.8892854234527686,2456
GC6-PM,GSM7990479,metastasis_site_unspecified,300.0,APP–CD74,borderline,2.9173678945296095,3.0068975290552418,0.4975124378109453,-0.08952963452563223,0.044555549289297794,268.1892059348545,0.8892854234527686,2456
GC6-PM,GSM7990479,metastasis_site_unspecified,300.0,CD99–CD99,borderline,0.9897083658781992,1.02651337269944,0.44776119402985076,-0.03680500682124077,0.45634776271767974,268.1892059348545,0.8892854234527686,2456
GC6-PM,GSM7990479,metastasis_site_unspecified,300.0,SEMA4D–PLXNB2,borderline,0.10053152169180828,0.10269623467288308,0.25870646766169153,-0.002164712981074804,0.6680495723906131,268.1892059348545,0.8892854234527686,2456
GC6-PM,GSM7990479,metastasis_site_unspecified,300.0,TGFB1–TGFBR_MIN,complex,0.045844163716749355,0.04837360161019953,0.39800995024875624,-0.0025294378934501774,0.9047868205278746,268.1892059348545,0.8892854234527686,2456
GC7,GSM7990480,primary,100.0,CCL2–CCR2,prespec,0.00392290995312235,0.006026540431076907,0.40298507462686567,-0.0021036304779545574,0.9825527038573791,33.17035386195185,0.8330042918454934,1864
GC7,GSM7990480,primary,100.0,C3–C3AR1,prespec,0.0947933890942271,0.09893128051762794,0.22885572139303484,-0.004137891423400833,0.89509103044764,33.17035386195185,0.8330042918454934,1864
GC7,GSM7990480,primary,100.0,SPP1–CD44,prespec,0.027446538743541877,0.038119235083030154,0.9253731343283582,-0.010672696339488277,0.8818711010797899,33.17035386195185,0.8330042918454934,1864
GC7,GSM7990480,primary,100.0,TGFB1–TGFBR1,prespec,0.029135620111637093,0.02898642681674513,0.03482587064676617,0.00014919329489196387,0.8962165464485671,33.17035386195185,0.8330042918454934,1864
GC7,GSM7990480,primary,100.0,TGFB1–TGFBR2,prespec,0.12475647222629624,0.13188757198363338,0.12437810945273632,-0.007131099757337139,0.6381443920413623,33.17035386195185,0.8330042918454934,1864
GC7,GSM7990480,primary,100.0,APP–CD74,borderline,1.701783868922156,1.7741724551164697,0.6019900497512438,-0.07238858619431365,0.07355477892029275,33.17035386195185,0.8330042918454934,1864
GC7,GSM7990480,primary,100.0,CD99–CD99,borderline,0.7308689664832936,0.7383403863980798,0.14925373134328357,-0.00747141991478617,0.3591246271199914,33.17035386195185,0.8330042918454934,1864
GC7,GSM7990480,primary,100.0,SEMA4D–PLXNB2,borderline,0.19608847389462467,0.19699075339496913,0.07960199004975124,-0.0009022795003444661,0.5123404167677095,33.17035386195185,0.8330042918454934,1864
GC7,GSM7990480,primary,100.0,TGFB1–TGFBR_MIN,complex,0.018874401572871045,0.01786216037308651,0.01990049751243781,0.0010122411997845332,0.9194574369677123,33.17035386195185,0.8330042918454934,1864
GC7,GSM7990480,primary,150.0,CCL2–CCR2,prespec,0.0033952236842432326,0.005604101917721828,0.5522388059701493,-0.002208878233478595,0.980949524543972,33.17035386195185,0.8330042918454934,1864
GC7,GSM7990480,primary,150.0,C3–C3AR1,prespec,0.09223844951246238,0.09614863538553785,0.3034825870646766,-0.00391018587307547,0.8857510964644041,33.17035386195185,0.8330042918454934,1864
GC7,GSM7990480,primary,150.0,SPP1–CD44,prespec,0.03060350789741567,0.03804184208506863,0.6069651741293532,-0.0074383341876529604,0.7928646665816483,33.17035386195185,0.8330042918454934,1864
GC7,GSM7990480,primary,150.0,TGFB1–TGFBR1,prespec,0.025786764973019752,0.027443402174064605,0.24378109452736318,-0.0016566372010448534,0.8691864394339393,33.17035386195185,0.8330042918454934,1864
GC7,GSM7990480,primary,150.0,TGFB1–TGFBR2,prespec,0.12210415309586675,0.1282964589354182,0.1791044776119403,-0.006192305839551437,0.5475952822589025,33.17035386195185,0.8330042918454934,1864
GC7,GSM7990480,primary,150.0,APP–CD74,borderline,1.7028607863045746,1.7705481100469709,0.5771144278606966,-0.06768732374239628,0.06685845451946514,33.17035386195185,0.8330042918454934,1864
GC7,GSM7990480,primary,150.0,CD99–CD99,borderline,0.7246759952639182,0.7358352406823931,0.16417910447761194,-0.011159245418474906,0.3551309089262231,33.17035386195185,0.8330042918454934,1864
GC7,GSM7990480,primary,150.0,SEMA4D–PLXNB2,borderline,0.18908646739493024,0.20608923072536003,0.19402985074626866,-0.0170027633304298,0.34892117697173786,33.17035386195185,0.8330042918454934,1864
GC7,GSM7990480,primary,150.0,TGFB1–TGFBR_MIN,complex,0.016188648314759465,0.017180348794543793,0.24378109452736318,-0.0009917004797843285,0.9048574521881085,33.17035386195185,0.8330042918454934,1864
GC7,GSM7990480,primary,200.0,CCL2–CCR2,prespec,0.0035007642916776173,0.005169029044886121,0.4577114427860697,-0.0016682647532085038,0.9802774643860309,33.17035386195185,0.8330042918454934,1864
GC7,GSM7990480,primary,200.0,C3–C3AR1,prespec,0.0910522307607398,0.09504066953403198,0.36318407960199006,-0.003988438773292177,0.8830990442191805,33.17035386195185,0.8330042918454934,1864
GC7,GSM7990480,primary,200.0,SPP1–CD44,prespec,0.03126881801348776,0.03682664646885334,0.527363184079602,-0.005557828455365579,0.7458800035352843,33.17035386195185,0.8330042918454934,1864
GC7,GSM7990480,primary,200.0,TGFB1–TGFBR1,prespec,0.025823539801636607,0.027456590400326768,0.22885572139303484,-0.0016330505986901604,0.855261055342291,33.17035386195185,0.8330042918454934,1864
GC7,GSM7990480,primary,200.0,TGFB1–TGFBR2,prespec,0.11938289663964326,0.13046080371388658,0.25870646766169153,-0.011077907074243318,0.49705847093659644,33.17035386195185,0.8330042918454934,1864
GC7,GSM7990480,primary,200.0,APP–CD74,borderline,1.7032907497833596,1.7756143157662954,0.5671641791044776,-0.07232356598293577,0.06685845451946514,33.17035386195185,0.8330042918454934,1864
GC7,GSM7990480,primary,200.0,CD99–CD99,borderline,0.7268548181552785,0.7571732811809363,0.20398009950248755,-0.03031846302565777,0.3531225444796156,33.17035386195185,0.8330042918454934,1864
GC7,GSM7990480,primary,200.0,SEMA4D–PLXNB2,borderline,0.18811682196092355,0.20334931123757788,0.2537313432835821,-0.015232489276654326,0.2937696546152516,33.17035386195185,0.8330042918454934,1864
GC7,GSM7990480,primary,200.0,TGFB1–TGFBR_MIN,complex,0.016396438107360644,0.01705342078095067,0.11442786069651742,-0.0006569826735900244,0.8956640346871926,33.17035386195185,0.8330042918454934,1864
GC7,GSM7990480,primary,300.0,CCL2–CCR2,prespec,0.00372941684384826,0.004685826318824005,0.3880597014925373,-0.000956409474975745,0.9802774643860309,33.17035386195185,0.8330042918454934,1864
GC7,GSM7990480,primary,300.0,C3–C3AR1,prespec,0.0881455773041668,0.09293509175949403,0.4626865671641791,-0.004789514455327229,0.8817092492274425,33.17035386195185,0.8330042918454934,1864
GC7,GSM7990480,primary,300.0,SPP1–CD44,prespec,0.03206455235902771,0.036792994612911516,0.4527363184079602,-0.004728442253883802,0.615632565550631,33.17035386195185,0.8330042918454934,1864
GC7,GSM7990480,primary,300.0,TGFB1–TGFBR1,prespec,0.024608506806747147,0.026834456581273248,0.3482587064676617,-0.002225949774526101,0.8396195319509896,33.17035386195185,0.8330042918454934,1864
GC7,GSM7990480,primary,300.0,TGFB1–TGFBR2,prespec,0.1146170420465602,0.12409166228780621,0.4427860696517413,-0.009474620241246012,0.44301372575766357,33.17035386195185,0.8330042918454934,1864
GC7,GSM7990480,primary,300.0,APP–CD74,borderline,1.6939125598694176,1.7744234655681286,0.5870646766169154,-0.080510905698711,0.06685845451946514,33.17035386195185,0.8330042918454934,1864
GC7,GSM7990480,primary,300.0,CD99–CD99,borderline,0.716597523854525,0.7401216999787452,0.42786069651741293,-0.023524176124220197,0.3531225444796156,33.17035386195185,0.8330042918454934,1864
GC7,GSM7990480,primary,300.0,SEMA4D–PLXNB2,borderline,0.18329598998792812,0.20655602459231948,0.39303482587064675,-0.023260034604391355,0.23391299608308114,33.17035386195185,0.8330042918454934,1864
GC7,GSM7990480,primary,300.0,TGFB1–TGFBR_MIN,complex,0.015259135663644835,0.016516061502335585,0.39303482587064675,-0.0012569258386907495,0.8890097694745976,33.17035386195185,0.8330042918454934,1864
GC8,GSM7990481,primary,100.0,CCL2–CCR2,prespec,0.0016333731303064707,0.003531014717817948,0.8606965174129353,-0.0018976415875114774,0.9852184848838422,80.36901096288935,0.8737334874504623,3028
GC8,GSM7990481,primary,100.0,C3–C3AR1,prespec,0.22522364572266898,0.24695035095507167,0.5572139303482587,-0.021726705232402693,0.8255841909545407,80.36901096288935,0.8737334874504623,3028
GC8,GSM7990481,primary,100.0,SPP1–CD44,prespec,0.008120589448998603,0.008297679709985515,0.06965174129353234,-0.00017709026098691218,0.9591475160062806,80.36901096288935,0.8737334874504623,3028
GC8,GSM7990481,primary,100.0,TGFB1–TGFBR1,prespec,0.029095815464222827,0.035393932469956854,0.8159203980099502,-0.006298117005734027,0.8885346244172821,80.36901096288935,0.8737334874504623,3028
GC8,GSM7990481,primary,100.0,TGFB1–TGFBR2,prespec,0.08363189890513603,0.09711228059657312,0.7412935323383084,-0.013480381691437088,0.7436493772647511,80.36901096288935,0.8737334874504623,3028
GC8,GSM7990481,primary,100.0,APP–CD74,borderline,2.060514171182098,2.1779811852486963,0.47761194029850745,-0.11746701406659854,0.21766827951886109,80.36901096288935,0.8737334874504623,3028
GC8,GSM7990481,primary,100.0,CD99–CD99,borderline,0.26956460992858383,0.2738789168191153,0.11940298507462686,-0.004314306890531472,0.6756940801620158,80.36901096288935,0.8737334874504623,3028
GC8,GSM7990481,primary,100.0,SEMA4D–PLXNB2,borderline,0.5370612458364863,0.5614762480317032,0.31840796019900497,-0.02441500219521686,0.42748046592599076,80.36901096288935,0.8737334874504623,3028
GC8,GSM7990481,primary,100.0,TGFB1–TGFBR_MIN,complex,0.01383184122312068,0.016693982877688602,0.6318407960199005,-0.0028621416545679228,0.9212792858639585,80.36901096288935,0.8737334874504623,3028
GC8,GSM7990481,primary,150.0,CCL2–CCR2,prespec,0.001925258801169851,0.0030242924303522864,0.7512437810945274,-0.0010990336291824354,0.9812619130632408,80.36901096288935,0.8737334874504623,3028
GC8,GSM7990481,primary,150.0,C3–C3AR1,prespec,0.222472585105507,0.24431848766402145,0.5870646766169154,-0.021845902558514457,0.822428470976282,80.36901096288935,0.8737334874504623,3028
GC8,GSM7990481,primary,150.0,SPP1–CD44,prespec,0.007171124450554798,0.008574286786703222,0.3582089552238806,-0.0014031623361484237,0.9276288572964398,80.36901096288935,0.8737334874504623,3028
GC8,GSM7990481,primary,150.0,TGFB1–TGFBR1,prespec,0.028711872717700967,0.03594547314790368,0.8606965174129353,-0.0072336004302027135,0.8754539085226906,80.36901096288935,0.8737334874504623,3028
GC8,GSM7990481,primary,150.0,TGFB1–TGFBR2,prespec,0.08180381004102183,0.09410245578289235,0.9104477611940298,-0.01229864574187052,0.7118040763081128,80.36901096288935,0.8737334874504623,3028
GC8,GSM7990481,primary,150.0,APP–CD74,borderline,2.052106937178307,2.188474375270093,0.5074626865671642,-0.13636743809178586,0.09626205130374392,80.36901096288935,0.8737334874504623,3028
GC8,GSM7990481,primary,150.0,CD99–CD99,borderline,0.26989220284546384,0.2755035094573436,0.14925373134328357,-0.005611306611879752,0.6499794225755178,80.36901096288935,0.8737334874504623,3028
GC8,GSM7990481,primary,150.0,SEMA4D–PLXNB2,borderline,0.534711661585776,0.549587518154762,0.22885572139303484,-0.014875856568986046,0.3521571971494482,80.36901096288935,0.8737334874504623,3028
GC8,GSM7990481,primary,150.0,TGFB1–TGFBR_MIN,complex,0.013901596157462132,0.015976686063191428,0.7263681592039801,-0.002075089905729296,0.9148277897481708,80.36901096288935,0.8737334874504623,3028
GC8,GSM7990481,primary,200.0,CCL2–CCR2,prespec,0.002009650795527594,0.0029508666519471468,0.7213930348258707,-0.0009412158564195529,0.9801834297680957,80.36901096288935,0.8737334874504623,3028
GC8,GSM7990481,primary,200.0,C3–C3AR1,prespec,0.2235494450077735,0.24457481650310367,0.5671641791044776,-0.02102537149533018,0.822428470976282,80.36901096288935,0.8737334874504623,3028
GC8,GSM7990481,primary,200.0,SPP1–CD44,prespec,0.006639210148517449,0.008353565814179387,0.47761194029850745,-0.0017143556656619386,0.9052725443460305,80.36901096288935,0.8737334874504623,3028
GC8,GSM7990481,primary,200.0,TGFB1–TGFBR1,prespec,0.028451041947876114,0.03410963413219801,0.9502487562189055,-0.005658592184321895,0.8694730948070858,80.36901096288935,0.8737334874504623,3028
GC8,GSM7990481,primary,200.0,TGFB1–TGFBR2,prespec,0.08114805637999792,0.09250564517511167,0.9402985074626866,-0.011357588795113754,0.7022862836354429,80.36901096288935,0.8737334874504623,3028
GC8,GSM7990481,primary,200.0,APP–CD74,borderline,2.045600815162776,2.188184274174592,0.5373134328358209,-0.14258345901181624,0.053622166508818236,80.36901096288935,0.8737334874504623,3028
GC8,GSM7990481,primary,200.0,CD99–CD99,borderline,0.2668378500126513,0.29727975982603533,0.3781094527363184,-0.030441909813384016,0.6458235621057816,80.36901096288935,0.8737334874504623,3028
GC8,GSM7990481,primary,200.0,SEMA4D–PLXNB2,borderline,0.5398589146191475,0.5501403835889399,0.12437810945273632,-0.010281468969792429,0.3298628869043068,80.36901096288935,0.8737334874504623,3028
GC8,GSM7990481,primary,200.0,TGFB1–TGFBR_MIN,complex,0.013885547954244409,0.015761358240585083,0.6915422885572139,-0.0018758102863406737,0.9136714864854862,80.36901096288935,0.8737334874504623,3028
GC8,GSM7990481,primary,300.0,CCL2–CCR2,prespec,0.002153113506070038,0.0028192188953940754,0.7014925373134329,-0.0006661053893240372,0.978439577545043,80.36901096288935,0.8737334874504623,3028
GC8,GSM7990481,primary,300.0,C3–C3AR1,prespec,0.2225487562775113,0.24751401973025597,0.5223880597014925,-0.024965263452744663,0.8220880043250466,80.36901096288935,0.8737334874504623,3028
GC8,GSM7990481,primary,300.0,SPP1–CD44,prespec,0.006217963044887998,0.008936668605824316,0.4975124378109453,-0.0027187055609363183,0.8381440449992664,80.36901096288935,0.8737334874504623,3028
GC8,GSM7990481,primary,300.0,TGFB1–TGFBR1,prespec,0.03107877906563311,0.03352575522207508,0.3880597014925373,-0.002446976156441967,0.8573171423644514,80.36901096288935,0.8737334874504623,3028
GC8,GSM7990481,primary,300.0,TGFB1–TGFBR2,prespec,0.08546864200390515,0.08959699944844116,0.6268656716417911,-0.004128357444536004,0.6827036591907083,80.36901096288935,0.8737334874504623,3028
GC8,GSM7990481,primary,300.0,APP–CD74,borderline,2.049650523513276,2.2194538500388505,0.5422885572139303,-0.1698033265255745,0.02597301633529088,80.36901096288935,0.8737334874504623,3028
GC8,GSM7990481,primary,300.0,CD99–CD99,borderline,0.26384025290470864,0.2904793595304291,0.5024875621890548,-0.026639106625720443,0.6368890283543963,80.36901096288935,0.8737334874504623,3028
GC8,GSM7990481,primary,300.0,SEMA4D–PLXNB2,borderline,0.5335893406003758,0.5441883184589802,0.29850746268656714,-0.01059897785860442,0.31420746685247586,80.36901096288935,0.8737334874504623,3028
GC8,GSM7990481,primary,300.0,TGFB1–TGFBR_MIN,complex,0.014463200678083817,0.015393640041433631,0.39800995024875624,-0.0009304393633498137,0.912748401971004,80.36901096288935,0.8737334874504623,3028
GC9,GSM7990482,primary,100.0,CCL2–CCR2,prespec,0.014233011100853114,0.015161100811503583,0.26865671641791045,-0.000928089710650469,0.9743851541745677,227.9185638639374,0.9128870412844037,3488
GC9,GSM7990482,primary,100.0,C3–C3AR1,prespec,0.5283194695452686,0.5453164675123539,0.30845771144278605,-0.016996997967085203,0.7575121514265392,227.9185638639374,0.9128870412844037,3488
GC9,GSM7990482,primary,100.0,SPP1–CD44,prespec,0.25454357089223606,0.2797265771645353,0.4079601990049751,-0.025183006272299246,0.58637003365414,227.9185638639374,0.9128870412844037,3488
GC9,GSM7990482,primary,100.0,TGFB1–TGFBR1,prespec,0.10841618398450838,0.11523189607967871,0.4626865671641791,-0.0068157120951703315,0.7800212597567172,227.9185638639374,0.9128870412844037,3488
GC9,GSM7990482,primary,100.0,TGFB1–TGFBR2,prespec,0.3078162743730943,0.3148885614256022,0.22388059701492538,-0.007072287052507897,0.5016279601304565,227.9185638639374,0.9128870412844037,3488
GC9,GSM7990482,primary,100.0,APP–CD74,borderline,3.6196670382773206,3.6080398924623514,0.009950248756218905,0.011627145814969264,0.007525552176163138,227.9185638639374,0.9128870412844037,3488
GC9,GSM7990482,primary,100.0,CD99–CD99,borderline,1.2812421651977055,1.2762645966327801,0.01990049751243781,0.004977568564925372,0.24685537709379532,227.9185638639374,0.9128870412844037,3488
GC9,GSM7990482,primary,100.0,SEMA4D–PLXNB2,borderline,0.27541712873944607,0.2929216188087124,0.9353233830845771,-0.017504490069266354,0.37311516580325316,227.9185638639374,0.9128870412844037,3488
GC9,GSM7990482,primary,100.0,TGFB1–TGFBR_MIN,complex,0.05720866333897908,0.06030270733998025,0.4925373134328358,-0.0030940440010011686,0.8709348942282436,227.9185638639374,0.9128870412844037,3488
GC9,GSM7990482,primary,150.0,CCL2–CCR2,prespec,0.014125381308694309,0.014798216799940849,0.26865671641791045,-0.0006728354912465401,0.9737920137119133,227.9185638639374,0.9128870412844037,3488
GC9,GSM7990482,primary,150.0,C3–C3AR1,prespec,0.5254623943862214,0.5478202259054745,0.373134328358209,-0.02235783151925308,0.7573274974268438,227.9185638639374,0.9128870412844037,3488
GC9,GSM7990482,primary,150.0,SPP1–CD44,prespec,0.25021113868653017,0.2842956289184732,0.4975124378109453,-0.03408449023194304,0.3783951150658343,227.9185638639374,0.9128870412844037,3488
GC9,GSM7990482,primary,150.0,TGFB1–TGFBR1,prespec,0.10762878730207,0.11441526747141686,0.6069651741293532,-0.006786480169346867,0.7721438730882264,227.9185638639374,0.9128870412844037,3488
GC9,GSM7990482,primary,150.0,TGFB1–TGFBR2,prespec,0.30473483777811955,0.31778648729288483,0.2835820895522388,-0.013051649514765284,0.4887580349544588,227.9185638639374,0.9128870412844037,3488
GC9,GSM7990482,primary,150.0,APP–CD74,borderline,3.6191485055479973,3.6044258769980537,0.009950248756218905,0.01472262854994355,0.005849275765226717,227.9185638639374,0.9128870412844037,3488
GC9,GSM7990482,primary,150.0,CD99–CD99,borderline,1.271591642225666,1.2933086731196057,0.13432835820895522,-0.021717030893939837,0.24528437375808465,227.9185638639374,0.9128870412844037,3488
GC9,GSM7990482,primary,150.0,SEMA4D–PLXNB2,borderline,0.27704509292789503,0.28961239684083273,0.8606965174129353,-0.0125673039129377,0.24954624782515694,227.9185638639374,0.9128870412844037,3488
GC9,GSM7990482,primary,150.0,TGFB1–TGFBR_MIN,complex,0.05706987284784605,0.0603600996297654,0.527363184079602,-0.003290226781919349,0.8676828873173386,227.9185638639374,0.9128870412844037,3488
GC9,GSM7990482,primary,200.0,CCL2–CCR2,prespec,0.014231355376176697,0.015077153210166427,0.1890547263681592,-0.0008457978339897303,0.9737920137119133,227.9185638639374,0.9128870412844037,3488
GC9,GSM7990482,primary,200.0,C3–C3AR1,prespec,0.5241740489691918,0.5506896075867727,0.40298507462686567,-0.026515558617580814,0.7573274974268438,227.9185638639374,0.9128870412844037,3488
GC9,GSM7990482,primary,200.0,SPP1–CD44,prespec,0.24612924961970958,0.2844229491260653,0.5124378109452736,-0.03829369950635572,0.24853464012529142,227.9185638639374,0.9128870412844037,3488
GC9,GSM7990482,primary,200.0,TGFB1–TGFBR1,prespec,0.10907897265873985,0.11522419935026273,0.527363184079602,-0.006145226691522884,0.770713524960063,227.9185638639374,0.9128870412844037,3488
GC9,GSM7990482,primary,200.0,TGFB1–TGFBR2,prespec,0.3040454648046268,0.3177189730387816,0.3283582089552239,-0.013673508234154808,0.48625989423354676,227.9185638639374,0.9128870412844037,3488
GC9,GSM7990482,primary,200.0,APP–CD74,borderline,3.613575017950128,3.608873998537362,0.029850746268656716,0.0047010194127659055,0.005849275765226717,227.9185638639374,0.9128870412844037,3488
GC9,GSM7990482,primary,200.0,CD99–CD99,borderline,1.2685365606776595,1.2994687454446627,0.25870646766169153,-0.030932184767003212,0.24528437375808465,227.9185638639374,0.9128870412844037,3488
GC9,GSM7990482,primary,200.0,SEMA4D–PLXNB2,borderline,0.2784588062738343,0.28866533128479194,0.7213930348258707,-0.010206525010957646,0.21888120514108567,227.9185638639374,0.9128870412844037,3488
GC9,GSM7990482,primary,200.0,TGFB1–TGFBR_MIN,complex,0.05796828946606089,0.060678516125292466,0.4527363184079602,-0.002710226659231575,0.8673023628365417,227.9185638639374,0.9128870412844037,3488
GC9,GSM7990482,primary,300.0,CCL2–CCR2,prespec,0.013903195702428305,0.014358681059964845,0.2935323383084577,-0.00045548535753654057,0.9737920137119133,227.9185638639374,0.9128870412844037,3488
GC9,GSM7990482,primary,300.0,C3–C3AR1,prespec,0.5214703338711769,0.5502915395702881,0.4228855721393035,-0.028821205699111174,0.7573274974268438,227.9185638639374,0.9128870412844037,3488
GC9,GSM7990482,primary,300.0,SPP1–CD44,prespec,0.24222017450765368,0.293544996982387,0.5174129353233831,-0.05132482247473333,0.07504461913060397,227.9185638639374,0.9128870412844037,3488
GC9,GSM7990482,primary,300.0,TGFB1–TGFBR1,prespec,0.10919159284839805,0.1150262386917597,0.5223880597014925,-0.005834645843361644,0.7702336126521065,227.9185638639374,0.9128870412844037,3488
GC9,GSM7990482,primary,300.0,TGFB1–TGFBR2,prespec,0.3012317570124461,0.31528256058109533,0.42786069651741293,-0.01405080356864924,0.4858340793375246,227.9185638639374,0.9128870412844037,3488
GC9,GSM7990482,primary,300.0,APP–CD74,borderline,3.59697868106268,3.6025428796590253,0.12935323383084577,-0.005564198596345271,0.005849275765226717,227.9185638639374,0.9128870412844037,3488
GC9,GSM7990482,primary,300.0,CD99–CD99,borderline,1.2632522335761711,1.307208313864211,0.3681592039800995,-0.04395608028803988,0.24528437375808465,227.9185638639374,0.9128870412844037,3488
GC9,GSM7990482,primary,300.0,SEMA4D–PLXNB2,borderline,0.27942459496101485,0.28889813728428826,0.582089552238806,-0.00947354232327341,0.20640610418549696,227.9185638639374,0.9128870412844037,3488
GC9,GSM7990482,primary,300.0,TGFB1–TGFBR_MIN,complex,0.05761071648228441,0.06074607470155047,0.527363184079602,-0.0031353582192660545,0.8669520339962894,227.9185638639374,0.9128870412844037,3488
